Importing from CSV file ../../data/synthetic.csv
Scanned 2000 events from "../../data/synthetic.csv".
--------------------------------------------------------------------------------
Number of events:		2000
Number of cases:		1000
--------------------------------------------------------------------------------
variant=sa, T0=10, 
@@case_index
@@index
case:concept:name
case:customer_type
concept:name
month
org:resource
org:role
time:timestamp
weekday
year
#events:	2000
#cases:	1000
#res.:	20
#res-events:	2000
#td.:	4
#tdv.:	6
#NC tdv. all:	4
#NC tdv. observed:	4
Use only 2000 events with resource information recorded.
Initialize using method `zero`... Testing 1 combinations
	100% tested, covering 100% events.
Initialization completed with method "zero".
Start simulated annealing search with size_neighborhood=4, T0=10, Tmin=0.0003, alpha=0.95, restart_interval=50:
Step [1]	propose "split" on `concept:name`
	Current temperature:	10.000
	Current #nodes: 1
	Current energy: 0.000000
		> Current dispersal: 0.000000
		> Current impurity: 1.000000
	----------------------------------------
	Neighbor #nodes: 2
	Neighbor energy: 0.000000
		> Neighbor dispersal: 0.505051
		> Neighbor impurity: 1.000000
	----------------------------------------
	Probability of moving: 1.0
			>>> MOVE TO NEIGHBOR
Step [1]	propose "split" on `case:customer_type`
	Current temperature:	10.000
	Current #nodes: 2
	Current energy: 0.000000
		> Current dispersal: 0.505051
		> Current impurity: 1.000000
	----------------------------------------
	Neighbor #nodes: 4
	Neighbor energy: -0.353372
		> Neighbor dispersal: 0.252525
		> Neighbor impurity: 0.768622
	----------------------------------------
	Current best state @ step [1]
	Current best state #nodes: 2
	Current best state energy: 0.000000
		> Current best state dispersal: 0.505051
		> Current best state impurity: 1.000000
	Probability of moving: 1.0
			>>> MOVE TO NEIGHBOR
Step [1]	propose "merge" on `case:customer_type`
	Current temperature:	10.000
	Current #nodes: 4
	Current energy: -0.353372
		> Current dispersal: 0.252525
		> Current impurity: 0.768622
	----------------------------------------
	Neighbor #nodes: 2
	Neighbor energy: 0.000000
		> Neighbor dispersal: 0.505051
		> Neighbor impurity: 1.000000
	----------------------------------------
	Current best state @ step [1]
	Current best state #nodes: 4
	Current best state energy: -0.353372
		> Current best state dispersal: 0.252525
		> Current best state impurity: 0.768622
	Probability of moving: 0.9652799168783317
			>>> MOVE TO NEIGHBOR
Step [1]	propose "merge" on `concept:name`
	Current temperature:	10.000
	Current #nodes: 2
	Current energy: 0.000000
		> Current dispersal: 0.505051
		> Current impurity: 1.000000
	----------------------------------------
	Neighbor #nodes: 1
	Neighbor energy: 0.000000
		> Neighbor dispersal: 0.000000
		> Neighbor impurity: 1.000000
	----------------------------------------
	Current best state @ step [1]
	Current best state #nodes: 4
	Current best state energy: -0.353372
		> Current best state dispersal: 0.252525
		> Current best state impurity: 0.768622
	Probability of moving: 1.0
			>>> MOVE TO NEIGHBOR
Step [2]	propose "split" on `concept:name`
	Current temperature:	9.500
	Current #nodes: 1
	Current energy: 0.000000
		> Current dispersal: 0.000000
		> Current impurity: 1.000000
	----------------------------------------
	Neighbor #nodes: 2
	Neighbor energy: 0.000000
		> Neighbor dispersal: 0.505051
		> Neighbor impurity: 1.000000
	----------------------------------------
	Current best state @ step [1]
	Current best state #nodes: 4
	Current best state energy: -0.353372
		> Current best state dispersal: 0.252525
		> Current best state impurity: 0.768622
	Probability of moving: 1.0
			>>> MOVE TO NEIGHBOR
Step [2]	propose "merge" on `concept:name`
	Current temperature:	9.500
	Current #nodes: 2
	Current energy: 0.000000
		> Current dispersal: 0.505051
		> Current impurity: 1.000000
	----------------------------------------
	Neighbor #nodes: 1
	Neighbor energy: 0.000000
		> Neighbor dispersal: 0.000000
		> Neighbor impurity: 1.000000
	----------------------------------------
	Current best state @ step [1]
	Current best state #nodes: 4
	Current best state energy: -0.353372
		> Current best state dispersal: 0.252525
		> Current best state impurity: 0.768622
	Probability of moving: 1.0
			>>> MOVE TO NEIGHBOR
Step [2]	propose "split" on `concept:name`
	Current temperature:	9.500
	Current #nodes: 1
	Current energy: 0.000000
		> Current dispersal: 0.000000
		> Current impurity: 1.000000
	----------------------------------------
	Neighbor #nodes: 2
	Neighbor energy: 0.000000
		> Neighbor dispersal: 0.505051
		> Neighbor impurity: 1.000000
	----------------------------------------
	Current best state @ step [1]
	Current best state #nodes: 4
	Current best state energy: -0.353372
		> Current best state dispersal: 0.252525
		> Current best state impurity: 0.768622
	Probability of moving: 1.0
			>>> MOVE TO NEIGHBOR
Step [2]	propose "merge" on `concept:name`
	Current temperature:	9.500
	Current #nodes: 2
	Current energy: 0.000000
		> Current dispersal: 0.505051
		> Current impurity: 1.000000
	----------------------------------------
	Neighbor #nodes: 1
	Neighbor energy: 0.000000
		> Neighbor dispersal: 0.000000
		> Neighbor impurity: 1.000000
	----------------------------------------
	Current best state @ step [1]
	Current best state #nodes: 4
	Current best state energy: -0.353372
		> Current best state dispersal: 0.252525
		> Current best state impurity: 0.768622
	Probability of moving: 1.0
			>>> MOVE TO NEIGHBOR
Step [3]	propose "split" on `case:customer_type`
	Current temperature:	9.025
	Current #nodes: 1
	Current energy: 0.000000
		> Current dispersal: 0.000000
		> Current impurity: 1.000000
	----------------------------------------
	Neighbor #nodes: 2
	Neighbor energy: -0.375804
		> Neighbor dispersal: 0.000000
		> Neighbor impurity: 0.768622
	----------------------------------------
	Current best state @ step [1]
	Current best state #nodes: 4
	Current best state energy: -0.353372
		> Current best state dispersal: 0.252525
		> Current best state impurity: 0.768622
	Probability of moving: 1.0
			>>> MOVE TO NEIGHBOR
Step [3]	propose "split" on `concept:name`
	Current temperature:	9.025
	Current #nodes: 2
	Current energy: -0.375804
		> Current dispersal: 0.000000
		> Current impurity: 0.768622
	----------------------------------------
	Neighbor #nodes: 4
	Neighbor energy: -0.353372
		> Neighbor dispersal: 0.252525
		> Neighbor impurity: 0.768622
	----------------------------------------
	Current best state @ step [3]
	Current best state #nodes: 2
	Current best state energy: -0.375804
		> Current best state dispersal: 0.000000
		> Current best state impurity: 0.768622
	Probability of moving: 0.9975175301595488
			>>> MOVE TO NEIGHBOR
Step [3]	propose "merge" on `case:customer_type`
	Current temperature:	9.025
	Current #nodes: 4
	Current energy: -0.353372
		> Current dispersal: 0.252525
		> Current impurity: 0.768622
	----------------------------------------
	Neighbor #nodes: 2
	Neighbor energy: 0.000000
		> Neighbor dispersal: 0.505051
		> Neighbor impurity: 1.000000
	----------------------------------------
	Current best state @ step [3]
	Current best state #nodes: 2
	Current best state energy: -0.375804
		> Current best state dispersal: 0.000000
		> Current best state impurity: 0.768622
	Probability of moving: 0.9616019019645643
			>>> MOVE TO NEIGHBOR
Step [3]	propose "merge" on `concept:name`
	Current temperature:	9.025
	Current #nodes: 2
	Current energy: 0.000000
		> Current dispersal: 0.505051
		> Current impurity: 1.000000
	----------------------------------------
	Neighbor #nodes: 1
	Neighbor energy: 0.000000
		> Neighbor dispersal: 0.000000
		> Neighbor impurity: 1.000000
	----------------------------------------
	Current best state @ step [3]
	Current best state #nodes: 2
	Current best state energy: -0.375804
		> Current best state dispersal: 0.000000
		> Current best state impurity: 0.768622
	Probability of moving: 1.0
			>>> MOVE TO NEIGHBOR
Step [4]	propose "split" on `concept:name`
	Current temperature:	8.574
	Current #nodes: 1
	Current energy: 0.000000
		> Current dispersal: 0.000000
		> Current impurity: 1.000000
	----------------------------------------
	Neighbor #nodes: 2
	Neighbor energy: 0.000000
		> Neighbor dispersal: 0.505051
		> Neighbor impurity: 1.000000
	----------------------------------------
	Current best state @ step [3]
	Current best state #nodes: 2
	Current best state energy: -0.375804
		> Current best state dispersal: 0.000000
		> Current best state impurity: 0.768622
	Probability of moving: 1.0
			>>> MOVE TO NEIGHBOR
Step [4]	propose "split" on `case:customer_type`
	Current temperature:	8.574
	Current #nodes: 2
	Current energy: 0.000000
		> Current dispersal: 0.505051
		> Current impurity: 1.000000
	----------------------------------------
	Neighbor #nodes: 4
	Neighbor energy: -0.353372
		> Neighbor dispersal: 0.252525
		> Neighbor impurity: 0.768622
	----------------------------------------
	Current best state @ step [3]
	Current best state #nodes: 2
	Current best state energy: -0.375804
		> Current best state dispersal: 0.000000
		> Current best state impurity: 0.768622
	Probability of moving: 1.0
			>>> MOVE TO NEIGHBOR
Step [4]	propose "merge" on `concept:name`
	Current temperature:	8.574
	Current #nodes: 4
	Current energy: -0.353372
		> Current dispersal: 0.252525
		> Current impurity: 0.768622
	----------------------------------------
	Neighbor #nodes: 2
	Neighbor energy: -0.375804
		> Neighbor dispersal: 0.000000
		> Neighbor impurity: 0.768622
	----------------------------------------
	Current best state @ step [3]
	Current best state #nodes: 2
	Current best state energy: -0.375804
		> Current best state dispersal: 0.000000
		> Current best state impurity: 0.768622
	Probability of moving: 1.0
			>>> MOVE TO NEIGHBOR
Step [4]	propose "split" on `concept:name`
	Current temperature:	8.574
	Current #nodes: 2
	Current energy: -0.375804
		> Current dispersal: 0.000000
		> Current impurity: 0.768622
	----------------------------------------
	Neighbor #nodes: 4
	Neighbor energy: -0.353372
		> Neighbor dispersal: 0.252525
		> Neighbor impurity: 0.768622
	----------------------------------------
	Current best state @ step [3]
	Current best state #nodes: 2
	Current best state energy: -0.375804
		> Current best state dispersal: 0.000000
		> Current best state impurity: 0.768622
	Probability of moving: 0.9973870446968518
			>>> MOVE TO NEIGHBOR
Step [5]	propose "merge" on `concept:name`
	Current temperature:	8.145
	Current #nodes: 4
	Current energy: -0.353372
		> Current dispersal: 0.252525
		> Current impurity: 0.768622
	----------------------------------------
	Neighbor #nodes: 2
	Neighbor energy: -0.375804
		> Neighbor dispersal: 0.000000
		> Neighbor impurity: 0.768622
	----------------------------------------
	Current best state @ step [3]
	Current best state #nodes: 2
	Current best state energy: -0.375804
		> Current best state dispersal: 0.000000
		> Current best state impurity: 0.768622
	Probability of moving: 1.0
			>>> MOVE TO NEIGHBOR
Step [5]	propose "split" on `concept:name`
	Current temperature:	8.145
	Current #nodes: 2
	Current energy: -0.375804
		> Current dispersal: 0.000000
		> Current impurity: 0.768622
	----------------------------------------
	Neighbor #nodes: 4
	Neighbor energy: -0.353372
		> Neighbor dispersal: 0.252525
		> Neighbor impurity: 0.768622
	----------------------------------------
	Current best state @ step [3]
	Current best state #nodes: 2
	Current best state energy: -0.375804
		> Current best state dispersal: 0.000000
		> Current best state impurity: 0.768622
	Probability of moving: 0.99724971001819
			>>> MOVE TO NEIGHBOR
Step [5]	propose "merge" on `case:customer_type`
	Current temperature:	8.145
	Current #nodes: 4
	Current energy: -0.353372
		> Current dispersal: 0.252525
		> Current impurity: 0.768622
	----------------------------------------
	Neighbor #nodes: 2
	Neighbor energy: 0.000000
		> Neighbor dispersal: 0.505051
		> Neighbor impurity: 1.000000
	----------------------------------------
	Current best state @ step [3]
	Current best state #nodes: 2
	Current best state energy: -0.375804
		> Current best state dispersal: 0.000000
		> Current best state impurity: 0.768622
	Probability of moving: 0.9575429041149566
			>>> MOVE TO NEIGHBOR
Step [5]	propose "merge" on `concept:name`
	Current temperature:	8.145
	Current #nodes: 2
	Current energy: 0.000000
		> Current dispersal: 0.505051
		> Current impurity: 1.000000
	----------------------------------------
	Neighbor #nodes: 1
	Neighbor energy: 0.000000
		> Neighbor dispersal: 0.000000
		> Neighbor impurity: 1.000000
	----------------------------------------
	Current best state @ step [3]
	Current best state #nodes: 2
	Current best state energy: -0.375804
		> Current best state dispersal: 0.000000
		> Current best state impurity: 0.768622
	Probability of moving: 1.0
			>>> MOVE TO NEIGHBOR
Step [6]	propose "split" on `case:customer_type`
	Current temperature:	7.738
	Current #nodes: 1
	Current energy: 0.000000
		> Current dispersal: 0.000000
		> Current impurity: 1.000000
	----------------------------------------
	Neighbor #nodes: 2
	Neighbor energy: -0.375804
		> Neighbor dispersal: 0.000000
		> Neighbor impurity: 0.768622
	----------------------------------------
	Current best state @ step [3]
	Current best state #nodes: 2
	Current best state energy: -0.375804
		> Current best state dispersal: 0.000000
		> Current best state impurity: 0.768622
	Probability of moving: 1.0
			>>> MOVE TO NEIGHBOR
Step [6]	propose "split" on `concept:name`
	Current temperature:	7.738
	Current #nodes: 2
	Current energy: -0.375804
		> Current dispersal: 0.000000
		> Current impurity: 0.768622
	----------------------------------------
	Neighbor #nodes: 4
	Neighbor energy: -0.353372
		> Neighbor dispersal: 0.252525
		> Neighbor impurity: 0.768622
	----------------------------------------
	Current best state @ step [3]
	Current best state #nodes: 2
	Current best state energy: -0.375804
		> Current best state dispersal: 0.000000
		> Current best state impurity: 0.768622
	Probability of moving: 0.9971051676278262
			>>> MOVE TO NEIGHBOR
Step [6]	propose "merge" on `concept:name`
	Current temperature:	7.738
	Current #nodes: 4
	Current energy: -0.353372
		> Current dispersal: 0.252525
		> Current impurity: 0.768622
	----------------------------------------
	Neighbor #nodes: 2
	Neighbor energy: -0.375804
		> Neighbor dispersal: 0.000000
		> Neighbor impurity: 0.768622
	----------------------------------------
	Current best state @ step [3]
	Current best state #nodes: 2
	Current best state energy: -0.375804
		> Current best state dispersal: 0.000000
		> Current best state impurity: 0.768622
	Probability of moving: 1.0
			>>> MOVE TO NEIGHBOR
Step [6]	propose "merge" on `case:customer_type`
	Current temperature:	7.738
	Current #nodes: 2
	Current energy: -0.375804
		> Current dispersal: 0.000000
		> Current impurity: 0.768622
	----------------------------------------
	Neighbor #nodes: 1
	Neighbor energy: 0.000000
		> Neighbor dispersal: 0.000000
		> Neighbor impurity: 1.000000
	----------------------------------------
	Current best state @ step [3]
	Current best state #nodes: 2
	Current best state energy: -0.375804
		> Current best state dispersal: 0.000000
		> Current best state impurity: 0.768622
	Probability of moving: 0.9525933334782747
			>>> MOVE TO NEIGHBOR
Step [7]	propose "split" on `concept:name`
	Current temperature:	7.351
	Current #nodes: 1
	Current energy: 0.000000
		> Current dispersal: 0.000000
		> Current impurity: 1.000000
	----------------------------------------
	Neighbor #nodes: 2
	Neighbor energy: 0.000000
		> Neighbor dispersal: 0.505051
		> Neighbor impurity: 1.000000
	----------------------------------------
	Current best state @ step [3]
	Current best state #nodes: 2
	Current best state energy: -0.375804
		> Current best state dispersal: 0.000000
		> Current best state impurity: 0.768622
	Probability of moving: 1.0
			>>> MOVE TO NEIGHBOR
Step [7]	propose "merge" on `concept:name`
	Current temperature:	7.351
	Current #nodes: 2
	Current energy: 0.000000
		> Current dispersal: 0.505051
		> Current impurity: 1.000000
	----------------------------------------
	Neighbor #nodes: 1
	Neighbor energy: 0.000000
		> Neighbor dispersal: 0.000000
		> Neighbor impurity: 1.000000
	----------------------------------------
	Current best state @ step [3]
	Current best state #nodes: 2
	Current best state energy: -0.375804
		> Current best state dispersal: 0.000000
		> Current best state impurity: 0.768622
	Probability of moving: 1.0
			>>> MOVE TO NEIGHBOR
Step [7]	propose "split" on `case:customer_type`
	Current temperature:	7.351
	Current #nodes: 1
	Current energy: 0.000000
		> Current dispersal: 0.000000
		> Current impurity: 1.000000
	----------------------------------------
	Neighbor #nodes: 2
	Neighbor energy: -0.375804
		> Neighbor dispersal: 0.000000
		> Neighbor impurity: 0.768622
	----------------------------------------
	Current best state @ step [3]
	Current best state #nodes: 2
	Current best state energy: -0.375804
		> Current best state dispersal: 0.000000
		> Current best state impurity: 0.768622
	Probability of moving: 1.0
			>>> MOVE TO NEIGHBOR
Step [7]	propose "split" on `concept:name`
	Current temperature:	7.351
	Current #nodes: 2
	Current energy: -0.375804
		> Current dispersal: 0.000000
		> Current impurity: 0.768622
	----------------------------------------
	Neighbor #nodes: 4
	Neighbor energy: -0.353372
		> Neighbor dispersal: 0.252525
		> Neighbor impurity: 0.768622
	----------------------------------------
	Current best state @ step [3]
	Current best state #nodes: 2
	Current best state energy: -0.375804
		> Current best state dispersal: 0.000000
		> Current best state impurity: 0.768622
	Probability of moving: 0.9969530403762705
			>>> MOVE TO NEIGHBOR
Step [8]	propose "merge" on `concept:name`
	Current temperature:	6.983
	Current #nodes: 4
	Current energy: -0.353372
		> Current dispersal: 0.252525
		> Current impurity: 0.768622
	----------------------------------------
	Neighbor #nodes: 2
	Neighbor energy: -0.375804
		> Neighbor dispersal: 0.000000
		> Neighbor impurity: 0.768622
	----------------------------------------
	Current best state @ step [3]
	Current best state #nodes: 2
	Current best state energy: -0.375804
		> Current best state dispersal: 0.000000
		> Current best state impurity: 0.768622
	Probability of moving: 1.0
			>>> MOVE TO NEIGHBOR
Step [8]	propose "merge" on `case:customer_type`
	Current temperature:	6.983
	Current #nodes: 2
	Current energy: -0.375804
		> Current dispersal: 0.000000
		> Current impurity: 0.768622
	----------------------------------------
	Neighbor #nodes: 1
	Neighbor energy: 0.000000
		> Neighbor dispersal: 0.000000
		> Neighbor impurity: 1.000000
	----------------------------------------
	Current best state @ step [3]
	Current best state #nodes: 2
	Current best state energy: -0.375804
		> Current best state dispersal: 0.000000
		> Current best state impurity: 0.768622
	Probability of moving: 0.9476082886923146
			>>> MOVE TO NEIGHBOR
Step [8]	propose "split" on `case:customer_type`
	Current temperature:	6.983
	Current #nodes: 1
	Current energy: 0.000000
		> Current dispersal: 0.000000
		> Current impurity: 1.000000
	----------------------------------------
	Neighbor #nodes: 2
	Neighbor energy: -0.375804
		> Neighbor dispersal: 0.000000
		> Neighbor impurity: 0.768622
	----------------------------------------
	Current best state @ step [3]
	Current best state #nodes: 2
	Current best state energy: -0.375804
		> Current best state dispersal: 0.000000
		> Current best state impurity: 0.768622
	Probability of moving: 1.0
			>>> MOVE TO NEIGHBOR
Step [8]	propose "split" on `concept:name`
	Current temperature:	6.983
	Current #nodes: 2
	Current energy: -0.375804
		> Current dispersal: 0.000000
		> Current impurity: 0.768622
	----------------------------------------
	Neighbor #nodes: 4
	Neighbor energy: -0.353372
		> Neighbor dispersal: 0.252525
		> Neighbor impurity: 0.768622
	----------------------------------------
	Current best state @ step [3]
	Current best state #nodes: 2
	Current best state energy: -0.375804
		> Current best state dispersal: 0.000000
		> Current best state impurity: 0.768622
	Probability of moving: 0.9967929315015931
			>>> MOVE TO NEIGHBOR
Step [9]	propose "merge" on `case:customer_type`
	Current temperature:	6.634
	Current #nodes: 4
	Current energy: -0.353372
		> Current dispersal: 0.252525
		> Current impurity: 0.768622
	----------------------------------------
	Neighbor #nodes: 2
	Neighbor energy: 0.000000
		> Neighbor dispersal: 0.505051
		> Neighbor impurity: 1.000000
	----------------------------------------
	Current best state @ step [3]
	Current best state #nodes: 2
	Current best state energy: -0.375804
		> Current best state dispersal: 0.000000
		> Current best state impurity: 0.768622
	Probability of moving: 0.9481286377140694
			>>> MOVE TO NEIGHBOR
Step [9]	propose "merge" on `concept:name`
	Current temperature:	6.634
	Current #nodes: 2
	Current energy: 0.000000
		> Current dispersal: 0.505051
		> Current impurity: 1.000000
	----------------------------------------
	Neighbor #nodes: 1
	Neighbor energy: 0.000000
		> Neighbor dispersal: 0.000000
		> Neighbor impurity: 1.000000
	----------------------------------------
	Current best state @ step [3]
	Current best state #nodes: 2
	Current best state energy: -0.375804
		> Current best state dispersal: 0.000000
		> Current best state impurity: 0.768622
	Probability of moving: 1.0
			>>> MOVE TO NEIGHBOR
Step [9]	propose "split" on `case:customer_type`
	Current temperature:	6.634
	Current #nodes: 1
	Current energy: 0.000000
		> Current dispersal: 0.000000
		> Current impurity: 1.000000
	----------------------------------------
	Neighbor #nodes: 2
	Neighbor energy: -0.375804
		> Neighbor dispersal: 0.000000
		> Neighbor impurity: 0.768622
	----------------------------------------
	Current best state @ step [3]
	Current best state #nodes: 2
	Current best state energy: -0.375804
		> Current best state dispersal: 0.000000
		> Current best state impurity: 0.768622
	Probability of moving: 1.0
			>>> MOVE TO NEIGHBOR
Step [9]	propose "split" on `concept:name`
	Current temperature:	6.634
	Current #nodes: 2
	Current energy: -0.375804
		> Current dispersal: 0.000000
		> Current impurity: 0.768622
	----------------------------------------
	Neighbor #nodes: 4
	Neighbor energy: -0.353372
		> Neighbor dispersal: 0.252525
		> Neighbor impurity: 0.768622
	----------------------------------------
	Current best state @ step [3]
	Current best state #nodes: 2
	Current best state energy: -0.375804
		> Current best state dispersal: 0.000000
		> Current best state impurity: 0.768622
	Probability of moving: 0.9966244236227617
			>>> MOVE TO NEIGHBOR
Step [10]	propose "merge" on `case:customer_type`
	Current temperature:	6.302
	Current #nodes: 4
	Current energy: -0.353372
		> Current dispersal: 0.252525
		> Current impurity: 0.768622
	----------------------------------------
	Neighbor #nodes: 2
	Neighbor energy: 0.000000
		> Neighbor dispersal: 0.505051
		> Neighbor impurity: 1.000000
	----------------------------------------
	Current best state @ step [3]
	Current best state #nodes: 2
	Current best state energy: -0.375804
		> Current best state dispersal: 0.000000
		> Current best state impurity: 0.768622
	Probability of moving: 0.9454743516180767
			>>> MOVE TO NEIGHBOR
Step [10]	propose "split" on `case:customer_type`
	Current temperature:	6.302
	Current #nodes: 2
	Current energy: 0.000000
		> Current dispersal: 0.505051
		> Current impurity: 1.000000
	----------------------------------------
	Neighbor #nodes: 4
	Neighbor energy: -0.353372
		> Neighbor dispersal: 0.252525
		> Neighbor impurity: 0.768622
	----------------------------------------
	Current best state @ step [3]
	Current best state #nodes: 2
	Current best state energy: -0.375804
		> Current best state dispersal: 0.000000
		> Current best state impurity: 0.768622
	Probability of moving: 1.0
			>>> MOVE TO NEIGHBOR
Step [10]	propose "merge" on `concept:name`
	Current temperature:	6.302
	Current #nodes: 4
	Current energy: -0.353372
		> Current dispersal: 0.252525
		> Current impurity: 0.768622
	----------------------------------------
	Neighbor #nodes: 2
	Neighbor energy: -0.375804
		> Neighbor dispersal: 0.000000
		> Neighbor impurity: 0.768622
	----------------------------------------
	Current best state @ step [3]
	Current best state #nodes: 2
	Current best state energy: -0.375804
		> Current best state dispersal: 0.000000
		> Current best state impurity: 0.768622
	Probability of moving: 1.0
			>>> MOVE TO NEIGHBOR
Step [10]	propose "split" on `concept:name`
	Current temperature:	6.302
	Current #nodes: 2
	Current energy: -0.375804
		> Current dispersal: 0.000000
		> Current impurity: 0.768622
	----------------------------------------
	Neighbor #nodes: 4
	Neighbor energy: -0.353372
		> Neighbor dispersal: 0.252525
		> Neighbor impurity: 0.768622
	----------------------------------------
	Current best state @ step [3]
	Current best state #nodes: 2
	Current best state energy: -0.375804
		> Current best state dispersal: 0.000000
		> Current best state impurity: 0.768622
	Probability of moving: 0.9964470776827439
			>>> MOVE TO NEIGHBOR
Step [11]	propose "merge" on `concept:name`
	Current temperature:	5.987
	Current #nodes: 4
	Current energy: -0.353372
		> Current dispersal: 0.252525
		> Current impurity: 0.768622
	----------------------------------------
	Neighbor #nodes: 2
	Neighbor energy: -0.375804
		> Neighbor dispersal: 0.000000
		> Neighbor impurity: 0.768622
	----------------------------------------
	Current best state @ step [3]
	Current best state #nodes: 2
	Current best state energy: -0.375804
		> Current best state dispersal: 0.000000
		> Current best state impurity: 0.768622
	Probability of moving: 1.0
			>>> MOVE TO NEIGHBOR
Step [11]	propose "merge" on `case:customer_type`
	Current temperature:	5.987
	Current #nodes: 2
	Current energy: -0.375804
		> Current dispersal: 0.000000
		> Current impurity: 0.768622
	----------------------------------------
	Neighbor #nodes: 1
	Neighbor energy: 0.000000
		> Neighbor dispersal: 0.000000
		> Neighbor impurity: 1.000000
	----------------------------------------
	Current best state @ step [3]
	Current best state #nodes: 2
	Current best state energy: -0.375804
		> Current best state dispersal: 0.000000
		> Current best state impurity: 0.768622
	Probability of moving: 0.9391631459552446
			>>> MOVE TO NEIGHBOR
Step [11]	propose "split" on `case:customer_type`
	Current temperature:	5.987
	Current #nodes: 1
	Current energy: 0.000000
		> Current dispersal: 0.000000
		> Current impurity: 1.000000
	----------------------------------------
	Neighbor #nodes: 2
	Neighbor energy: -0.375804
		> Neighbor dispersal: 0.000000
		> Neighbor impurity: 0.768622
	----------------------------------------
	Current best state @ step [3]
	Current best state #nodes: 2
	Current best state energy: -0.375804
		> Current best state dispersal: 0.000000
		> Current best state impurity: 0.768622
	Probability of moving: 1.0
			>>> MOVE TO NEIGHBOR
Step [11]	propose "split" on `concept:name`
	Current temperature:	5.987
	Current #nodes: 2
	Current energy: -0.375804
		> Current dispersal: 0.000000
		> Current impurity: 0.768622
	----------------------------------------
	Neighbor #nodes: 4
	Neighbor energy: -0.353372
		> Neighbor dispersal: 0.252525
		> Neighbor impurity: 0.768622
	----------------------------------------
	Current best state @ step [3]
	Current best state #nodes: 2
	Current best state energy: -0.375804
		> Current best state dispersal: 0.000000
		> Current best state impurity: 0.768622
	Probability of moving: 0.9962604318390248
			>>> MOVE TO NEIGHBOR
Step [12]	propose "merge" on `case:customer_type`
	Current temperature:	5.688
	Current #nodes: 4
	Current energy: -0.353372
		> Current dispersal: 0.252525
		> Current impurity: 0.768622
	----------------------------------------
	Neighbor #nodes: 2
	Neighbor energy: 0.000000
		> Neighbor dispersal: 0.505051
		> Neighbor impurity: 1.000000
	----------------------------------------
	Current best state @ step [3]
	Current best state #nodes: 2
	Current best state energy: -0.375804
		> Current best state dispersal: 0.000000
		> Current best state impurity: 0.768622
	Probability of moving: 0.9397646740965782
Step [12]	propose "merge" on `case:customer_type`
	Current temperature:	5.688
	Current #nodes: 4
	Current energy: -0.353372
		> Current dispersal: 0.252525
		> Current impurity: 0.768622
	----------------------------------------
	Neighbor #nodes: 2
	Neighbor energy: 0.000000
		> Neighbor dispersal: 0.505051
		> Neighbor impurity: 1.000000
	----------------------------------------
	Current best state @ step [3]
	Current best state #nodes: 2
	Current best state energy: -0.375804
		> Current best state dispersal: 0.000000
		> Current best state impurity: 0.768622
	Probability of moving: 0.9397646740965782
			>>> MOVE TO NEIGHBOR
Step [12]	propose "split" on `case:customer_type`
	Current temperature:	5.688
	Current #nodes: 2
	Current energy: 0.000000
		> Current dispersal: 0.505051
		> Current impurity: 1.000000
	----------------------------------------
	Neighbor #nodes: 4
	Neighbor energy: -0.353372
		> Neighbor dispersal: 0.252525
		> Neighbor impurity: 0.768622
	----------------------------------------
	Current best state @ step [3]
	Current best state #nodes: 2
	Current best state energy: -0.375804
		> Current best state dispersal: 0.000000
		> Current best state impurity: 0.768622
	Probability of moving: 1.0
			>>> MOVE TO NEIGHBOR
Step [12]	propose "merge" on `concept:name`
	Current temperature:	5.688
	Current #nodes: 4
	Current energy: -0.353372
		> Current dispersal: 0.252525
		> Current impurity: 0.768622
	----------------------------------------
	Neighbor #nodes: 2
	Neighbor energy: -0.375804
		> Neighbor dispersal: 0.000000
		> Neighbor impurity: 0.768622
	----------------------------------------
	Current best state @ step [3]
	Current best state #nodes: 2
	Current best state energy: -0.375804
		> Current best state dispersal: 0.000000
		> Current best state impurity: 0.768622
	Probability of moving: 1.0
			>>> MOVE TO NEIGHBOR
Step [13]	propose "merge" on `case:customer_type`
	Current temperature:	5.404
	Current #nodes: 2
	Current energy: -0.375804
		> Current dispersal: 0.000000
		> Current impurity: 0.768622
	----------------------------------------
	Neighbor #nodes: 1
	Neighbor energy: 0.000000
		> Neighbor dispersal: 0.000000
		> Neighbor impurity: 1.000000
	----------------------------------------
	Current best state @ step [3]
	Current best state #nodes: 2
	Current best state energy: -0.375804
		> Current best state dispersal: 0.000000
		> Current best state impurity: 0.768622
	Probability of moving: 0.9328163902424492
			>>> MOVE TO NEIGHBOR
Step [13]	propose "split" on `case:customer_type`
	Current temperature:	5.404
	Current #nodes: 1
	Current energy: 0.000000
		> Current dispersal: 0.000000
		> Current impurity: 1.000000
	----------------------------------------
	Neighbor #nodes: 2
	Neighbor energy: -0.375804
		> Neighbor dispersal: 0.000000
		> Neighbor impurity: 0.768622
	----------------------------------------
	Current best state @ step [3]
	Current best state #nodes: 2
	Current best state energy: -0.375804
		> Current best state dispersal: 0.000000
		> Current best state impurity: 0.768622
	Probability of moving: 1.0
			>>> MOVE TO NEIGHBOR
Step [13]	propose "merge" on `case:customer_type`
	Current temperature:	5.404
	Current #nodes: 2
	Current energy: -0.375804
		> Current dispersal: 0.000000
		> Current impurity: 0.768622
	----------------------------------------
	Neighbor #nodes: 1
	Neighbor energy: 0.000000
		> Neighbor dispersal: 0.000000
		> Neighbor impurity: 1.000000
	----------------------------------------
	Current best state @ step [3]
	Current best state #nodes: 2
	Current best state energy: -0.375804
		> Current best state dispersal: 0.000000
		> Current best state impurity: 0.768622
	Probability of moving: 0.9328163902424492
			>>> MOVE TO NEIGHBOR
Step [13]	propose "split" on `case:customer_type`
	Current temperature:	5.404
	Current #nodes: 1
	Current energy: 0.000000
		> Current dispersal: 0.000000
		> Current impurity: 1.000000
	----------------------------------------
	Neighbor #nodes: 2
	Neighbor energy: -0.375804
		> Neighbor dispersal: 0.000000
		> Neighbor impurity: 0.768622
	----------------------------------------
	Current best state @ step [3]
	Current best state #nodes: 2
	Current best state energy: -0.375804
		> Current best state dispersal: 0.000000
		> Current best state impurity: 0.768622
	Probability of moving: 1.0
			>>> MOVE TO NEIGHBOR
Step [14]	propose "merge" on `case:customer_type`
	Current temperature:	5.133
	Current #nodes: 2
	Current energy: -0.375804
		> Current dispersal: 0.000000
		> Current impurity: 0.768622
	----------------------------------------
	Neighbor #nodes: 1
	Neighbor energy: 0.000000
		> Neighbor dispersal: 0.000000
		> Neighbor impurity: 1.000000
	----------------------------------------
	Current best state @ step [3]
	Current best state #nodes: 2
	Current best state energy: -0.375804
		> Current best state dispersal: 0.000000
		> Current best state impurity: 0.768622
	Probability of moving: 0.9294081853000483
			>>> MOVE TO NEIGHBOR
Step [14]	propose "split" on `concept:name`
	Current temperature:	5.133
	Current #nodes: 1
	Current energy: 0.000000
		> Current dispersal: 0.000000
		> Current impurity: 1.000000
	----------------------------------------
	Neighbor #nodes: 2
	Neighbor energy: 0.000000
		> Neighbor dispersal: 0.505051
		> Neighbor impurity: 1.000000
	----------------------------------------
	Current best state @ step [3]
	Current best state #nodes: 2
	Current best state energy: -0.375804
		> Current best state dispersal: 0.000000
		> Current best state impurity: 0.768622
	Probability of moving: 1.0
			>>> MOVE TO NEIGHBOR
Step [14]	propose "split" on `case:customer_type`
	Current temperature:	5.133
	Current #nodes: 2
	Current energy: 0.000000
		> Current dispersal: 0.505051
		> Current impurity: 1.000000
	----------------------------------------
	Neighbor #nodes: 4
	Neighbor energy: -0.353372
		> Neighbor dispersal: 0.252525
		> Neighbor impurity: 0.768622
	----------------------------------------
	Current best state @ step [3]
	Current best state #nodes: 2
	Current best state energy: -0.375804
		> Current best state dispersal: 0.000000
		> Current best state impurity: 0.768622
	Probability of moving: 1.0
			>>> MOVE TO NEIGHBOR
Step [14]	propose "merge" on `case:customer_type`
	Current temperature:	5.133
	Current #nodes: 4
	Current energy: -0.353372
		> Current dispersal: 0.252525
		> Current impurity: 0.768622
	----------------------------------------
	Neighbor #nodes: 2
	Neighbor energy: 0.000000
		> Neighbor dispersal: 0.505051
		> Neighbor impurity: 1.000000
	----------------------------------------
	Current best state @ step [3]
	Current best state #nodes: 2
	Current best state energy: -0.375804
		> Current best state dispersal: 0.000000
		> Current best state impurity: 0.768622
	Probability of moving: 0.9334784220990002
			>>> MOVE TO NEIGHBOR
Step [15]	propose "split" on `case:customer_type`
	Current temperature:	4.877
	Current #nodes: 2
	Current energy: 0.000000
		> Current dispersal: 0.505051
		> Current impurity: 1.000000
	----------------------------------------
	Neighbor #nodes: 4
	Neighbor energy: -0.353372
		> Neighbor dispersal: 0.252525
		> Neighbor impurity: 0.768622
	----------------------------------------
	Current best state @ step [3]
	Current best state #nodes: 2
	Current best state energy: -0.375804
		> Current best state dispersal: 0.000000
		> Current best state impurity: 0.768622
	Probability of moving: 1.0
			>>> MOVE TO NEIGHBOR
Step [15]	propose "merge" on `concept:name`
	Current temperature:	4.877
	Current #nodes: 4
	Current energy: -0.353372
		> Current dispersal: 0.252525
		> Current impurity: 0.768622
	----------------------------------------
	Neighbor #nodes: 2
	Neighbor energy: -0.375804
		> Neighbor dispersal: 0.000000
		> Neighbor impurity: 0.768622
	----------------------------------------
	Current best state @ step [3]
	Current best state #nodes: 2
	Current best state energy: -0.375804
		> Current best state dispersal: 0.000000
		> Current best state impurity: 0.768622
	Probability of moving: 1.0
			>>> MOVE TO NEIGHBOR
Step [15]	propose "split" on `concept:name`
	Current temperature:	4.877
	Current #nodes: 2
	Current energy: -0.375804
		> Current dispersal: 0.000000
		> Current impurity: 0.768622
	----------------------------------------
	Neighbor #nodes: 4
	Neighbor energy: -0.353372
		> Neighbor dispersal: 0.252525
		> Neighbor impurity: 0.768622
	----------------------------------------
	Current best state @ step [3]
	Current best state #nodes: 2
	Current best state energy: -0.375804
		> Current best state dispersal: 0.000000
		> Current best state impurity: 0.768622
	Probability of moving: 0.995410748239614
			>>> MOVE TO NEIGHBOR
Step [15]	propose "merge" on `concept:name`
	Current temperature:	4.877
	Current #nodes: 4
	Current energy: -0.353372
		> Current dispersal: 0.252525
		> Current impurity: 0.768622
	----------------------------------------
	Neighbor #nodes: 2
	Neighbor energy: -0.375804
		> Neighbor dispersal: 0.000000
		> Neighbor impurity: 0.768622
	----------------------------------------
	Current best state @ step [3]
	Current best state #nodes: 2
	Current best state energy: -0.375804
		> Current best state dispersal: 0.000000
		> Current best state impurity: 0.768622
	Probability of moving: 1.0
			>>> MOVE TO NEIGHBOR
Step [16]	propose "merge" on `case:customer_type`
	Current temperature:	4.633
	Current #nodes: 2
	Current energy: -0.375804
		> Current dispersal: 0.000000
		> Current impurity: 0.768622
	----------------------------------------
	Neighbor #nodes: 1
	Neighbor energy: 0.000000
		> Neighbor dispersal: 0.000000
		> Neighbor impurity: 1.000000
	----------------------------------------
	Current best state @ step [3]
	Current best state #nodes: 2
	Current best state energy: -0.375804
		> Current best state dispersal: 0.000000
		> Current best state impurity: 0.768622
	Probability of moving: 0.9220866564735541
			>>> MOVE TO NEIGHBOR
Step [16]	propose "split" on `case:customer_type`
	Current temperature:	4.633
	Current #nodes: 1
	Current energy: 0.000000
		> Current dispersal: 0.000000
		> Current impurity: 1.000000
	----------------------------------------
	Neighbor #nodes: 2
	Neighbor energy: -0.375804
		> Neighbor dispersal: 0.000000
		> Neighbor impurity: 0.768622
	----------------------------------------
	Current best state @ step [3]
	Current best state #nodes: 2
	Current best state energy: -0.375804
		> Current best state dispersal: 0.000000
		> Current best state impurity: 0.768622
	Probability of moving: 1.0
			>>> MOVE TO NEIGHBOR
Step [16]	propose "merge" on `case:customer_type`
	Current temperature:	4.633
	Current #nodes: 2
	Current energy: -0.375804
		> Current dispersal: 0.000000
		> Current impurity: 0.768622
	----------------------------------------
	Neighbor #nodes: 1
	Neighbor energy: 0.000000
		> Neighbor dispersal: 0.000000
		> Neighbor impurity: 1.000000
	----------------------------------------
	Current best state @ step [3]
	Current best state #nodes: 2
	Current best state energy: -0.375804
		> Current best state dispersal: 0.000000
		> Current best state impurity: 0.768622
	Probability of moving: 0.9220866564735541
			>>> MOVE TO NEIGHBOR
Step [16]	propose "split" on `concept:name`
	Current temperature:	4.633
	Current #nodes: 1
	Current energy: 0.000000
		> Current dispersal: 0.000000
		> Current impurity: 1.000000
	----------------------------------------
	Neighbor #nodes: 2
	Neighbor energy: 0.000000
		> Neighbor dispersal: 0.505051
		> Neighbor impurity: 1.000000
	----------------------------------------
	Current best state @ step [3]
	Current best state #nodes: 2
	Current best state energy: -0.375804
		> Current best state dispersal: 0.000000
		> Current best state impurity: 0.768622
	Probability of moving: 1.0
			>>> MOVE TO NEIGHBOR
Step [17]	propose "merge" on `concept:name`
	Current temperature:	4.401
	Current #nodes: 2
	Current energy: 0.000000
		> Current dispersal: 0.505051
		> Current impurity: 1.000000
	----------------------------------------
	Neighbor #nodes: 1
	Neighbor energy: 0.000000
		> Neighbor dispersal: 0.000000
		> Neighbor impurity: 1.000000
	----------------------------------------
	Current best state @ step [3]
	Current best state #nodes: 2
	Current best state energy: -0.375804
		> Current best state dispersal: 0.000000
		> Current best state impurity: 0.768622
	Probability of moving: 1.0
			>>> MOVE TO NEIGHBOR
Step [17]	propose "split" on `case:customer_type`
	Current temperature:	4.401
	Current #nodes: 1
	Current energy: 0.000000
		> Current dispersal: 0.000000
		> Current impurity: 1.000000
	----------------------------------------
	Neighbor #nodes: 2
	Neighbor energy: -0.375804
		> Neighbor dispersal: 0.000000
		> Neighbor impurity: 0.768622
	----------------------------------------
	Current best state @ step [3]
	Current best state #nodes: 2
	Current best state energy: -0.375804
		> Current best state dispersal: 0.000000
		> Current best state impurity: 0.768622
	Probability of moving: 1.0
			>>> MOVE TO NEIGHBOR
Step [17]	propose "split" on `concept:name`
	Current temperature:	4.401
	Current #nodes: 2
	Current energy: -0.375804
		> Current dispersal: 0.000000
		> Current impurity: 0.768622
	----------------------------------------
	Neighbor #nodes: 4
	Neighbor energy: -0.353372
		> Neighbor dispersal: 0.252525
		> Neighbor impurity: 0.768622
	----------------------------------------
	Current best state @ step [3]
	Current best state #nodes: 2
	Current best state energy: -0.375804
		> Current best state dispersal: 0.000000
		> Current best state impurity: 0.768622
	Probability of moving: 0.9949162187832363
			>>> MOVE TO NEIGHBOR
Step [17]	propose "merge" on `case:customer_type`
	Current temperature:	4.401
	Current #nodes: 4
	Current energy: -0.353372
		> Current dispersal: 0.252525
		> Current impurity: 0.768622
	----------------------------------------
	Neighbor #nodes: 2
	Neighbor energy: 0.000000
		> Neighbor dispersal: 0.505051
		> Neighbor impurity: 1.000000
	----------------------------------------
	Current best state @ step [3]
	Current best state #nodes: 2
	Current best state energy: -0.375804
		> Current best state dispersal: 0.000000
		> Current best state impurity: 0.768622
	Probability of moving: 0.9228499810966874
			>>> MOVE TO NEIGHBOR
Step [18]	propose "merge" on `concept:name`
	Current temperature:	4.181
	Current #nodes: 2
	Current energy: 0.000000
		> Current dispersal: 0.505051
		> Current impurity: 1.000000
	----------------------------------------
	Neighbor #nodes: 1
	Neighbor energy: 0.000000
		> Neighbor dispersal: 0.000000
		> Neighbor impurity: 1.000000
	----------------------------------------
	Current best state @ step [3]
	Current best state #nodes: 2
	Current best state energy: -0.375804
		> Current best state dispersal: 0.000000
		> Current best state impurity: 0.768622
	Probability of moving: 1.0
			>>> MOVE TO NEIGHBOR
Step [18]	propose "split" on `case:customer_type`
	Current temperature:	4.181
	Current #nodes: 1
	Current energy: 0.000000
		> Current dispersal: 0.000000
		> Current impurity: 1.000000
	----------------------------------------
	Neighbor #nodes: 2
	Neighbor energy: -0.375804
		> Neighbor dispersal: 0.000000
		> Neighbor impurity: 0.768622
	----------------------------------------
	Current best state @ step [3]
	Current best state #nodes: 2
	Current best state energy: -0.375804
		> Current best state dispersal: 0.000000
		> Current best state impurity: 0.768622
	Probability of moving: 1.0
			>>> MOVE TO NEIGHBOR
Step [18]	propose "split" on `concept:name`
	Current temperature:	4.181
	Current #nodes: 2
	Current energy: -0.375804
		> Current dispersal: 0.000000
		> Current impurity: 0.768622
	----------------------------------------
	Neighbor #nodes: 4
	Neighbor energy: -0.353372
		> Neighbor dispersal: 0.252525
		> Neighbor impurity: 0.768622
	----------------------------------------
	Current best state @ step [3]
	Current best state #nodes: 2
	Current best state energy: -0.375804
		> Current best state dispersal: 0.000000
		> Current best state impurity: 0.768622
	Probability of moving: 0.994649368426284
			>>> MOVE TO NEIGHBOR
Step [18]	propose "merge" on `concept:name`
	Current temperature:	4.181
	Current #nodes: 4
	Current energy: -0.353372
		> Current dispersal: 0.252525
		> Current impurity: 0.768622
	----------------------------------------
	Neighbor #nodes: 2
	Neighbor energy: -0.375804
		> Neighbor dispersal: 0.000000
		> Neighbor impurity: 0.768622
	----------------------------------------
	Current best state @ step [3]
	Current best state #nodes: 2
	Current best state energy: -0.375804
		> Current best state dispersal: 0.000000
		> Current best state impurity: 0.768622
	Probability of moving: 1.0
			>>> MOVE TO NEIGHBOR
Step [19]	propose "merge" on `case:customer_type`
	Current temperature:	3.972
	Current #nodes: 2
	Current energy: -0.375804
		> Current dispersal: 0.000000
		> Current impurity: 0.768622
	----------------------------------------
	Neighbor #nodes: 1
	Neighbor energy: 0.000000
		> Neighbor dispersal: 0.000000
		> Neighbor impurity: 1.000000
	----------------------------------------
	Current best state @ step [3]
	Current best state #nodes: 2
	Current best state energy: -0.375804
		> Current best state dispersal: 0.000000
		> Current best state impurity: 0.768622
	Probability of moving: 0.9097278462574839
Step [19]	propose "merge" on `case:customer_type`
	Current temperature:	3.972
	Current #nodes: 2
	Current energy: -0.375804
		> Current dispersal: 0.000000
		> Current impurity: 0.768622
	----------------------------------------
	Neighbor #nodes: 1
	Neighbor energy: 0.000000
		> Neighbor dispersal: 0.000000
		> Neighbor impurity: 1.000000
	----------------------------------------
	Current best state @ step [3]
	Current best state #nodes: 2
	Current best state energy: -0.375804
		> Current best state dispersal: 0.000000
		> Current best state impurity: 0.768622
	Probability of moving: 0.9097278462574839
			>>> MOVE TO NEIGHBOR
Step [19]	propose "split" on `case:customer_type`
	Current temperature:	3.972
	Current #nodes: 1
	Current energy: 0.000000
		> Current dispersal: 0.000000
		> Current impurity: 1.000000
	----------------------------------------
	Neighbor #nodes: 2
	Neighbor energy: -0.375804
		> Neighbor dispersal: 0.000000
		> Neighbor impurity: 0.768622
	----------------------------------------
	Current best state @ step [3]
	Current best state #nodes: 2
	Current best state energy: -0.375804
		> Current best state dispersal: 0.000000
		> Current best state impurity: 0.768622
	Probability of moving: 1.0
			>>> MOVE TO NEIGHBOR
Step [19]	propose "merge" on `case:customer_type`
	Current temperature:	3.972
	Current #nodes: 2
	Current energy: -0.375804
		> Current dispersal: 0.000000
		> Current impurity: 0.768622
	----------------------------------------
	Neighbor #nodes: 1
	Neighbor energy: 0.000000
		> Neighbor dispersal: 0.000000
		> Neighbor impurity: 1.000000
	----------------------------------------
	Current best state @ step [3]
	Current best state #nodes: 2
	Current best state energy: -0.375804
		> Current best state dispersal: 0.000000
		> Current best state impurity: 0.768622
	Probability of moving: 0.9097278462574839
			>>> MOVE TO NEIGHBOR
Step [20]	propose "split" on `concept:name`
	Current temperature:	3.774
	Current #nodes: 1
	Current energy: 0.000000
		> Current dispersal: 0.000000
		> Current impurity: 1.000000
	----------------------------------------
	Neighbor #nodes: 2
	Neighbor energy: 0.000000
		> Neighbor dispersal: 0.505051
		> Neighbor impurity: 1.000000
	----------------------------------------
	Current best state @ step [3]
	Current best state #nodes: 2
	Current best state energy: -0.375804
		> Current best state dispersal: 0.000000
		> Current best state impurity: 0.768622
	Probability of moving: 1.0
			>>> MOVE TO NEIGHBOR
Step [20]	propose "merge" on `concept:name`
	Current temperature:	3.774
	Current #nodes: 2
	Current energy: 0.000000
		> Current dispersal: 0.505051
		> Current impurity: 1.000000
	----------------------------------------
	Neighbor #nodes: 1
	Neighbor energy: 0.000000
		> Neighbor dispersal: 0.000000
		> Neighbor impurity: 1.000000
	----------------------------------------
	Current best state @ step [3]
	Current best state #nodes: 2
	Current best state energy: -0.375804
		> Current best state dispersal: 0.000000
		> Current best state impurity: 0.768622
	Probability of moving: 1.0
			>>> MOVE TO NEIGHBOR
Step [20]	propose "split" on `case:customer_type`
	Current temperature:	3.774
	Current #nodes: 1
	Current energy: 0.000000
		> Current dispersal: 0.000000
		> Current impurity: 1.000000
	----------------------------------------
	Neighbor #nodes: 2
	Neighbor energy: -0.375804
		> Neighbor dispersal: 0.000000
		> Neighbor impurity: 0.768622
	----------------------------------------
	Current best state @ step [3]
	Current best state #nodes: 2
	Current best state energy: -0.375804
		> Current best state dispersal: 0.000000
		> Current best state impurity: 0.768622
	Probability of moving: 1.0
			>>> MOVE TO NEIGHBOR
Step [20]	propose "merge" on `case:customer_type`
	Current temperature:	3.774
	Current #nodes: 2
	Current energy: -0.375804
		> Current dispersal: 0.000000
		> Current impurity: 0.768622
	----------------------------------------
	Neighbor #nodes: 1
	Neighbor energy: 0.000000
		> Neighbor dispersal: 0.000000
		> Neighbor impurity: 1.000000
	----------------------------------------
	Current best state @ step [3]
	Current best state #nodes: 2
	Current best state energy: -0.375804
		> Current best state dispersal: 0.000000
		> Current best state impurity: 0.768622
	Probability of moving: 0.9052091499157914
			>>> MOVE TO NEIGHBOR
Step [21]	propose "split" on `case:customer_type`
	Current temperature:	3.585
	Current #nodes: 1
	Current energy: 0.000000
		> Current dispersal: 0.000000
		> Current impurity: 1.000000
	----------------------------------------
	Neighbor #nodes: 2
	Neighbor energy: -0.375804
		> Neighbor dispersal: 0.000000
		> Neighbor impurity: 0.768622
	----------------------------------------
	Current best state @ step [3]
	Current best state #nodes: 2
	Current best state energy: -0.375804
		> Current best state dispersal: 0.000000
		> Current best state impurity: 0.768622
	Probability of moving: 1.0
			>>> MOVE TO NEIGHBOR
Step [21]	propose "merge" on `case:customer_type`
	Current temperature:	3.585
	Current #nodes: 2
	Current energy: -0.375804
		> Current dispersal: 0.000000
		> Current impurity: 0.768622
	----------------------------------------
	Neighbor #nodes: 1
	Neighbor energy: 0.000000
		> Neighbor dispersal: 0.000000
		> Neighbor impurity: 1.000000
	----------------------------------------
	Current best state @ step [3]
	Current best state #nodes: 2
	Current best state energy: -0.375804
		> Current best state dispersal: 0.000000
		> Current best state impurity: 0.768622
	Probability of moving: 0.9004768731292517
			>>> MOVE TO NEIGHBOR
Step [21]	propose "split" on `concept:name`
	Current temperature:	3.585
	Current #nodes: 1
	Current energy: 0.000000
		> Current dispersal: 0.000000
		> Current impurity: 1.000000
	----------------------------------------
	Neighbor #nodes: 2
	Neighbor energy: 0.000000
		> Neighbor dispersal: 0.505051
		> Neighbor impurity: 1.000000
	----------------------------------------
	Current best state @ step [3]
	Current best state #nodes: 2
	Current best state energy: -0.375804
		> Current best state dispersal: 0.000000
		> Current best state impurity: 0.768622
	Probability of moving: 1.0
			>>> MOVE TO NEIGHBOR
Step [21]	propose "split" on `case:customer_type`
	Current temperature:	3.585
	Current #nodes: 2
	Current energy: 0.000000
		> Current dispersal: 0.505051
		> Current impurity: 1.000000
	----------------------------------------
	Neighbor #nodes: 4
	Neighbor energy: -0.353372
		> Neighbor dispersal: 0.252525
		> Neighbor impurity: 0.768622
	----------------------------------------
	Current best state @ step [3]
	Current best state #nodes: 2
	Current best state energy: -0.375804
		> Current best state dispersal: 0.000000
		> Current best state impurity: 0.768622
	Probability of moving: 1.0
			>>> MOVE TO NEIGHBOR
Step [22]	propose "merge" on `concept:name`
	Current temperature:	3.406
	Current #nodes: 4
	Current energy: -0.353372
		> Current dispersal: 0.252525
		> Current impurity: 0.768622
	----------------------------------------
	Neighbor #nodes: 2
	Neighbor energy: -0.375804
		> Neighbor dispersal: 0.000000
		> Neighbor impurity: 0.768622
	----------------------------------------
	Current best state @ step [3]
	Current best state #nodes: 2
	Current best state energy: -0.375804
		> Current best state dispersal: 0.000000
		> Current best state impurity: 0.768622
	Probability of moving: 1.0
			>>> MOVE TO NEIGHBOR
Step [22]	propose "merge" on `case:customer_type`
	Current temperature:	3.406
	Current #nodes: 2
	Current energy: -0.375804
		> Current dispersal: 0.000000
		> Current impurity: 0.768622
	----------------------------------------
	Neighbor #nodes: 1
	Neighbor energy: 0.000000
		> Neighbor dispersal: 0.000000
		> Neighbor impurity: 1.000000
	----------------------------------------
	Current best state @ step [3]
	Current best state #nodes: 2
	Current best state energy: -0.375804
		> Current best state dispersal: 0.000000
		> Current best state impurity: 0.768622
	Probability of moving: 0.8955222535987849
			>>> MOVE TO NEIGHBOR
Step [22]	propose "split" on `concept:name`
	Current temperature:	3.406
	Current #nodes: 1
	Current energy: 0.000000
		> Current dispersal: 0.000000
		> Current impurity: 1.000000
	----------------------------------------
	Neighbor #nodes: 2
	Neighbor energy: 0.000000
		> Neighbor dispersal: 0.505051
		> Neighbor impurity: 1.000000
	----------------------------------------
	Current best state @ step [3]
	Current best state #nodes: 2
	Current best state energy: -0.375804
		> Current best state dispersal: 0.000000
		> Current best state impurity: 0.768622
	Probability of moving: 1.0
			>>> MOVE TO NEIGHBOR
Step [22]	propose "merge" on `concept:name`
	Current temperature:	3.406
	Current #nodes: 2
	Current energy: 0.000000
		> Current dispersal: 0.505051
		> Current impurity: 1.000000
	----------------------------------------
	Neighbor #nodes: 1
	Neighbor energy: 0.000000
		> Neighbor dispersal: 0.000000
		> Neighbor impurity: 1.000000
	----------------------------------------
	Current best state @ step [3]
	Current best state #nodes: 2
	Current best state energy: -0.375804
		> Current best state dispersal: 0.000000
		> Current best state impurity: 0.768622
	Probability of moving: 1.0
			>>> MOVE TO NEIGHBOR
Step [23]	propose "split" on `case:customer_type`
	Current temperature:	3.235
	Current #nodes: 1
	Current energy: 0.000000
		> Current dispersal: 0.000000
		> Current impurity: 1.000000
	----------------------------------------
	Neighbor #nodes: 2
	Neighbor energy: -0.375804
		> Neighbor dispersal: 0.000000
		> Neighbor impurity: 0.768622
	----------------------------------------
	Current best state @ step [3]
	Current best state #nodes: 2
	Current best state energy: -0.375804
		> Current best state dispersal: 0.000000
		> Current best state impurity: 0.768622
	Probability of moving: 1.0
			>>> MOVE TO NEIGHBOR
Step [23]	propose "merge" on `case:customer_type`
	Current temperature:	3.235
	Current #nodes: 2
	Current energy: -0.375804
		> Current dispersal: 0.000000
		> Current impurity: 0.768622
	----------------------------------------
	Neighbor #nodes: 1
	Neighbor energy: 0.000000
		> Neighbor dispersal: 0.000000
		> Neighbor impurity: 1.000000
	----------------------------------------
	Current best state @ step [3]
	Current best state #nodes: 2
	Current best state energy: -0.375804
		> Current best state dispersal: 0.000000
		> Current best state impurity: 0.768622
	Probability of moving: 0.8903363131400068
			>>> MOVE TO NEIGHBOR
Step [23]	propose "split" on `concept:name`
	Current temperature:	3.235
	Current #nodes: 1
	Current energy: 0.000000
		> Current dispersal: 0.000000
		> Current impurity: 1.000000
	----------------------------------------
	Neighbor #nodes: 2
	Neighbor energy: 0.000000
		> Neighbor dispersal: 0.505051
		> Neighbor impurity: 1.000000
	----------------------------------------
	Current best state @ step [3]
	Current best state #nodes: 2
	Current best state energy: -0.375804
		> Current best state dispersal: 0.000000
		> Current best state impurity: 0.768622
	Probability of moving: 1.0
			>>> MOVE TO NEIGHBOR
Step [23]	propose "split" on `case:customer_type`
	Current temperature:	3.235
	Current #nodes: 2
	Current energy: 0.000000
		> Current dispersal: 0.505051
		> Current impurity: 1.000000
	----------------------------------------
	Neighbor #nodes: 4
	Neighbor energy: -0.353372
		> Neighbor dispersal: 0.252525
		> Neighbor impurity: 0.768622
	----------------------------------------
	Current best state @ step [3]
	Current best state #nodes: 2
	Current best state energy: -0.375804
		> Current best state dispersal: 0.000000
		> Current best state impurity: 0.768622
	Probability of moving: 1.0
			>>> MOVE TO NEIGHBOR
Step [24]	propose "merge" on `case:customer_type`
	Current temperature:	3.074
	Current #nodes: 4
	Current energy: -0.353372
		> Current dispersal: 0.252525
		> Current impurity: 0.768622
	----------------------------------------
	Neighbor #nodes: 2
	Neighbor energy: 0.000000
		> Neighbor dispersal: 0.505051
		> Neighbor impurity: 1.000000
	----------------------------------------
	Current best state @ step [3]
	Current best state #nodes: 2
	Current best state energy: -0.375804
		> Current best state dispersal: 0.000000
		> Current best state impurity: 0.768622
	Probability of moving: 0.8913919244057731
			>>> MOVE TO NEIGHBOR
Step [24]	propose "split" on `case:customer_type`
	Current temperature:	3.074
	Current #nodes: 2
	Current energy: 0.000000
		> Current dispersal: 0.505051
		> Current impurity: 1.000000
	----------------------------------------
	Neighbor #nodes: 4
	Neighbor energy: -0.353372
		> Neighbor dispersal: 0.252525
		> Neighbor impurity: 0.768622
	----------------------------------------
	Current best state @ step [3]
	Current best state #nodes: 2
	Current best state energy: -0.375804
		> Current best state dispersal: 0.000000
		> Current best state impurity: 0.768622
	Probability of moving: 1.0
			>>> MOVE TO NEIGHBOR
Step [24]	propose "merge" on `concept:name`
	Current temperature:	3.074
	Current #nodes: 4
	Current energy: -0.353372
		> Current dispersal: 0.252525
		> Current impurity: 0.768622
	----------------------------------------
	Neighbor #nodes: 2
	Neighbor energy: -0.375804
		> Neighbor dispersal: 0.000000
		> Neighbor impurity: 0.768622
	----------------------------------------
	Current best state @ step [3]
	Current best state #nodes: 2
	Current best state energy: -0.375804
		> Current best state dispersal: 0.000000
		> Current best state impurity: 0.768622
	Probability of moving: 1.0
			>>> MOVE TO NEIGHBOR
Step [24]	propose "split" on `concept:name`
	Current temperature:	3.074
	Current #nodes: 2
	Current energy: -0.375804
		> Current dispersal: 0.000000
		> Current impurity: 0.768622
	----------------------------------------
	Neighbor #nodes: 4
	Neighbor energy: -0.353372
		> Neighbor dispersal: 0.252525
		> Neighbor impurity: 0.768622
	----------------------------------------
	Current best state @ step [3]
	Current best state #nodes: 2
	Current best state energy: -0.375804
		> Current best state dispersal: 0.000000
		> Current best state impurity: 0.768622
	Probability of moving: 0.9927281648433363
			>>> MOVE TO NEIGHBOR
Step [25]	propose "merge" on `concept:name`
	Current temperature:	2.920
	Current #nodes: 4
	Current energy: -0.353372
		> Current dispersal: 0.252525
		> Current impurity: 0.768622
	----------------------------------------
	Neighbor #nodes: 2
	Neighbor energy: -0.375804
		> Neighbor dispersal: 0.000000
		> Neighbor impurity: 0.768622
	----------------------------------------
	Current best state @ step [3]
	Current best state #nodes: 2
	Current best state energy: -0.375804
		> Current best state dispersal: 0.000000
		> Current best state impurity: 0.768622
	Probability of moving: 1.0
			>>> MOVE TO NEIGHBOR
Step [25]	propose "split" on `concept:name`
	Current temperature:	2.920
	Current #nodes: 2
	Current energy: -0.375804
		> Current dispersal: 0.000000
		> Current impurity: 0.768622
	----------------------------------------
	Neighbor #nodes: 4
	Neighbor energy: -0.353372
		> Neighbor dispersal: 0.252525
		> Neighbor impurity: 0.768622
	----------------------------------------
	Current best state @ step [3]
	Current best state #nodes: 2
	Current best state energy: -0.375804
		> Current best state dispersal: 0.000000
		> Current best state impurity: 0.768622
	Probability of moving: 0.9923469048613882
			>>> MOVE TO NEIGHBOR
Step [25]	propose "merge" on `case:customer_type`
	Current temperature:	2.920
	Current #nodes: 4
	Current energy: -0.353372
		> Current dispersal: 0.252525
		> Current impurity: 0.768622
	----------------------------------------
	Neighbor #nodes: 2
	Neighbor energy: 0.000000
		> Neighbor dispersal: 0.505051
		> Neighbor impurity: 1.000000
	----------------------------------------
	Current best state @ step [3]
	Current best state #nodes: 2
	Current best state energy: -0.375804
		> Current best state dispersal: 0.000000
		> Current best state impurity: 0.768622
	Probability of moving: 0.8860143010851828
			>>> MOVE TO NEIGHBOR
Step [25]	propose "merge" on `concept:name`
	Current temperature:	2.920
	Current #nodes: 2
	Current energy: 0.000000
		> Current dispersal: 0.505051
		> Current impurity: 1.000000
	----------------------------------------
	Neighbor #nodes: 1
	Neighbor energy: 0.000000
		> Neighbor dispersal: 0.000000
		> Neighbor impurity: 1.000000
	----------------------------------------
	Current best state @ step [3]
	Current best state #nodes: 2
	Current best state energy: -0.375804
		> Current best state dispersal: 0.000000
		> Current best state impurity: 0.768622
	Probability of moving: 1.0
			>>> MOVE TO NEIGHBOR
Step [26]	propose "split" on `case:customer_type`
	Current temperature:	2.774
	Current #nodes: 1
	Current energy: 0.000000
		> Current dispersal: 0.000000
		> Current impurity: 1.000000
	----------------------------------------
	Neighbor #nodes: 2
	Neighbor energy: -0.375804
		> Neighbor dispersal: 0.000000
		> Neighbor impurity: 0.768622
	----------------------------------------
	Current best state @ step [3]
	Current best state #nodes: 2
	Current best state energy: -0.375804
		> Current best state dispersal: 0.000000
		> Current best state impurity: 0.768622
	Probability of moving: 1.0
			>>> MOVE TO NEIGHBOR
Step [26]	propose "split" on `concept:name`
	Current temperature:	2.774
	Current #nodes: 2
	Current energy: -0.375804
		> Current dispersal: 0.000000
		> Current impurity: 0.768622
	----------------------------------------
	Neighbor #nodes: 4
	Neighbor energy: -0.353372
		> Neighbor dispersal: 0.252525
		> Neighbor impurity: 0.768622
	----------------------------------------
	Current best state @ step [3]
	Current best state #nodes: 2
	Current best state energy: -0.375804
		> Current best state dispersal: 0.000000
		> Current best state impurity: 0.768622
	Probability of moving: 0.9919457367500678
			>>> MOVE TO NEIGHBOR
Step [26]	propose "merge" on `case:customer_type`
	Current temperature:	2.774
	Current #nodes: 4
	Current energy: -0.353372
		> Current dispersal: 0.252525
		> Current impurity: 0.768622
	----------------------------------------
	Neighbor #nodes: 2
	Neighbor energy: 0.000000
		> Neighbor dispersal: 0.505051
		> Neighbor impurity: 1.000000
	----------------------------------------
	Current best state @ step [3]
	Current best state #nodes: 2
	Current best state energy: -0.375804
		> Current best state dispersal: 0.000000
		> Current best state impurity: 0.768622
	Probability of moving: 0.8803886897459269
			>>> MOVE TO NEIGHBOR
Step [26]	propose "split" on `case:customer_type`
	Current temperature:	2.774
	Current #nodes: 2
	Current energy: 0.000000
		> Current dispersal: 0.505051
		> Current impurity: 1.000000
	----------------------------------------
	Neighbor #nodes: 4
	Neighbor energy: -0.353372
		> Neighbor dispersal: 0.252525
		> Neighbor impurity: 0.768622
	----------------------------------------
	Current best state @ step [3]
	Current best state #nodes: 2
	Current best state energy: -0.375804
		> Current best state dispersal: 0.000000
		> Current best state impurity: 0.768622
	Probability of moving: 1.0
			>>> MOVE TO NEIGHBOR
Step [27]	propose "merge" on `concept:name`
	Current temperature:	2.635
	Current #nodes: 4
	Current energy: -0.353372
		> Current dispersal: 0.252525
		> Current impurity: 0.768622
	----------------------------------------
	Neighbor #nodes: 2
	Neighbor energy: -0.375804
		> Neighbor dispersal: 0.000000
		> Neighbor impurity: 0.768622
	----------------------------------------
	Current best state @ step [3]
	Current best state #nodes: 2
	Current best state energy: -0.375804
		> Current best state dispersal: 0.000000
		> Current best state impurity: 0.768622
	Probability of moving: 1.0
			>>> MOVE TO NEIGHBOR
Step [27]	propose "split" on `concept:name`
	Current temperature:	2.635
	Current #nodes: 2
	Current energy: -0.375804
		> Current dispersal: 0.000000
		> Current impurity: 0.768622
	----------------------------------------
	Neighbor #nodes: 4
	Neighbor energy: -0.353372
		> Neighbor dispersal: 0.252525
		> Neighbor impurity: 0.768622
	----------------------------------------
	Current best state @ step [3]
	Current best state #nodes: 2
	Current best state energy: -0.375804
		> Current best state dispersal: 0.000000
		> Current best state impurity: 0.768622
	Probability of moving: 0.9915236297314621
			>>> MOVE TO NEIGHBOR
Step [27]	propose "merge" on `case:customer_type`
	Current temperature:	2.635
	Current #nodes: 4
	Current energy: -0.353372
		> Current dispersal: 0.252525
		> Current impurity: 0.768622
	----------------------------------------
	Neighbor #nodes: 2
	Neighbor energy: 0.000000
		> Neighbor dispersal: 0.505051
		> Neighbor impurity: 1.000000
	----------------------------------------
	Current best state @ step [3]
	Current best state #nodes: 2
	Current best state energy: -0.375804
		> Current best state dispersal: 0.000000
		> Current best state impurity: 0.768622
	Probability of moving: 0.8745055776367144
			>>> MOVE TO NEIGHBOR
Step [27]	propose "merge" on `concept:name`
	Current temperature:	2.635
	Current #nodes: 2
	Current energy: 0.000000
		> Current dispersal: 0.505051
		> Current impurity: 1.000000
	----------------------------------------
	Neighbor #nodes: 1
	Neighbor energy: 0.000000
		> Neighbor dispersal: 0.000000
		> Neighbor impurity: 1.000000
	----------------------------------------
	Current best state @ step [3]
	Current best state #nodes: 2
	Current best state energy: -0.375804
		> Current best state dispersal: 0.000000
		> Current best state impurity: 0.768622
	Probability of moving: 1.0
			>>> MOVE TO NEIGHBOR
Step [28]	propose "split" on `case:customer_type`
	Current temperature:	2.503
	Current #nodes: 1
	Current energy: 0.000000
		> Current dispersal: 0.000000
		> Current impurity: 1.000000
	----------------------------------------
	Neighbor #nodes: 2
	Neighbor energy: -0.375804
		> Neighbor dispersal: 0.000000
		> Neighbor impurity: 0.768622
	----------------------------------------
	Current best state @ step [3]
	Current best state #nodes: 2
	Current best state energy: -0.375804
		> Current best state dispersal: 0.000000
		> Current best state impurity: 0.768622
	Probability of moving: 1.0
			>>> MOVE TO NEIGHBOR
Step [28]	propose "split" on `concept:name`
	Current temperature:	2.503
	Current #nodes: 2
	Current energy: -0.375804
		> Current dispersal: 0.000000
		> Current impurity: 0.768622
	----------------------------------------
	Neighbor #nodes: 4
	Neighbor energy: -0.353372
		> Neighbor dispersal: 0.252525
		> Neighbor impurity: 0.768622
	----------------------------------------
	Current best state @ step [3]
	Current best state #nodes: 2
	Current best state energy: -0.375804
		> Current best state dispersal: 0.000000
		> Current best state impurity: 0.768622
	Probability of moving: 0.9910795006029759
			>>> MOVE TO NEIGHBOR
Step [28]	propose "merge" on `concept:name`
	Current temperature:	2.503
	Current #nodes: 4
	Current energy: -0.353372
		> Current dispersal: 0.252525
		> Current impurity: 0.768622
	----------------------------------------
	Neighbor #nodes: 2
	Neighbor energy: -0.375804
		> Neighbor dispersal: 0.000000
		> Neighbor impurity: 0.768622
	----------------------------------------
	Current best state @ step [3]
	Current best state #nodes: 2
	Current best state energy: -0.375804
		> Current best state dispersal: 0.000000
		> Current best state impurity: 0.768622
	Probability of moving: 1.0
			>>> MOVE TO NEIGHBOR
Step [28]	propose "split" on `concept:name`
	Current temperature:	2.503
	Current #nodes: 2
	Current energy: -0.375804
		> Current dispersal: 0.000000
		> Current impurity: 0.768622
	----------------------------------------
	Neighbor #nodes: 4
	Neighbor energy: -0.353372
		> Neighbor dispersal: 0.252525
		> Neighbor impurity: 0.768622
	----------------------------------------
	Current best state @ step [3]
	Current best state #nodes: 2
	Current best state energy: -0.375804
		> Current best state dispersal: 0.000000
		> Current best state impurity: 0.768622
	Probability of moving: 0.9910795006029759
			>>> MOVE TO NEIGHBOR
Step [29]	propose "merge" on `case:customer_type`
	Current temperature:	2.378
	Current #nodes: 4
	Current energy: -0.353372
		> Current dispersal: 0.252525
		> Current impurity: 0.768622
	----------------------------------------
	Neighbor #nodes: 2
	Neighbor energy: 0.000000
		> Neighbor dispersal: 0.505051
		> Neighbor impurity: 1.000000
	----------------------------------------
	Current best state @ step [3]
	Current best state #nodes: 2
	Current best state energy: -0.375804
		> Current best state dispersal: 0.000000
		> Current best state impurity: 0.768622
	Probability of moving: 0.8619280353645449
			>>> MOVE TO NEIGHBOR
Step [29]	propose "merge" on `concept:name`
	Current temperature:	2.378
	Current #nodes: 2
	Current energy: 0.000000
		> Current dispersal: 0.505051
		> Current impurity: 1.000000
	----------------------------------------
	Neighbor #nodes: 1
	Neighbor energy: 0.000000
		> Neighbor dispersal: 0.000000
		> Neighbor impurity: 1.000000
	----------------------------------------
	Current best state @ step [3]
	Current best state #nodes: 2
	Current best state energy: -0.375804
		> Current best state dispersal: 0.000000
		> Current best state impurity: 0.768622
	Probability of moving: 1.0
			>>> MOVE TO NEIGHBOR
Step [29]	propose "split" on `case:customer_type`
	Current temperature:	2.378
	Current #nodes: 1
	Current energy: 0.000000
		> Current dispersal: 0.000000
		> Current impurity: 1.000000
	----------------------------------------
	Neighbor #nodes: 2
	Neighbor energy: -0.375804
		> Neighbor dispersal: 0.000000
		> Neighbor impurity: 0.768622
	----------------------------------------
	Current best state @ step [3]
	Current best state #nodes: 2
	Current best state energy: -0.375804
		> Current best state dispersal: 0.000000
		> Current best state impurity: 0.768622
	Probability of moving: 1.0
			>>> MOVE TO NEIGHBOR
Step [29]	propose "merge" on `case:customer_type`
	Current temperature:	2.378
	Current #nodes: 2
	Current energy: -0.375804
		> Current dispersal: 0.000000
		> Current impurity: 0.768622
	----------------------------------------
	Neighbor #nodes: 1
	Neighbor energy: 0.000000
		> Neighbor dispersal: 0.000000
		> Neighbor impurity: 1.000000
	----------------------------------------
	Current best state @ step [3]
	Current best state #nodes: 2
	Current best state energy: -0.375804
		> Current best state dispersal: 0.000000
		> Current best state impurity: 0.768622
	Probability of moving: 0.8538364369849389
			>>> MOVE TO NEIGHBOR
Step [30]	propose "split" on `case:customer_type`
	Current temperature:	2.259
	Current #nodes: 1
	Current energy: 0.000000
		> Current dispersal: 0.000000
		> Current impurity: 1.000000
	----------------------------------------
	Neighbor #nodes: 2
	Neighbor energy: -0.375804
		> Neighbor dispersal: 0.000000
		> Neighbor impurity: 0.768622
	----------------------------------------
	Current best state @ step [3]
	Current best state #nodes: 2
	Current best state energy: -0.375804
		> Current best state dispersal: 0.000000
		> Current best state impurity: 0.768622
	Probability of moving: 1.0
			>>> MOVE TO NEIGHBOR
Step [30]	propose "merge" on `case:customer_type`
	Current temperature:	2.259
	Current #nodes: 2
	Current energy: -0.375804
		> Current dispersal: 0.000000
		> Current impurity: 0.768622
	----------------------------------------
	Neighbor #nodes: 1
	Neighbor energy: 0.000000
		> Neighbor dispersal: 0.000000
		> Neighbor impurity: 1.000000
	----------------------------------------
	Current best state @ step [3]
	Current best state #nodes: 2
	Current best state energy: -0.375804
		> Current best state dispersal: 0.000000
		> Current best state impurity: 0.768622
	Probability of moving: 0.8467648571205519
Step [30]	propose "merge" on `case:customer_type`
	Current temperature:	2.259
	Current #nodes: 2
	Current energy: -0.375804
		> Current dispersal: 0.000000
		> Current impurity: 0.768622
	----------------------------------------
	Neighbor #nodes: 1
	Neighbor energy: 0.000000
		> Neighbor dispersal: 0.000000
		> Neighbor impurity: 1.000000
	----------------------------------------
	Current best state @ step [3]
	Current best state #nodes: 2
	Current best state energy: -0.375804
		> Current best state dispersal: 0.000000
		> Current best state impurity: 0.768622
	Probability of moving: 0.8467648571205519
			>>> MOVE TO NEIGHBOR
Step [30]	propose "split" on `case:customer_type`
	Current temperature:	2.259
	Current #nodes: 1
	Current energy: 0.000000
		> Current dispersal: 0.000000
		> Current impurity: 1.000000
	----------------------------------------
	Neighbor #nodes: 2
	Neighbor energy: -0.375804
		> Neighbor dispersal: 0.000000
		> Neighbor impurity: 0.768622
	----------------------------------------
	Current best state @ step [3]
	Current best state #nodes: 2
	Current best state energy: -0.375804
		> Current best state dispersal: 0.000000
		> Current best state impurity: 0.768622
	Probability of moving: 1.0
			>>> MOVE TO NEIGHBOR
Step [31]	propose "split" on `concept:name`
	Current temperature:	2.146
	Current #nodes: 2
	Current energy: -0.375804
		> Current dispersal: 0.000000
		> Current impurity: 0.768622
	----------------------------------------
	Neighbor #nodes: 4
	Neighbor energy: -0.353372
		> Neighbor dispersal: 0.252525
		> Neighbor impurity: 0.768622
	----------------------------------------
	Current best state @ step [3]
	Current best state #nodes: 2
	Current best state energy: -0.375804
		> Current best state dispersal: 0.000000
		> Current best state impurity: 0.768622
	Probability of moving: 0.9896033075196167
			>>> MOVE TO NEIGHBOR
Step [31]	propose "merge" on `concept:name`
	Current temperature:	2.146
	Current #nodes: 4
	Current energy: -0.353372
		> Current dispersal: 0.252525
		> Current impurity: 0.768622
	----------------------------------------
	Neighbor #nodes: 2
	Neighbor energy: -0.375804
		> Neighbor dispersal: 0.000000
		> Neighbor impurity: 0.768622
	----------------------------------------
	Current best state @ step [3]
	Current best state #nodes: 2
	Current best state energy: -0.375804
		> Current best state dispersal: 0.000000
		> Current best state impurity: 0.768622
	Probability of moving: 1.0
			>>> MOVE TO NEIGHBOR
Step [31]	propose "merge" on `case:customer_type`
	Current temperature:	2.146
	Current #nodes: 2
	Current energy: -0.375804
		> Current dispersal: 0.000000
		> Current impurity: 0.768622
	----------------------------------------
	Neighbor #nodes: 1
	Neighbor energy: 0.000000
		> Neighbor dispersal: 0.000000
		> Neighbor impurity: 1.000000
	----------------------------------------
	Current best state @ step [3]
	Current best state #nodes: 2
	Current best state energy: -0.375804
		> Current best state dispersal: 0.000000
		> Current best state impurity: 0.768622
	Probability of moving: 0.8393843522220542
Step [31]	propose "merge" on `case:customer_type`
	Current temperature:	2.146
	Current #nodes: 2
	Current energy: -0.375804
		> Current dispersal: 0.000000
		> Current impurity: 0.768622
	----------------------------------------
	Neighbor #nodes: 1
	Neighbor energy: 0.000000
		> Neighbor dispersal: 0.000000
		> Neighbor impurity: 1.000000
	----------------------------------------
	Current best state @ step [3]
	Current best state #nodes: 2
	Current best state energy: -0.375804
		> Current best state dispersal: 0.000000
		> Current best state impurity: 0.768622
	Probability of moving: 0.8393843522220542
			>>> MOVE TO NEIGHBOR
Step [32]	propose "split" on `concept:name`
	Current temperature:	2.039
	Current #nodes: 1
	Current energy: 0.000000
		> Current dispersal: 0.000000
		> Current impurity: 1.000000
	----------------------------------------
	Neighbor #nodes: 2
	Neighbor energy: 0.000000
		> Neighbor dispersal: 0.505051
		> Neighbor impurity: 1.000000
	----------------------------------------
	Current best state @ step [3]
	Current best state #nodes: 2
	Current best state energy: -0.375804
		> Current best state dispersal: 0.000000
		> Current best state impurity: 0.768622
	Probability of moving: 1.0
			>>> MOVE TO NEIGHBOR
Step [32]	propose "split" on `case:customer_type`
	Current temperature:	2.039
	Current #nodes: 2
	Current energy: 0.000000
		> Current dispersal: 0.505051
		> Current impurity: 1.000000
	----------------------------------------
	Neighbor #nodes: 4
	Neighbor energy: -0.353372
		> Neighbor dispersal: 0.252525
		> Neighbor impurity: 0.768622
	----------------------------------------
	Current best state @ step [3]
	Current best state #nodes: 2
	Current best state energy: -0.375804
		> Current best state dispersal: 0.000000
		> Current best state impurity: 0.768622
	Probability of moving: 1.0
			>>> MOVE TO NEIGHBOR
Step [32]	propose "merge" on `concept:name`
	Current temperature:	2.039
	Current #nodes: 4
	Current energy: -0.353372
		> Current dispersal: 0.252525
		> Current impurity: 0.768622
	----------------------------------------
	Neighbor #nodes: 2
	Neighbor energy: -0.375804
		> Neighbor dispersal: 0.000000
		> Neighbor impurity: 0.768622
	----------------------------------------
	Current best state @ step [3]
	Current best state #nodes: 2
	Current best state energy: -0.375804
		> Current best state dispersal: 0.000000
		> Current best state impurity: 0.768622
	Probability of moving: 1.0
			>>> MOVE TO NEIGHBOR
Step [32]	propose "merge" on `case:customer_type`
	Current temperature:	2.039
	Current #nodes: 2
	Current energy: -0.375804
		> Current dispersal: 0.000000
		> Current impurity: 0.768622
	----------------------------------------
	Neighbor #nodes: 1
	Neighbor energy: 0.000000
		> Neighbor dispersal: 0.000000
		> Neighbor impurity: 1.000000
	----------------------------------------
	Current best state @ step [3]
	Current best state #nodes: 2
	Current best state energy: -0.375804
		> Current best state dispersal: 0.000000
		> Current best state impurity: 0.768622
	Probability of moving: 0.8316848861550438
			>>> MOVE TO NEIGHBOR
Step [33]	propose "split" on `case:customer_type`
	Current temperature:	1.937
	Current #nodes: 1
	Current energy: 0.000000
		> Current dispersal: 0.000000
		> Current impurity: 1.000000
	----------------------------------------
	Neighbor #nodes: 2
	Neighbor energy: -0.375804
		> Neighbor dispersal: 0.000000
		> Neighbor impurity: 0.768622
	----------------------------------------
	Current best state @ step [3]
	Current best state #nodes: 2
	Current best state energy: -0.375804
		> Current best state dispersal: 0.000000
		> Current best state impurity: 0.768622
	Probability of moving: 1.0
			>>> MOVE TO NEIGHBOR
Step [33]	propose "merge" on `case:customer_type`
	Current temperature:	1.937
	Current #nodes: 2
	Current energy: -0.375804
		> Current dispersal: 0.000000
		> Current impurity: 0.768622
	----------------------------------------
	Neighbor #nodes: 1
	Neighbor energy: 0.000000
		> Neighbor dispersal: 0.000000
		> Neighbor impurity: 1.000000
	----------------------------------------
	Current best state @ step [3]
	Current best state #nodes: 2
	Current best state energy: -0.375804
		> Current best state dispersal: 0.000000
		> Current best state impurity: 0.768622
	Probability of moving: 0.8236564715349899
			>>> MOVE TO NEIGHBOR
Step [33]	propose "split" on `concept:name`
	Current temperature:	1.937
	Current #nodes: 1
	Current energy: 0.000000
		> Current dispersal: 0.000000
		> Current impurity: 1.000000
	----------------------------------------
	Neighbor #nodes: 2
	Neighbor energy: 0.000000
		> Neighbor dispersal: 0.505051
		> Neighbor impurity: 1.000000
	----------------------------------------
	Current best state @ step [3]
	Current best state #nodes: 2
	Current best state energy: -0.375804
		> Current best state dispersal: 0.000000
		> Current best state impurity: 0.768622
	Probability of moving: 1.0
			>>> MOVE TO NEIGHBOR
Step [33]	propose "merge" on `concept:name`
	Current temperature:	1.937
	Current #nodes: 2
	Current energy: 0.000000
		> Current dispersal: 0.505051
		> Current impurity: 1.000000
	----------------------------------------
	Neighbor #nodes: 1
	Neighbor energy: 0.000000
		> Neighbor dispersal: 0.000000
		> Neighbor impurity: 1.000000
	----------------------------------------
	Current best state @ step [3]
	Current best state #nodes: 2
	Current best state energy: -0.375804
		> Current best state dispersal: 0.000000
		> Current best state impurity: 0.768622
	Probability of moving: 1.0
			>>> MOVE TO NEIGHBOR
Step [34]	propose "split" on `case:customer_type`
	Current temperature:	1.840
	Current #nodes: 1
	Current energy: 0.000000
		> Current dispersal: 0.000000
		> Current impurity: 1.000000
	----------------------------------------
	Neighbor #nodes: 2
	Neighbor energy: -0.375804
		> Neighbor dispersal: 0.000000
		> Neighbor impurity: 0.768622
	----------------------------------------
	Current best state @ step [3]
	Current best state #nodes: 2
	Current best state energy: -0.375804
		> Current best state dispersal: 0.000000
		> Current best state impurity: 0.768622
	Probability of moving: 1.0
			>>> MOVE TO NEIGHBOR
Step [34]	propose "split" on `concept:name`
	Current temperature:	1.840
	Current #nodes: 2
	Current energy: -0.375804
		> Current dispersal: 0.000000
		> Current impurity: 0.768622
	----------------------------------------
	Neighbor #nodes: 4
	Neighbor energy: -0.353372
		> Neighbor dispersal: 0.252525
		> Neighbor impurity: 0.768622
	----------------------------------------
	Current best state @ step [3]
	Current best state #nodes: 2
	Current best state energy: -0.375804
		> Current best state dispersal: 0.000000
		> Current best state impurity: 0.768622
	Probability of moving: 0.9878843261668332
			>>> MOVE TO NEIGHBOR
Step [34]	propose "merge" on `concept:name`
	Current temperature:	1.840
	Current #nodes: 4
	Current energy: -0.353372
		> Current dispersal: 0.252525
		> Current impurity: 0.768622
	----------------------------------------
	Neighbor #nodes: 2
	Neighbor energy: -0.375804
		> Neighbor dispersal: 0.000000
		> Neighbor impurity: 0.768622
	----------------------------------------
	Current best state @ step [3]
	Current best state #nodes: 2
	Current best state energy: -0.375804
		> Current best state dispersal: 0.000000
		> Current best state impurity: 0.768622
	Probability of moving: 1.0
			>>> MOVE TO NEIGHBOR
Step [34]	propose "merge" on `case:customer_type`
	Current temperature:	1.840
	Current #nodes: 2
	Current energy: -0.375804
		> Current dispersal: 0.000000
		> Current impurity: 0.768622
	----------------------------------------
	Neighbor #nodes: 1
	Neighbor energy: 0.000000
		> Neighbor dispersal: 0.000000
		> Neighbor impurity: 1.000000
	----------------------------------------
	Current best state @ step [3]
	Current best state #nodes: 2
	Current best state energy: -0.375804
		> Current best state dispersal: 0.000000
		> Current best state impurity: 0.768622
	Probability of moving: 0.8152892201485532
			>>> MOVE TO NEIGHBOR
Step [35]	propose "split" on `case:customer_type`
	Current temperature:	1.748
	Current #nodes: 1
	Current energy: 0.000000
		> Current dispersal: 0.000000
		> Current impurity: 1.000000
	----------------------------------------
	Neighbor #nodes: 2
	Neighbor energy: -0.375804
		> Neighbor dispersal: 0.000000
		> Neighbor impurity: 0.768622
	----------------------------------------
	Current best state @ step [3]
	Current best state #nodes: 2
	Current best state energy: -0.375804
		> Current best state dispersal: 0.000000
		> Current best state impurity: 0.768622
	Probability of moving: 1.0
			>>> MOVE TO NEIGHBOR
Step [35]	propose "merge" on `case:customer_type`
	Current temperature:	1.748
	Current #nodes: 2
	Current energy: -0.375804
		> Current dispersal: 0.000000
		> Current impurity: 0.768622
	----------------------------------------
	Neighbor #nodes: 1
	Neighbor energy: 0.000000
		> Neighbor dispersal: 0.000000
		> Neighbor impurity: 1.000000
	----------------------------------------
	Current best state @ step [3]
	Current best state #nodes: 2
	Current best state energy: -0.375804
		> Current best state dispersal: 0.000000
		> Current best state impurity: 0.768622
	Probability of moving: 0.8065733990851571
			>>> MOVE TO NEIGHBOR
Step [35]	propose "split" on `concept:name`
	Current temperature:	1.748
	Current #nodes: 1
	Current energy: 0.000000
		> Current dispersal: 0.000000
		> Current impurity: 1.000000
	----------------------------------------
	Neighbor #nodes: 2
	Neighbor energy: 0.000000
		> Neighbor dispersal: 0.505051
		> Neighbor impurity: 1.000000
	----------------------------------------
	Current best state @ step [3]
	Current best state #nodes: 2
	Current best state energy: -0.375804
		> Current best state dispersal: 0.000000
		> Current best state impurity: 0.768622
	Probability of moving: 1.0
			>>> MOVE TO NEIGHBOR
Step [35]	propose "merge" on `concept:name`
	Current temperature:	1.748
	Current #nodes: 2
	Current energy: 0.000000
		> Current dispersal: 0.505051
		> Current impurity: 1.000000
	----------------------------------------
	Neighbor #nodes: 1
	Neighbor energy: 0.000000
		> Neighbor dispersal: 0.000000
		> Neighbor impurity: 1.000000
	----------------------------------------
	Current best state @ step [3]
	Current best state #nodes: 2
	Current best state energy: -0.375804
		> Current best state dispersal: 0.000000
		> Current best state impurity: 0.768622
	Probability of moving: 1.0
			>>> MOVE TO NEIGHBOR
Step [36]	propose "split" on `case:customer_type`
	Current temperature:	1.661
	Current #nodes: 1
	Current energy: 0.000000
		> Current dispersal: 0.000000
		> Current impurity: 1.000000
	----------------------------------------
	Neighbor #nodes: 2
	Neighbor energy: -0.375804
		> Neighbor dispersal: 0.000000
		> Neighbor impurity: 0.768622
	----------------------------------------
	Current best state @ step [3]
	Current best state #nodes: 2
	Current best state energy: -0.375804
		> Current best state dispersal: 0.000000
		> Current best state impurity: 0.768622
	Probability of moving: 1.0
			>>> MOVE TO NEIGHBOR
Step [36]	propose "merge" on `case:customer_type`
	Current temperature:	1.661
	Current #nodes: 2
	Current energy: -0.375804
		> Current dispersal: 0.000000
		> Current impurity: 0.768622
	----------------------------------------
	Neighbor #nodes: 1
	Neighbor energy: 0.000000
		> Neighbor dispersal: 0.000000
		> Neighbor impurity: 1.000000
	----------------------------------------
	Current best state @ step [3]
	Current best state #nodes: 2
	Current best state energy: -0.375804
		> Current best state dispersal: 0.000000
		> Current best state impurity: 0.768622
	Probability of moving: 0.7974994929194678
			>>> MOVE TO NEIGHBOR
Step [36]	propose "split" on `case:customer_type`
	Current temperature:	1.661
	Current #nodes: 1
	Current energy: 0.000000
		> Current dispersal: 0.000000
		> Current impurity: 1.000000
	----------------------------------------
	Neighbor #nodes: 2
	Neighbor energy: -0.375804
		> Neighbor dispersal: 0.000000
		> Neighbor impurity: 0.768622
	----------------------------------------
	Current best state @ step [3]
	Current best state #nodes: 2
	Current best state energy: -0.375804
		> Current best state dispersal: 0.000000
		> Current best state impurity: 0.768622
	Probability of moving: 1.0
			>>> MOVE TO NEIGHBOR
Step [36]	propose "merge" on `case:customer_type`
	Current temperature:	1.661
	Current #nodes: 2
	Current energy: -0.375804
		> Current dispersal: 0.000000
		> Current impurity: 0.768622
	----------------------------------------
	Neighbor #nodes: 1
	Neighbor energy: 0.000000
		> Neighbor dispersal: 0.000000
		> Neighbor impurity: 1.000000
	----------------------------------------
	Current best state @ step [3]
	Current best state #nodes: 2
	Current best state energy: -0.375804
		> Current best state dispersal: 0.000000
		> Current best state impurity: 0.768622
	Probability of moving: 0.7974994929194678
			>>> MOVE TO NEIGHBOR
Step [37]	propose "split" on `case:customer_type`
	Current temperature:	1.578
	Current #nodes: 1
	Current energy: 0.000000
		> Current dispersal: 0.000000
		> Current impurity: 1.000000
	----------------------------------------
	Neighbor #nodes: 2
	Neighbor energy: -0.375804
		> Neighbor dispersal: 0.000000
		> Neighbor impurity: 0.768622
	----------------------------------------
	Current best state @ step [3]
	Current best state #nodes: 2
	Current best state energy: -0.375804
		> Current best state dispersal: 0.000000
		> Current best state impurity: 0.768622
	Probability of moving: 1.0
			>>> MOVE TO NEIGHBOR
Step [37]	propose "merge" on `case:customer_type`
	Current temperature:	1.578
	Current #nodes: 2
	Current energy: -0.375804
		> Current dispersal: 0.000000
		> Current impurity: 0.768622
	----------------------------------------
	Neighbor #nodes: 1
	Neighbor energy: 0.000000
		> Neighbor dispersal: 0.000000
		> Neighbor impurity: 1.000000
	----------------------------------------
	Current best state @ step [3]
	Current best state #nodes: 2
	Current best state energy: -0.375804
		> Current best state dispersal: 0.000000
		> Current best state impurity: 0.768622
	Probability of moving: 0.7880582722719235
			>>> MOVE TO NEIGHBOR
Step [37]	propose "split" on `concept:name`
	Current temperature:	1.578
	Current #nodes: 1
	Current energy: 0.000000
		> Current dispersal: 0.000000
		> Current impurity: 1.000000
	----------------------------------------
	Neighbor #nodes: 2
	Neighbor energy: 0.000000
		> Neighbor dispersal: 0.505051
		> Neighbor impurity: 1.000000
	----------------------------------------
	Current best state @ step [3]
	Current best state #nodes: 2
	Current best state energy: -0.375804
		> Current best state dispersal: 0.000000
		> Current best state impurity: 0.768622
	Probability of moving: 1.0
			>>> MOVE TO NEIGHBOR
Step [37]	propose "split" on `case:customer_type`
	Current temperature:	1.578
	Current #nodes: 2
	Current energy: 0.000000
		> Current dispersal: 0.505051
		> Current impurity: 1.000000
	----------------------------------------
	Neighbor #nodes: 4
	Neighbor energy: -0.353372
		> Neighbor dispersal: 0.252525
		> Neighbor impurity: 0.768622
	----------------------------------------
	Current best state @ step [3]
	Current best state #nodes: 2
	Current best state energy: -0.375804
		> Current best state dispersal: 0.000000
		> Current best state impurity: 0.768622
	Probability of moving: 1.0
			>>> MOVE TO NEIGHBOR
Step [38]	propose "merge" on `concept:name`
	Current temperature:	1.499
	Current #nodes: 4
	Current energy: -0.353372
		> Current dispersal: 0.252525
		> Current impurity: 0.768622
	----------------------------------------
	Neighbor #nodes: 2
	Neighbor energy: -0.375804
		> Neighbor dispersal: 0.000000
		> Neighbor impurity: 0.768622
	----------------------------------------
	Current best state @ step [3]
	Current best state #nodes: 2
	Current best state energy: -0.375804
		> Current best state dispersal: 0.000000
		> Current best state impurity: 0.768622
	Probability of moving: 1.0
			>>> MOVE TO NEIGHBOR
Step [38]	propose "split" on `concept:name`
	Current temperature:	1.499
	Current #nodes: 2
	Current energy: -0.375804
		> Current dispersal: 0.000000
		> Current impurity: 0.768622
	----------------------------------------
	Neighbor #nodes: 4
	Neighbor energy: -0.353372
		> Neighbor dispersal: 0.252525
		> Neighbor impurity: 0.768622
	----------------------------------------
	Current best state @ step [3]
	Current best state #nodes: 2
	Current best state energy: -0.375804
		> Current best state dispersal: 0.000000
		> Current best state impurity: 0.768622
	Probability of moving: 0.985145716602916
			>>> MOVE TO NEIGHBOR
Step [38]	propose "merge" on `case:customer_type`
	Current temperature:	1.499
	Current #nodes: 4
	Current energy: -0.353372
		> Current dispersal: 0.252525
		> Current impurity: 0.768622
	----------------------------------------
	Neighbor #nodes: 2
	Neighbor energy: 0.000000
		> Neighbor dispersal: 0.505051
		> Neighbor impurity: 1.000000
	----------------------------------------
	Current best state @ step [3]
	Current best state #nodes: 2
	Current best state energy: -0.375804
		> Current best state dispersal: 0.000000
		> Current best state impurity: 0.768622
	Probability of moving: 0.7899753873334734
Step [38]	propose "merge" on `case:customer_type`
	Current temperature:	1.499
	Current #nodes: 4
	Current energy: -0.353372
		> Current dispersal: 0.252525
		> Current impurity: 0.768622
	----------------------------------------
	Neighbor #nodes: 2
	Neighbor energy: 0.000000
		> Neighbor dispersal: 0.505051
		> Neighbor impurity: 1.000000
	----------------------------------------
	Current best state @ step [3]
	Current best state #nodes: 2
	Current best state energy: -0.375804
		> Current best state dispersal: 0.000000
		> Current best state impurity: 0.768622
	Probability of moving: 0.7899753873334734
			>>> MOVE TO NEIGHBOR
Step [39]	propose "merge" on `concept:name`
	Current temperature:	1.424
	Current #nodes: 2
	Current energy: 0.000000
		> Current dispersal: 0.505051
		> Current impurity: 1.000000
	----------------------------------------
	Neighbor #nodes: 1
	Neighbor energy: 0.000000
		> Neighbor dispersal: 0.000000
		> Neighbor impurity: 1.000000
	----------------------------------------
	Current best state @ step [3]
	Current best state #nodes: 2
	Current best state energy: -0.375804
		> Current best state dispersal: 0.000000
		> Current best state impurity: 0.768622
	Probability of moving: 1.0
			>>> MOVE TO NEIGHBOR
Step [39]	propose "split" on `concept:name`
	Current temperature:	1.424
	Current #nodes: 1
	Current energy: 0.000000
		> Current dispersal: 0.000000
		> Current impurity: 1.000000
	----------------------------------------
	Neighbor #nodes: 2
	Neighbor energy: 0.000000
		> Neighbor dispersal: 0.505051
		> Neighbor impurity: 1.000000
	----------------------------------------
	Current best state @ step [3]
	Current best state #nodes: 2
	Current best state energy: -0.375804
		> Current best state dispersal: 0.000000
		> Current best state impurity: 0.768622
	Probability of moving: 1.0
			>>> MOVE TO NEIGHBOR
Step [39]	propose "split" on `case:customer_type`
	Current temperature:	1.424
	Current #nodes: 2
	Current energy: 0.000000
		> Current dispersal: 0.505051
		> Current impurity: 1.000000
	----------------------------------------
	Neighbor #nodes: 4
	Neighbor energy: -0.353372
		> Neighbor dispersal: 0.252525
		> Neighbor impurity: 0.768622
	----------------------------------------
	Current best state @ step [3]
	Current best state #nodes: 2
	Current best state energy: -0.375804
		> Current best state dispersal: 0.000000
		> Current best state impurity: 0.768622
	Probability of moving: 1.0
			>>> MOVE TO NEIGHBOR
Step [39]	propose "merge" on `case:customer_type`
	Current temperature:	1.424
	Current #nodes: 4
	Current energy: -0.353372
		> Current dispersal: 0.252525
		> Current impurity: 0.768622
	----------------------------------------
	Neighbor #nodes: 2
	Neighbor energy: 0.000000
		> Neighbor dispersal: 0.505051
		> Neighbor impurity: 1.000000
	----------------------------------------
	Current best state @ step [3]
	Current best state #nodes: 2
	Current best state energy: -0.375804
		> Current best state dispersal: 0.000000
		> Current best state impurity: 0.768622
	Probability of moving: 0.7802338725299268
			>>> MOVE TO NEIGHBOR
Step [40]	propose "merge" on `concept:name`
	Current temperature:	1.353
	Current #nodes: 2
	Current energy: 0.000000
		> Current dispersal: 0.505051
		> Current impurity: 1.000000
	----------------------------------------
	Neighbor #nodes: 1
	Neighbor energy: 0.000000
		> Neighbor dispersal: 0.000000
		> Neighbor impurity: 1.000000
	----------------------------------------
	Current best state @ step [3]
	Current best state #nodes: 2
	Current best state energy: -0.375804
		> Current best state dispersal: 0.000000
		> Current best state impurity: 0.768622
	Probability of moving: 1.0
			>>> MOVE TO NEIGHBOR
Step [40]	propose "split" on `case:customer_type`
	Current temperature:	1.353
	Current #nodes: 1
	Current energy: 0.000000
		> Current dispersal: 0.000000
		> Current impurity: 1.000000
	----------------------------------------
	Neighbor #nodes: 2
	Neighbor energy: -0.375804
		> Neighbor dispersal: 0.000000
		> Neighbor impurity: 0.768622
	----------------------------------------
	Current best state @ step [3]
	Current best state #nodes: 2
	Current best state energy: -0.375804
		> Current best state dispersal: 0.000000
		> Current best state impurity: 0.768622
	Probability of moving: 1.0
			>>> MOVE TO NEIGHBOR
Step [40]	propose "merge" on `case:customer_type`
	Current temperature:	1.353
	Current #nodes: 2
	Current energy: -0.375804
		> Current dispersal: 0.000000
		> Current impurity: 0.768622
	----------------------------------------
	Neighbor #nodes: 1
	Neighbor energy: 0.000000
		> Neighbor dispersal: 0.000000
		> Neighbor impurity: 1.000000
	----------------------------------------
	Current best state @ step [3]
	Current best state #nodes: 2
	Current best state energy: -0.375804
		> Current best state dispersal: 0.000000
		> Current best state impurity: 0.768622
	Probability of moving: 0.7574443494201668
			>>> MOVE TO NEIGHBOR
Step [40]	propose "split" on `concept:name`
	Current temperature:	1.353
	Current #nodes: 1
	Current energy: 0.000000
		> Current dispersal: 0.000000
		> Current impurity: 1.000000
	----------------------------------------
	Neighbor #nodes: 2
	Neighbor energy: 0.000000
		> Neighbor dispersal: 0.505051
		> Neighbor impurity: 1.000000
	----------------------------------------
	Current best state @ step [3]
	Current best state #nodes: 2
	Current best state energy: -0.375804
		> Current best state dispersal: 0.000000
		> Current best state impurity: 0.768622
	Probability of moving: 1.0
			>>> MOVE TO NEIGHBOR
Step [41]	propose "split" on `case:customer_type`
	Current temperature:	1.285
	Current #nodes: 2
	Current energy: 0.000000
		> Current dispersal: 0.505051
		> Current impurity: 1.000000
	----------------------------------------
	Neighbor #nodes: 4
	Neighbor energy: -0.353372
		> Neighbor dispersal: 0.252525
		> Neighbor impurity: 0.768622
	----------------------------------------
	Current best state @ step [3]
	Current best state #nodes: 2
	Current best state energy: -0.375804
		> Current best state dispersal: 0.000000
		> Current best state impurity: 0.768622
	Probability of moving: 1.0
			>>> MOVE TO NEIGHBOR
Step [41]	propose "merge" on `case:customer_type`
	Current temperature:	1.285
	Current #nodes: 4
	Current energy: -0.353372
		> Current dispersal: 0.252525
		> Current impurity: 0.768622
	----------------------------------------
	Neighbor #nodes: 2
	Neighbor energy: 0.000000
		> Neighbor dispersal: 0.505051
		> Neighbor impurity: 1.000000
	----------------------------------------
	Current best state @ step [3]
	Current best state #nodes: 2
	Current best state energy: -0.375804
		> Current best state dispersal: 0.000000
		> Current best state impurity: 0.768622
	Probability of moving: 0.7595939490008786
Step [41]	propose "merge" on `case:customer_type`
	Current temperature:	1.285
	Current #nodes: 4
	Current energy: -0.353372
		> Current dispersal: 0.252525
		> Current impurity: 0.768622
	----------------------------------------
	Neighbor #nodes: 2
	Neighbor energy: 0.000000
		> Neighbor dispersal: 0.505051
		> Neighbor impurity: 1.000000
	----------------------------------------
	Current best state @ step [3]
	Current best state #nodes: 2
	Current best state energy: -0.375804
		> Current best state dispersal: 0.000000
		> Current best state impurity: 0.768622
	Probability of moving: 0.7595939490008786
			>>> MOVE TO NEIGHBOR
Step [41]	propose "split" on `case:customer_type`
	Current temperature:	1.285
	Current #nodes: 2
	Current energy: 0.000000
		> Current dispersal: 0.505051
		> Current impurity: 1.000000
	----------------------------------------
	Neighbor #nodes: 4
	Neighbor energy: -0.353372
		> Neighbor dispersal: 0.252525
		> Neighbor impurity: 0.768622
	----------------------------------------
	Current best state @ step [3]
	Current best state #nodes: 2
	Current best state energy: -0.375804
		> Current best state dispersal: 0.000000
		> Current best state impurity: 0.768622
	Probability of moving: 1.0
			>>> MOVE TO NEIGHBOR
Step [42]	propose "merge" on `concept:name`
	Current temperature:	1.221
	Current #nodes: 4
	Current energy: -0.353372
		> Current dispersal: 0.252525
		> Current impurity: 0.768622
	----------------------------------------
	Neighbor #nodes: 2
	Neighbor energy: -0.375804
		> Neighbor dispersal: 0.000000
		> Neighbor impurity: 0.768622
	----------------------------------------
	Current best state @ step [3]
	Current best state #nodes: 2
	Current best state energy: -0.375804
		> Current best state dispersal: 0.000000
		> Current best state impurity: 0.768622
	Probability of moving: 1.0
			>>> MOVE TO NEIGHBOR
Step [42]	propose "merge" on `case:customer_type`
	Current temperature:	1.221
	Current #nodes: 2
	Current energy: -0.375804
		> Current dispersal: 0.000000
		> Current impurity: 0.768622
	----------------------------------------
	Neighbor #nodes: 1
	Neighbor energy: 0.000000
		> Neighbor dispersal: 0.000000
		> Neighbor impurity: 1.000000
	----------------------------------------
	Current best state @ step [3]
	Current best state #nodes: 2
	Current best state energy: -0.375804
		> Current best state dispersal: 0.000000
		> Current best state impurity: 0.768622
	Probability of moving: 0.7350495201715341
Step [42]	propose "split" on `concept:name`
	Current temperature:	1.221
	Current #nodes: 2
	Current energy: -0.375804
		> Current dispersal: 0.000000
		> Current impurity: 0.768622
	----------------------------------------
	Neighbor #nodes: 4
	Neighbor energy: -0.353372
		> Neighbor dispersal: 0.252525
		> Neighbor impurity: 0.768622
	----------------------------------------
	Current best state @ step [3]
	Current best state #nodes: 2
	Current best state energy: -0.375804
		> Current best state dispersal: 0.000000
		> Current best state impurity: 0.768622
	Probability of moving: 0.9817938026153951
			>>> MOVE TO NEIGHBOR
Step [42]	propose "merge" on `concept:name`
	Current temperature:	1.221
	Current #nodes: 4
	Current energy: -0.353372
		> Current dispersal: 0.252525
		> Current impurity: 0.768622
	----------------------------------------
	Neighbor #nodes: 2
	Neighbor energy: -0.375804
		> Neighbor dispersal: 0.000000
		> Neighbor impurity: 0.768622
	----------------------------------------
	Current best state @ step [3]
	Current best state #nodes: 2
	Current best state energy: -0.375804
		> Current best state dispersal: 0.000000
		> Current best state impurity: 0.768622
	Probability of moving: 1.0
			>>> MOVE TO NEIGHBOR
Step [43]	propose "merge" on `case:customer_type`
	Current temperature:	1.160
	Current #nodes: 2
	Current energy: -0.375804
		> Current dispersal: 0.000000
		> Current impurity: 0.768622
	----------------------------------------
	Neighbor #nodes: 1
	Neighbor energy: 0.000000
		> Neighbor dispersal: 0.000000
		> Neighbor impurity: 1.000000
	----------------------------------------
	Current best state @ step [3]
	Current best state #nodes: 2
	Current best state energy: -0.375804
		> Current best state dispersal: 0.000000
		> Current best state impurity: 0.768622
	Probability of moving: 0.723236989773593
			>>> MOVE TO NEIGHBOR
Step [43]	propose "split" on `case:customer_type`
	Current temperature:	1.160
	Current #nodes: 1
	Current energy: 0.000000
		> Current dispersal: 0.000000
		> Current impurity: 1.000000
	----------------------------------------
	Neighbor #nodes: 2
	Neighbor energy: -0.375804
		> Neighbor dispersal: 0.000000
		> Neighbor impurity: 0.768622
	----------------------------------------
	Current best state @ step [3]
	Current best state #nodes: 2
	Current best state energy: -0.375804
		> Current best state dispersal: 0.000000
		> Current best state impurity: 0.768622
	Probability of moving: 1.0
			>>> MOVE TO NEIGHBOR
Step [43]	propose "merge" on `case:customer_type`
	Current temperature:	1.160
	Current #nodes: 2
	Current energy: -0.375804
		> Current dispersal: 0.000000
		> Current impurity: 0.768622
	----------------------------------------
	Neighbor #nodes: 1
	Neighbor energy: 0.000000
		> Neighbor dispersal: 0.000000
		> Neighbor impurity: 1.000000
	----------------------------------------
	Current best state @ step [3]
	Current best state #nodes: 2
	Current best state energy: -0.375804
		> Current best state dispersal: 0.000000
		> Current best state impurity: 0.768622
	Probability of moving: 0.723236989773593
			>>> MOVE TO NEIGHBOR
Step [43]	propose "split" on `case:customer_type`
	Current temperature:	1.160
	Current #nodes: 1
	Current energy: 0.000000
		> Current dispersal: 0.000000
		> Current impurity: 1.000000
	----------------------------------------
	Neighbor #nodes: 2
	Neighbor energy: -0.375804
		> Neighbor dispersal: 0.000000
		> Neighbor impurity: 0.768622
	----------------------------------------
	Current best state @ step [3]
	Current best state #nodes: 2
	Current best state energy: -0.375804
		> Current best state dispersal: 0.000000
		> Current best state impurity: 0.768622
	Probability of moving: 1.0
			>>> MOVE TO NEIGHBOR
Step [44]	propose "split" on `concept:name`
	Current temperature:	1.102
	Current #nodes: 2
	Current energy: -0.375804
		> Current dispersal: 0.000000
		> Current impurity: 0.768622
	----------------------------------------
	Neighbor #nodes: 4
	Neighbor energy: -0.353372
		> Neighbor dispersal: 0.252525
		> Neighbor impurity: 0.768622
	----------------------------------------
	Current best state @ step [3]
	Current best state #nodes: 2
	Current best state energy: -0.375804
		> Current best state dispersal: 0.000000
		> Current best state impurity: 0.768622
	Probability of moving: 0.9798468753811544
			>>> MOVE TO NEIGHBOR
Step [44]	propose "merge" on `case:customer_type`
	Current temperature:	1.102
	Current #nodes: 4
	Current energy: -0.353372
		> Current dispersal: 0.252525
		> Current impurity: 0.768622
	----------------------------------------
	Neighbor #nodes: 2
	Neighbor energy: 0.000000
		> Neighbor dispersal: 0.505051
		> Neighbor impurity: 1.000000
	----------------------------------------
	Current best state @ step [3]
	Current best state #nodes: 2
	Current best state energy: -0.375804
		> Current best state dispersal: 0.000000
		> Current best state impurity: 0.768622
	Probability of moving: 0.725631513113388
Step [44]	propose "merge" on `concept:name`
	Current temperature:	1.102
	Current #nodes: 4
	Current energy: -0.353372
		> Current dispersal: 0.252525
		> Current impurity: 0.768622
	----------------------------------------
	Neighbor #nodes: 2
	Neighbor energy: -0.375804
		> Neighbor dispersal: 0.000000
		> Neighbor impurity: 0.768622
	----------------------------------------
	Current best state @ step [3]
	Current best state #nodes: 2
	Current best state energy: -0.375804
		> Current best state dispersal: 0.000000
		> Current best state impurity: 0.768622
	Probability of moving: 1.0
			>>> MOVE TO NEIGHBOR
Step [44]	propose "split" on `concept:name`
	Current temperature:	1.102
	Current #nodes: 2
	Current energy: -0.375804
		> Current dispersal: 0.000000
		> Current impurity: 0.768622
	----------------------------------------
	Neighbor #nodes: 4
	Neighbor energy: -0.353372
		> Neighbor dispersal: 0.252525
		> Neighbor impurity: 0.768622
	----------------------------------------
	Current best state @ step [3]
	Current best state #nodes: 2
	Current best state energy: -0.375804
		> Current best state dispersal: 0.000000
		> Current best state impurity: 0.768622
	Probability of moving: 0.9798468753811544
			>>> MOVE TO NEIGHBOR
Step [45]	propose "merge" on `concept:name`
	Current temperature:	1.047
	Current #nodes: 4
	Current energy: -0.353372
		> Current dispersal: 0.252525
		> Current impurity: 0.768622
	----------------------------------------
	Neighbor #nodes: 2
	Neighbor energy: -0.375804
		> Neighbor dispersal: 0.000000
		> Neighbor impurity: 0.768622
	----------------------------------------
	Current best state @ step [3]
	Current best state #nodes: 2
	Current best state energy: -0.375804
		> Current best state dispersal: 0.000000
		> Current best state impurity: 0.768622
	Probability of moving: 1.0
			>>> MOVE TO NEIGHBOR
Step [45]	propose "merge" on `case:customer_type`
	Current temperature:	1.047
	Current #nodes: 2
	Current energy: -0.375804
		> Current dispersal: 0.000000
		> Current impurity: 0.768622
	----------------------------------------
	Neighbor #nodes: 1
	Neighbor energy: 0.000000
		> Neighbor dispersal: 0.000000
		> Neighbor impurity: 1.000000
	----------------------------------------
	Current best state @ step [3]
	Current best state #nodes: 2
	Current best state energy: -0.375804
		> Current best state dispersal: 0.000000
		> Current best state impurity: 0.768622
	Probability of moving: 0.6983582375856788
Step [45]	propose "split" on `concept:name`
	Current temperature:	1.047
	Current #nodes: 2
	Current energy: -0.375804
		> Current dispersal: 0.000000
		> Current impurity: 0.768622
	----------------------------------------
	Neighbor #nodes: 4
	Neighbor energy: -0.353372
		> Neighbor dispersal: 0.252525
		> Neighbor impurity: 0.768622
	----------------------------------------
	Current best state @ step [3]
	Current best state #nodes: 2
	Current best state energy: -0.375804
		> Current best state dispersal: 0.000000
		> Current best state impurity: 0.768622
	Probability of moving: 0.9787975075725432
			>>> MOVE TO NEIGHBOR
Step [45]	propose "merge" on `concept:name`
	Current temperature:	1.047
	Current #nodes: 4
	Current energy: -0.353372
		> Current dispersal: 0.252525
		> Current impurity: 0.768622
	----------------------------------------
	Neighbor #nodes: 2
	Neighbor energy: -0.375804
		> Neighbor dispersal: 0.000000
		> Neighbor impurity: 0.768622
	----------------------------------------
	Current best state @ step [3]
	Current best state #nodes: 2
	Current best state energy: -0.375804
		> Current best state dispersal: 0.000000
		> Current best state impurity: 0.768622
	Probability of moving: 1.0
			>>> MOVE TO NEIGHBOR
Step [46]	propose "merge" on `case:customer_type`
	Current temperature:	0.994
	Current #nodes: 2
	Current energy: -0.375804
		> Current dispersal: 0.000000
		> Current impurity: 0.768622
	----------------------------------------
	Neighbor #nodes: 1
	Neighbor energy: 0.000000
		> Neighbor dispersal: 0.000000
		> Neighbor impurity: 1.000000
	----------------------------------------
	Current best state @ step [3]
	Current best state #nodes: 2
	Current best state energy: -0.375804
		> Current best state dispersal: 0.000000
		> Current best state impurity: 0.768622
	Probability of moving: 0.6852859896210033
			>>> MOVE TO NEIGHBOR
Step [46]	propose "split" on `case:customer_type`
	Current temperature:	0.994
	Current #nodes: 1
	Current energy: 0.000000
		> Current dispersal: 0.000000
		> Current impurity: 1.000000
	----------------------------------------
	Neighbor #nodes: 2
	Neighbor energy: -0.375804
		> Neighbor dispersal: 0.000000
		> Neighbor impurity: 0.768622
	----------------------------------------
	Current best state @ step [3]
	Current best state #nodes: 2
	Current best state energy: -0.375804
		> Current best state dispersal: 0.000000
		> Current best state impurity: 0.768622
	Probability of moving: 1.0
			>>> MOVE TO NEIGHBOR
Step [46]	propose "split" on `concept:name`
	Current temperature:	0.994
	Current #nodes: 2
	Current energy: -0.375804
		> Current dispersal: 0.000000
		> Current impurity: 0.768622
	----------------------------------------
	Neighbor #nodes: 4
	Neighbor energy: -0.353372
		> Neighbor dispersal: 0.252525
		> Neighbor impurity: 0.768622
	----------------------------------------
	Current best state @ step [3]
	Current best state #nodes: 2
	Current best state energy: -0.375804
		> Current best state dispersal: 0.000000
		> Current best state impurity: 0.768622
	Probability of moving: 0.977694123957034
Step [46]	propose "merge" on `case:customer_type`
	Current temperature:	0.994
	Current #nodes: 2
	Current energy: -0.375804
		> Current dispersal: 0.000000
		> Current impurity: 0.768622
	----------------------------------------
	Neighbor #nodes: 1
	Neighbor energy: 0.000000
		> Neighbor dispersal: 0.000000
		> Neighbor impurity: 1.000000
	----------------------------------------
	Current best state @ step [3]
	Current best state #nodes: 2
	Current best state energy: -0.375804
		> Current best state dispersal: 0.000000
		> Current best state impurity: 0.768622
	Probability of moving: 0.6852859896210033
Step [47]	propose "merge" on `case:customer_type`
	Current temperature:	0.945
	Current #nodes: 2
	Current energy: -0.375804
		> Current dispersal: 0.000000
		> Current impurity: 0.768622
	----------------------------------------
	Neighbor #nodes: 1
	Neighbor energy: 0.000000
		> Neighbor dispersal: 0.000000
		> Neighbor impurity: 1.000000
	----------------------------------------
	Current best state @ step [3]
	Current best state #nodes: 2
	Current best state energy: -0.375804
		> Current best state dispersal: 0.000000
		> Current best state impurity: 0.768622
	Probability of moving: 0.6717899916405984
			>>> MOVE TO NEIGHBOR
Step [47]	propose "split" on `case:customer_type`
	Current temperature:	0.945
	Current #nodes: 1
	Current energy: 0.000000
		> Current dispersal: 0.000000
		> Current impurity: 1.000000
	----------------------------------------
	Neighbor #nodes: 2
	Neighbor energy: -0.375804
		> Neighbor dispersal: 0.000000
		> Neighbor impurity: 0.768622
	----------------------------------------
	Current best state @ step [3]
	Current best state #nodes: 2
	Current best state energy: -0.375804
		> Current best state dispersal: 0.000000
		> Current best state impurity: 0.768622
	Probability of moving: 1.0
			>>> MOVE TO NEIGHBOR
Step [47]	propose "split" on `concept:name`
	Current temperature:	0.945
	Current #nodes: 2
	Current energy: -0.375804
		> Current dispersal: 0.000000
		> Current impurity: 0.768622
	----------------------------------------
	Neighbor #nodes: 4
	Neighbor energy: -0.353372
		> Neighbor dispersal: 0.252525
		> Neighbor impurity: 0.768622
	----------------------------------------
	Current best state @ step [3]
	Current best state #nodes: 2
	Current best state energy: -0.375804
		> Current best state dispersal: 0.000000
		> Current best state impurity: 0.768622
	Probability of moving: 0.9765340112403954
			>>> MOVE TO NEIGHBOR
Step [47]	propose "merge" on `concept:name`
	Current temperature:	0.945
	Current #nodes: 4
	Current energy: -0.353372
		> Current dispersal: 0.252525
		> Current impurity: 0.768622
	----------------------------------------
	Neighbor #nodes: 2
	Neighbor energy: -0.375804
		> Neighbor dispersal: 0.000000
		> Neighbor impurity: 0.768622
	----------------------------------------
	Current best state @ step [3]
	Current best state #nodes: 2
	Current best state energy: -0.375804
		> Current best state dispersal: 0.000000
		> Current best state impurity: 0.768622
	Probability of moving: 1.0
			>>> MOVE TO NEIGHBOR
Step [48]	propose "merge" on `case:customer_type`
	Current temperature:	0.897
	Current #nodes: 2
	Current energy: -0.375804
		> Current dispersal: 0.000000
		> Current impurity: 0.768622
	----------------------------------------
	Neighbor #nodes: 1
	Neighbor energy: 0.000000
		> Neighbor dispersal: 0.000000
		> Neighbor impurity: 1.000000
	----------------------------------------
	Current best state @ step [3]
	Current best state #nodes: 2
	Current best state energy: -0.375804
		> Current best state dispersal: 0.000000
		> Current best state impurity: 0.768622
	Probability of moving: 0.6578707195343261
			>>> MOVE TO NEIGHBOR
Step [48]	propose "split" on `concept:name`
	Current temperature:	0.897
	Current #nodes: 1
	Current energy: 0.000000
		> Current dispersal: 0.000000
		> Current impurity: 1.000000
	----------------------------------------
	Neighbor #nodes: 2
	Neighbor energy: 0.000000
		> Neighbor dispersal: 0.505051
		> Neighbor impurity: 1.000000
	----------------------------------------
	Current best state @ step [3]
	Current best state #nodes: 2
	Current best state energy: -0.375804
		> Current best state dispersal: 0.000000
		> Current best state impurity: 0.768622
	Probability of moving: 1.0
			>>> MOVE TO NEIGHBOR
Step [48]	propose "merge" on `concept:name`
	Current temperature:	0.897
	Current #nodes: 2
	Current energy: 0.000000
		> Current dispersal: 0.505051
		> Current impurity: 1.000000
	----------------------------------------
	Neighbor #nodes: 1
	Neighbor energy: 0.000000
		> Neighbor dispersal: 0.000000
		> Neighbor impurity: 1.000000
	----------------------------------------
	Current best state @ step [3]
	Current best state #nodes: 2
	Current best state energy: -0.375804
		> Current best state dispersal: 0.000000
		> Current best state impurity: 0.768622
	Probability of moving: 1.0
			>>> MOVE TO NEIGHBOR
Step [48]	propose "split" on `case:customer_type`
	Current temperature:	0.897
	Current #nodes: 1
	Current energy: 0.000000
		> Current dispersal: 0.000000
		> Current impurity: 1.000000
	----------------------------------------
	Neighbor #nodes: 2
	Neighbor energy: -0.375804
		> Neighbor dispersal: 0.000000
		> Neighbor impurity: 0.768622
	----------------------------------------
	Current best state @ step [3]
	Current best state #nodes: 2
	Current best state energy: -0.375804
		> Current best state dispersal: 0.000000
		> Current best state impurity: 0.768622
	Probability of moving: 1.0
			>>> MOVE TO NEIGHBOR
Step [49]	propose "merge" on `case:customer_type`
	Current temperature:	0.853
	Current #nodes: 2
	Current energy: -0.375804
		> Current dispersal: 0.000000
		> Current impurity: 0.768622
	----------------------------------------
	Neighbor #nodes: 1
	Neighbor energy: 0.000000
		> Neighbor dispersal: 0.000000
		> Neighbor impurity: 1.000000
	----------------------------------------
	Current best state @ step [3]
	Current best state #nodes: 2
	Current best state energy: -0.375804
		> Current best state dispersal: 0.000000
		> Current best state impurity: 0.768622
	Probability of moving: 0.6435303112683115
Step [49]	propose "split" on `concept:name`
	Current temperature:	0.853
	Current #nodes: 2
	Current energy: -0.375804
		> Current dispersal: 0.000000
		> Current impurity: 0.768622
	----------------------------------------
	Neighbor #nodes: 4
	Neighbor energy: -0.353372
		> Neighbor dispersal: 0.252525
		> Neighbor impurity: 0.768622
	----------------------------------------
	Current best state @ step [3]
	Current best state #nodes: 2
	Current best state energy: -0.375804
		> Current best state dispersal: 0.000000
		> Current best state impurity: 0.768622
	Probability of moving: 0.9740320947313434
			>>> MOVE TO NEIGHBOR
Step [49]	propose "merge" on `case:customer_type`
	Current temperature:	0.853
	Current #nodes: 4
	Current energy: -0.353372
		> Current dispersal: 0.252525
		> Current impurity: 0.768622
	----------------------------------------
	Neighbor #nodes: 2
	Neighbor energy: 0.000000
		> Neighbor dispersal: 0.505051
		> Neighbor impurity: 1.000000
	----------------------------------------
	Current best state @ step [3]
	Current best state #nodes: 2
	Current best state energy: -0.375804
		> Current best state dispersal: 0.000000
		> Current best state impurity: 0.768622
	Probability of moving: 0.6606869678619876
			>>> MOVE TO NEIGHBOR
Step [49]	propose "split" on `case:customer_type`
	Current temperature:	0.853
	Current #nodes: 2
	Current energy: 0.000000
		> Current dispersal: 0.505051
		> Current impurity: 1.000000
	----------------------------------------
	Neighbor #nodes: 4
	Neighbor energy: -0.353372
		> Neighbor dispersal: 0.252525
		> Neighbor impurity: 0.768622
	----------------------------------------
	Current best state @ step [3]
	Current best state #nodes: 2
	Current best state energy: -0.375804
		> Current best state dispersal: 0.000000
		> Current best state impurity: 0.768622
	Probability of moving: 1.0
			>>> MOVE TO NEIGHBOR
Step [50]	propose "merge" on `case:customer_type`
	Current temperature:	0.810
	Current #nodes: 4
	Current energy: -0.353372
		> Current dispersal: 0.252525
		> Current impurity: 0.768622
	----------------------------------------
	Neighbor #nodes: 2
	Neighbor energy: 0.000000
		> Neighbor dispersal: 0.505051
		> Neighbor impurity: 1.000000
	----------------------------------------
	Current best state @ step [3]
	Current best state #nodes: 2
	Current best state energy: -0.375804
		> Current best state dispersal: 0.000000
		> Current best state impurity: 0.768622
	Probability of moving: 0.6464304892311701
Step [50]	propose "merge" on `case:customer_type`
	Current temperature:	0.810
	Current #nodes: 4
	Current energy: -0.353372
		> Current dispersal: 0.252525
		> Current impurity: 0.768622
	----------------------------------------
	Neighbor #nodes: 2
	Neighbor energy: 0.000000
		> Neighbor dispersal: 0.505051
		> Neighbor impurity: 1.000000
	----------------------------------------
	Current best state @ step [3]
	Current best state #nodes: 2
	Current best state energy: -0.375804
		> Current best state dispersal: 0.000000
		> Current best state impurity: 0.768622
	Probability of moving: 0.6464304892311701
			>>> MOVE TO NEIGHBOR
Step [50]	propose "merge" on `concept:name`
	Current temperature:	0.810
	Current #nodes: 2
	Current energy: 0.000000
		> Current dispersal: 0.505051
		> Current impurity: 1.000000
	----------------------------------------
	Neighbor #nodes: 1
	Neighbor energy: 0.000000
		> Neighbor dispersal: 0.000000
		> Neighbor impurity: 1.000000
	----------------------------------------
	Current best state @ step [3]
	Current best state #nodes: 2
	Current best state energy: -0.375804
		> Current best state dispersal: 0.000000
		> Current best state impurity: 0.768622
	Probability of moving: 1.0
			>>> MOVE TO NEIGHBOR
Step [50]	propose "split" on `case:customer_type`
	Current temperature:	0.810
	Current #nodes: 1
	Current energy: 0.000000
		> Current dispersal: 0.000000
		> Current impurity: 1.000000
	----------------------------------------
	Neighbor #nodes: 2
	Neighbor energy: -0.375804
		> Neighbor dispersal: 0.000000
		> Neighbor impurity: 0.768622
	----------------------------------------
	Current best state @ step [3]
	Current best state #nodes: 2
	Current best state energy: -0.375804
		> Current best state dispersal: 0.000000
		> Current best state impurity: 0.768622
	Probability of moving: 1.0
			>>> MOVE TO NEIGHBOR
Step [51]	propose "split" on `concept:name`
	Current temperature:	0.769
	Current #nodes: 2
	Current energy: -0.375804
		> Current dispersal: 0.000000
		> Current impurity: 0.768622
	----------------------------------------
	Neighbor #nodes: 4
	Neighbor energy: -0.353372
		> Neighbor dispersal: 0.252525
		> Neighbor impurity: 0.768622
	----------------------------------------
	Current best state @ step [3]
	Current best state #nodes: 2
	Current best state energy: -0.375804
		> Current best state dispersal: 0.000000
		> Current best state impurity: 0.768622
	Probability of moving: 0.9712673735316163
			>>> MOVE TO NEIGHBOR
Step [51]	propose "merge" on `concept:name`
	Current temperature:	0.769
	Current #nodes: 4
	Current energy: -0.353372
		> Current dispersal: 0.252525
		> Current impurity: 0.768622
	----------------------------------------
	Neighbor #nodes: 2
	Neighbor energy: -0.375804
		> Neighbor dispersal: 0.000000
		> Neighbor impurity: 0.768622
	----------------------------------------
	Current best state @ step [3]
	Current best state #nodes: 2
	Current best state energy: -0.375804
		> Current best state dispersal: 0.000000
		> Current best state impurity: 0.768622
	Probability of moving: 1.0
			>>> MOVE TO NEIGHBOR
Step [51]	propose "merge" on `case:customer_type`
	Current temperature:	0.769
	Current #nodes: 2
	Current energy: -0.375804
		> Current dispersal: 0.000000
		> Current impurity: 0.768622
	----------------------------------------
	Neighbor #nodes: 1
	Neighbor energy: 0.000000
		> Neighbor dispersal: 0.000000
		> Neighbor impurity: 1.000000
	----------------------------------------
	Current best state @ step [3]
	Current best state #nodes: 2
	Current best state energy: -0.375804
		> Current best state dispersal: 0.000000
		> Current best state impurity: 0.768622
	Probability of moving: 0.6136038800115913
			>>> MOVE TO NEIGHBOR
Step [51]	propose "split" on `concept:name`
	Current temperature:	0.769
	Current #nodes: 1
	Current energy: 0.000000
		> Current dispersal: 0.000000
		> Current impurity: 1.000000
	----------------------------------------
	Neighbor #nodes: 2
	Neighbor energy: 0.000000
		> Neighbor dispersal: 0.505051
		> Neighbor impurity: 1.000000
	----------------------------------------
	Current best state @ step [3]
	Current best state #nodes: 2
	Current best state energy: -0.375804
		> Current best state dispersal: 0.000000
		> Current best state impurity: 0.768622
	Probability of moving: 1.0
			>>> MOVE TO NEIGHBOR
Step [52]	propose "merge" on `concept:name`
	Current temperature:	0.731
	Current #nodes: 2
	Current energy: 0.000000
		> Current dispersal: 0.505051
		> Current impurity: 1.000000
	----------------------------------------
	Neighbor #nodes: 1
	Neighbor energy: 0.000000
		> Neighbor dispersal: 0.000000
		> Neighbor impurity: 1.000000
	----------------------------------------
	Current best state @ step [3]
	Current best state #nodes: 2
	Current best state energy: -0.375804
		> Current best state dispersal: 0.000000
		> Current best state impurity: 0.768622
	Probability of moving: 1.0
			>>> MOVE TO NEIGHBOR
Step [52]	propose "split" on `concept:name`
	Current temperature:	0.731
	Current #nodes: 1
	Current energy: 0.000000
		> Current dispersal: 0.000000
		> Current impurity: 1.000000
	----------------------------------------
	Neighbor #nodes: 2
	Neighbor energy: 0.000000
		> Neighbor dispersal: 0.505051
		> Neighbor impurity: 1.000000
	----------------------------------------
	Current best state @ step [3]
	Current best state #nodes: 2
	Current best state energy: -0.375804
		> Current best state dispersal: 0.000000
		> Current best state impurity: 0.768622
	Probability of moving: 1.0
			>>> MOVE TO NEIGHBOR
Step [52]	propose "split" on `case:customer_type`
	Current temperature:	0.731
	Current #nodes: 2
	Current energy: 0.000000
		> Current dispersal: 0.505051
		> Current impurity: 1.000000
	----------------------------------------
	Neighbor #nodes: 4
	Neighbor energy: -0.353372
		> Neighbor dispersal: 0.252525
		> Neighbor impurity: 0.768622
	----------------------------------------
	Current best state @ step [3]
	Current best state #nodes: 2
	Current best state energy: -0.375804
		> Current best state dispersal: 0.000000
		> Current best state impurity: 0.768622
	Probability of moving: 1.0
			>>> MOVE TO NEIGHBOR
Step [52]	propose "merge" on `concept:name`
	Current temperature:	0.731
	Current #nodes: 4
	Current energy: -0.353372
		> Current dispersal: 0.252525
		> Current impurity: 0.768622
	----------------------------------------
	Neighbor #nodes: 2
	Neighbor energy: -0.375804
		> Neighbor dispersal: 0.000000
		> Neighbor impurity: 0.768622
	----------------------------------------
	Current best state @ step [3]
	Current best state #nodes: 2
	Current best state energy: -0.375804
		> Current best state dispersal: 0.000000
		> Current best state impurity: 0.768622
	Probability of moving: 1.0
			>>> MOVE TO NEIGHBOR
Restart search at step [53], using best state found at step [3]
Step [53]	propose "split" on `concept:name`
	Current temperature:	0.694
	Current #nodes: 2
	Current energy: -0.375804
		> Current dispersal: 0.000000
		> Current impurity: 0.768622
	----------------------------------------
	Neighbor #nodes: 4
	Neighbor energy: -0.353372
		> Neighbor dispersal: 0.252525
		> Neighbor impurity: 0.768622
	----------------------------------------
	Current best state @ step [3]
	Current best state #nodes: 2
	Current best state energy: -0.375804
		> Current best state dispersal: 0.000000
		> Current best state impurity: 0.768622
	Probability of moving: 0.9682131345436983
			>>> MOVE TO NEIGHBOR
Step [53]	propose "merge" on `concept:name`
	Current temperature:	0.694
	Current #nodes: 4
	Current energy: -0.353372
		> Current dispersal: 0.252525
		> Current impurity: 0.768622
	----------------------------------------
	Neighbor #nodes: 2
	Neighbor energy: -0.375804
		> Neighbor dispersal: 0.000000
		> Neighbor impurity: 0.768622
	----------------------------------------
	Current best state @ step [3]
	Current best state #nodes: 2
	Current best state energy: -0.375804
		> Current best state dispersal: 0.000000
		> Current best state impurity: 0.768622
	Probability of moving: 1.0
			>>> MOVE TO NEIGHBOR
Step [53]	propose "split" on `concept:name`
	Current temperature:	0.694
	Current #nodes: 2
	Current energy: -0.375804
		> Current dispersal: 0.000000
		> Current impurity: 0.768622
	----------------------------------------
	Neighbor #nodes: 4
	Neighbor energy: -0.353372
		> Neighbor dispersal: 0.252525
		> Neighbor impurity: 0.768622
	----------------------------------------
	Current best state @ step [3]
	Current best state #nodes: 2
	Current best state energy: -0.375804
		> Current best state dispersal: 0.000000
		> Current best state impurity: 0.768622
	Probability of moving: 0.9682131345436983
			>>> MOVE TO NEIGHBOR
Step [53]	propose "merge" on `concept:name`
	Current temperature:	0.694
	Current #nodes: 4
	Current energy: -0.353372
		> Current dispersal: 0.252525
		> Current impurity: 0.768622
	----------------------------------------
	Neighbor #nodes: 2
	Neighbor energy: -0.375804
		> Neighbor dispersal: 0.000000
		> Neighbor impurity: 0.768622
	----------------------------------------
	Current best state @ step [3]
	Current best state #nodes: 2
	Current best state energy: -0.375804
		> Current best state dispersal: 0.000000
		> Current best state impurity: 0.768622
	Probability of moving: 1.0
			>>> MOVE TO NEIGHBOR
Step [54]	propose "split" on `concept:name`
	Current temperature:	0.660
	Current #nodes: 2
	Current energy: -0.375804
		> Current dispersal: 0.000000
		> Current impurity: 0.768622
	----------------------------------------
	Neighbor #nodes: 4
	Neighbor energy: -0.353372
		> Neighbor dispersal: 0.252525
		> Neighbor impurity: 0.768622
	----------------------------------------
	Current best state @ step [3]
	Current best state #nodes: 2
	Current best state energy: -0.375804
		> Current best state dispersal: 0.000000
		> Current best state impurity: 0.768622
	Probability of moving: 0.9665684160619411
			>>> MOVE TO NEIGHBOR
Step [54]	propose "merge" on `concept:name`
	Current temperature:	0.660
	Current #nodes: 4
	Current energy: -0.353372
		> Current dispersal: 0.252525
		> Current impurity: 0.768622
	----------------------------------------
	Neighbor #nodes: 2
	Neighbor energy: -0.375804
		> Neighbor dispersal: 0.000000
		> Neighbor impurity: 0.768622
	----------------------------------------
	Current best state @ step [3]
	Current best state #nodes: 2
	Current best state energy: -0.375804
		> Current best state dispersal: 0.000000
		> Current best state impurity: 0.768622
	Probability of moving: 1.0
			>>> MOVE TO NEIGHBOR
Step [54]	propose "split" on `concept:name`
	Current temperature:	0.660
	Current #nodes: 2
	Current energy: -0.375804
		> Current dispersal: 0.000000
		> Current impurity: 0.768622
	----------------------------------------
	Neighbor #nodes: 4
	Neighbor energy: -0.353372
		> Neighbor dispersal: 0.252525
		> Neighbor impurity: 0.768622
	----------------------------------------
	Current best state @ step [3]
	Current best state #nodes: 2
	Current best state energy: -0.375804
		> Current best state dispersal: 0.000000
		> Current best state impurity: 0.768622
	Probability of moving: 0.9665684160619411
			>>> MOVE TO NEIGHBOR
Step [54]	propose "merge" on `case:customer_type`
	Current temperature:	0.660
	Current #nodes: 4
	Current energy: -0.353372
		> Current dispersal: 0.252525
		> Current impurity: 0.768622
	----------------------------------------
	Neighbor #nodes: 2
	Neighbor energy: 0.000000
		> Neighbor dispersal: 0.505051
		> Neighbor impurity: 1.000000
	----------------------------------------
	Current best state @ step [3]
	Current best state #nodes: 2
	Current best state energy: -0.375804
		> Current best state dispersal: 0.000000
		> Current best state impurity: 0.768622
	Probability of moving: 0.5852892085780279
Step [55]	propose "merge" on `case:customer_type`
	Current temperature:	0.627
	Current #nodes: 4
	Current energy: -0.353372
		> Current dispersal: 0.252525
		> Current impurity: 0.768622
	----------------------------------------
	Neighbor #nodes: 2
	Neighbor energy: 0.000000
		> Neighbor dispersal: 0.505051
		> Neighbor impurity: 1.000000
	----------------------------------------
	Current best state @ step [3]
	Current best state #nodes: 2
	Current best state energy: -0.375804
		> Current best state dispersal: 0.000000
		> Current best state impurity: 0.768622
	Probability of moving: 0.5690191201215811
			>>> MOVE TO NEIGHBOR
Step [55]	propose "merge" on `concept:name`
	Current temperature:	0.627
	Current #nodes: 2
	Current energy: 0.000000
		> Current dispersal: 0.505051
		> Current impurity: 1.000000
	----------------------------------------
	Neighbor #nodes: 1
	Neighbor energy: 0.000000
		> Neighbor dispersal: 0.000000
		> Neighbor impurity: 1.000000
	----------------------------------------
	Current best state @ step [3]
	Current best state #nodes: 2
	Current best state energy: -0.375804
		> Current best state dispersal: 0.000000
		> Current best state impurity: 0.768622
	Probability of moving: 1.0
			>>> MOVE TO NEIGHBOR
Step [55]	propose "split" on `concept:name`
	Current temperature:	0.627
	Current #nodes: 1
	Current energy: 0.000000
		> Current dispersal: 0.000000
		> Current impurity: 1.000000
	----------------------------------------
	Neighbor #nodes: 2
	Neighbor energy: 0.000000
		> Neighbor dispersal: 0.505051
		> Neighbor impurity: 1.000000
	----------------------------------------
	Current best state @ step [3]
	Current best state #nodes: 2
	Current best state energy: -0.375804
		> Current best state dispersal: 0.000000
		> Current best state impurity: 0.768622
	Probability of moving: 1.0
			>>> MOVE TO NEIGHBOR
Step [55]	propose "split" on `case:customer_type`
	Current temperature:	0.627
	Current #nodes: 2
	Current energy: 0.000000
		> Current dispersal: 0.505051
		> Current impurity: 1.000000
	----------------------------------------
	Neighbor #nodes: 4
	Neighbor energy: -0.353372
		> Neighbor dispersal: 0.252525
		> Neighbor impurity: 0.768622
	----------------------------------------
	Current best state @ step [3]
	Current best state #nodes: 2
	Current best state energy: -0.375804
		> Current best state dispersal: 0.000000
		> Current best state impurity: 0.768622
	Probability of moving: 1.0
			>>> MOVE TO NEIGHBOR
Step [56]	propose "merge" on `concept:name`
	Current temperature:	0.595
	Current #nodes: 4
	Current energy: -0.353372
		> Current dispersal: 0.252525
		> Current impurity: 0.768622
	----------------------------------------
	Neighbor #nodes: 2
	Neighbor energy: -0.375804
		> Neighbor dispersal: 0.000000
		> Neighbor impurity: 0.768622
	----------------------------------------
	Current best state @ step [3]
	Current best state #nodes: 2
	Current best state energy: -0.375804
		> Current best state dispersal: 0.000000
		> Current best state impurity: 0.768622
	Probability of moving: 1.0
			>>> MOVE TO NEIGHBOR
Step [56]	propose "split" on `concept:name`
	Current temperature:	0.595
	Current #nodes: 2
	Current energy: -0.375804
		> Current dispersal: 0.000000
		> Current impurity: 0.768622
	----------------------------------------
	Neighbor #nodes: 4
	Neighbor energy: -0.353372
		> Neighbor dispersal: 0.252525
		> Neighbor impurity: 0.768622
	----------------------------------------
	Current best state @ step [3]
	Current best state #nodes: 2
	Current best state energy: -0.375804
		> Current best state dispersal: 0.000000
		> Current best state impurity: 0.768622
	Probability of moving: 0.9630242644225911
			>>> MOVE TO NEIGHBOR
Step [56]	propose "merge" on `case:customer_type`
	Current temperature:	0.595
	Current #nodes: 4
	Current energy: -0.353372
		> Current dispersal: 0.252525
		> Current impurity: 0.768622
	----------------------------------------
	Neighbor #nodes: 2
	Neighbor energy: 0.000000
		> Neighbor dispersal: 0.505051
		> Neighbor impurity: 1.000000
	----------------------------------------
	Current best state @ step [3]
	Current best state #nodes: 2
	Current best state energy: -0.375804
		> Current best state dispersal: 0.000000
		> Current best state impurity: 0.768622
	Probability of moving: 0.5523810862524109
			>>> MOVE TO NEIGHBOR
Step [56]	propose "split" on `case:customer_type`
	Current temperature:	0.595
	Current #nodes: 2
	Current energy: 0.000000
		> Current dispersal: 0.505051
		> Current impurity: 1.000000
	----------------------------------------
	Neighbor #nodes: 4
	Neighbor energy: -0.353372
		> Neighbor dispersal: 0.252525
		> Neighbor impurity: 0.768622
	----------------------------------------
	Current best state @ step [3]
	Current best state #nodes: 2
	Current best state energy: -0.375804
		> Current best state dispersal: 0.000000
		> Current best state impurity: 0.768622
	Probability of moving: 1.0
			>>> MOVE TO NEIGHBOR
Step [57]	propose "merge" on `case:customer_type`
	Current temperature:	0.566
	Current #nodes: 4
	Current energy: -0.353372
		> Current dispersal: 0.252525
		> Current impurity: 0.768622
	----------------------------------------
	Neighbor #nodes: 2
	Neighbor energy: 0.000000
		> Neighbor dispersal: 0.505051
		> Neighbor impurity: 1.000000
	----------------------------------------
	Current best state @ step [3]
	Current best state #nodes: 2
	Current best state energy: -0.375804
		> Current best state dispersal: 0.000000
		> Current best state impurity: 0.768622
	Probability of moving: 0.5353926697160211
Step [57]	propose "merge" on `case:customer_type`
	Current temperature:	0.566
	Current #nodes: 4
	Current energy: -0.353372
		> Current dispersal: 0.252525
		> Current impurity: 0.768622
	----------------------------------------
	Neighbor #nodes: 2
	Neighbor energy: 0.000000
		> Neighbor dispersal: 0.505051
		> Neighbor impurity: 1.000000
	----------------------------------------
	Current best state @ step [3]
	Current best state #nodes: 2
	Current best state energy: -0.375804
		> Current best state dispersal: 0.000000
		> Current best state impurity: 0.768622
	Probability of moving: 0.5353926697160211
			>>> MOVE TO NEIGHBOR
Step [57]	propose "merge" on `concept:name`
	Current temperature:	0.566
	Current #nodes: 2
	Current energy: 0.000000
		> Current dispersal: 0.505051
		> Current impurity: 1.000000
	----------------------------------------
	Neighbor #nodes: 1
	Neighbor energy: 0.000000
		> Neighbor dispersal: 0.000000
		> Neighbor impurity: 1.000000
	----------------------------------------
	Current best state @ step [3]
	Current best state #nodes: 2
	Current best state energy: -0.375804
		> Current best state dispersal: 0.000000
		> Current best state impurity: 0.768622
	Probability of moving: 1.0
			>>> MOVE TO NEIGHBOR
Step [57]	propose "split" on `case:customer_type`
	Current temperature:	0.566
	Current #nodes: 1
	Current energy: 0.000000
		> Current dispersal: 0.000000
		> Current impurity: 1.000000
	----------------------------------------
	Neighbor #nodes: 2
	Neighbor energy: -0.375804
		> Neighbor dispersal: 0.000000
		> Neighbor impurity: 0.768622
	----------------------------------------
	Current best state @ step [3]
	Current best state #nodes: 2
	Current best state energy: -0.375804
		> Current best state dispersal: 0.000000
		> Current best state impurity: 0.768622
	Probability of moving: 1.0
			>>> MOVE TO NEIGHBOR
Step [58]	propose "merge" on `case:customer_type`
	Current temperature:	0.537
	Current #nodes: 2
	Current energy: -0.375804
		> Current dispersal: 0.000000
		> Current impurity: 0.768622
	----------------------------------------
	Neighbor #nodes: 1
	Neighbor energy: 0.000000
		> Neighbor dispersal: 0.000000
		> Neighbor impurity: 1.000000
	----------------------------------------
	Current best state @ step [3]
	Current best state #nodes: 2
	Current best state energy: -0.375804
		> Current best state dispersal: 0.000000
		> Current best state impurity: 0.768622
	Probability of moving: 0.4968914553088574
Step [58]	propose "split" on `concept:name`
	Current temperature:	0.537
	Current #nodes: 2
	Current energy: -0.375804
		> Current dispersal: 0.000000
		> Current impurity: 0.768622
	----------------------------------------
	Neighbor #nodes: 4
	Neighbor energy: -0.353372
		> Neighbor dispersal: 0.252525
		> Neighbor impurity: 0.768622
	----------------------------------------
	Current best state @ step [3]
	Current best state #nodes: 2
	Current best state energy: -0.375804
		> Current best state dispersal: 0.000000
		> Current best state impurity: 0.768622
	Probability of moving: 0.9591124018097101
			>>> MOVE TO NEIGHBOR
Step [58]	propose "merge" on `case:customer_type`
	Current temperature:	0.537
	Current #nodes: 4
	Current energy: -0.353372
		> Current dispersal: 0.252525
		> Current impurity: 0.768622
	----------------------------------------
	Neighbor #nodes: 2
	Neighbor energy: 0.000000
		> Neighbor dispersal: 0.505051
		> Neighbor impurity: 1.000000
	----------------------------------------
	Current best state @ step [3]
	Current best state #nodes: 2
	Current best state energy: -0.375804
		> Current best state dispersal: 0.000000
		> Current best state impurity: 0.768622
	Probability of moving: 0.518074267803537
Step [58]	propose "merge" on `case:customer_type`
	Current temperature:	0.537
	Current #nodes: 4
	Current energy: -0.353372
		> Current dispersal: 0.252525
		> Current impurity: 0.768622
	----------------------------------------
	Neighbor #nodes: 2
	Neighbor energy: 0.000000
		> Neighbor dispersal: 0.505051
		> Neighbor impurity: 1.000000
	----------------------------------------
	Current best state @ step [3]
	Current best state #nodes: 2
	Current best state energy: -0.375804
		> Current best state dispersal: 0.000000
		> Current best state impurity: 0.768622
	Probability of moving: 0.518074267803537
Step [59]	propose "merge" on `concept:name`
	Current temperature:	0.510
	Current #nodes: 4
	Current energy: -0.353372
		> Current dispersal: 0.252525
		> Current impurity: 0.768622
	----------------------------------------
	Neighbor #nodes: 2
	Neighbor energy: -0.375804
		> Neighbor dispersal: 0.000000
		> Neighbor impurity: 0.768622
	----------------------------------------
	Current best state @ step [3]
	Current best state #nodes: 2
	Current best state energy: -0.375804
		> Current best state dispersal: 0.000000
		> Current best state impurity: 0.768622
	Probability of moving: 1.0
			>>> MOVE TO NEIGHBOR
Step [59]	propose "split" on `concept:name`
	Current temperature:	0.510
	Current #nodes: 2
	Current energy: -0.375804
		> Current dispersal: 0.000000
		> Current impurity: 0.768622
	----------------------------------------
	Neighbor #nodes: 4
	Neighbor energy: -0.353372
		> Neighbor dispersal: 0.252525
		> Neighbor impurity: 0.768622
	----------------------------------------
	Current best state @ step [3]
	Current best state #nodes: 2
	Current best state energy: -0.375804
		> Current best state dispersal: 0.000000
		> Current best state impurity: 0.768622
	Probability of moving: 0.9570073432354227
			>>> MOVE TO NEIGHBOR
Step [59]	propose "merge" on `concept:name`
	Current temperature:	0.510
	Current #nodes: 4
	Current energy: -0.353372
		> Current dispersal: 0.252525
		> Current impurity: 0.768622
	----------------------------------------
	Neighbor #nodes: 2
	Neighbor energy: -0.375804
		> Neighbor dispersal: 0.000000
		> Neighbor impurity: 0.768622
	----------------------------------------
	Current best state @ step [3]
	Current best state #nodes: 2
	Current best state energy: -0.375804
		> Current best state dispersal: 0.000000
		> Current best state impurity: 0.768622
	Probability of moving: 1.0
			>>> MOVE TO NEIGHBOR
Step [59]	propose "split" on `concept:name`
	Current temperature:	0.510
	Current #nodes: 2
	Current energy: -0.375804
		> Current dispersal: 0.000000
		> Current impurity: 0.768622
	----------------------------------------
	Neighbor #nodes: 4
	Neighbor energy: -0.353372
		> Neighbor dispersal: 0.252525
		> Neighbor impurity: 0.768622
	----------------------------------------
	Current best state @ step [3]
	Current best state #nodes: 2
	Current best state energy: -0.375804
		> Current best state dispersal: 0.000000
		> Current best state impurity: 0.768622
	Probability of moving: 0.9570073432354227
			>>> MOVE TO NEIGHBOR
Step [60]	propose "merge" on `concept:name`
	Current temperature:	0.485
	Current #nodes: 4
	Current energy: -0.353372
		> Current dispersal: 0.252525
		> Current impurity: 0.768622
	----------------------------------------
	Neighbor #nodes: 2
	Neighbor energy: -0.375804
		> Neighbor dispersal: 0.000000
		> Neighbor impurity: 0.768622
	----------------------------------------
	Current best state @ step [3]
	Current best state #nodes: 2
	Current best state energy: -0.375804
		> Current best state dispersal: 0.000000
		> Current best state impurity: 0.768622
	Probability of moving: 1.0
			>>> MOVE TO NEIGHBOR
Step [60]	propose "split" on `concept:name`
	Current temperature:	0.485
	Current #nodes: 2
	Current energy: -0.375804
		> Current dispersal: 0.000000
		> Current impurity: 0.768622
	----------------------------------------
	Neighbor #nodes: 4
	Neighbor energy: -0.353372
		> Neighbor dispersal: 0.252525
		> Neighbor impurity: 0.768622
	----------------------------------------
	Current best state @ step [3]
	Current best state #nodes: 2
	Current best state energy: -0.375804
		> Current best state dispersal: 0.000000
		> Current best state impurity: 0.768622
	Probability of moving: 0.9547964832421176
Step [60]	propose "split" on `concept:name`
	Current temperature:	0.485
	Current #nodes: 2
	Current energy: -0.375804
		> Current dispersal: 0.000000
		> Current impurity: 0.768622
	----------------------------------------
	Neighbor #nodes: 4
	Neighbor energy: -0.353372
		> Neighbor dispersal: 0.252525
		> Neighbor impurity: 0.768622
	----------------------------------------
	Current best state @ step [3]
	Current best state #nodes: 2
	Current best state energy: -0.375804
		> Current best state dispersal: 0.000000
		> Current best state impurity: 0.768622
	Probability of moving: 0.9547964832421176
			>>> MOVE TO NEIGHBOR
Step [60]	propose "merge" on `case:customer_type`
	Current temperature:	0.485
	Current #nodes: 4
	Current energy: -0.353372
		> Current dispersal: 0.252525
		> Current impurity: 0.768622
	----------------------------------------
	Neighbor #nodes: 2
	Neighbor energy: 0.000000
		> Neighbor dispersal: 0.505051
		> Neighbor impurity: 1.000000
	----------------------------------------
	Current best state @ step [3]
	Current best state #nodes: 2
	Current best state energy: -0.375804
		> Current best state dispersal: 0.000000
		> Current best state impurity: 0.768622
	Probability of moving: 0.48254394046442173
			>>> MOVE TO NEIGHBOR
Step [61]	propose "merge" on `concept:name`
	Current temperature:	0.461
	Current #nodes: 2
	Current energy: 0.000000
		> Current dispersal: 0.505051
		> Current impurity: 1.000000
	----------------------------------------
	Neighbor #nodes: 1
	Neighbor energy: 0.000000
		> Neighbor dispersal: 0.000000
		> Neighbor impurity: 1.000000
	----------------------------------------
	Current best state @ step [3]
	Current best state #nodes: 2
	Current best state energy: -0.375804
		> Current best state dispersal: 0.000000
		> Current best state impurity: 0.768622
	Probability of moving: 1.0
			>>> MOVE TO NEIGHBOR
Step [61]	propose "split" on `concept:name`
	Current temperature:	0.461
	Current #nodes: 1
	Current energy: 0.000000
		> Current dispersal: 0.000000
		> Current impurity: 1.000000
	----------------------------------------
	Neighbor #nodes: 2
	Neighbor energy: 0.000000
		> Neighbor dispersal: 0.505051
		> Neighbor impurity: 1.000000
	----------------------------------------
	Current best state @ step [3]
	Current best state #nodes: 2
	Current best state energy: -0.375804
		> Current best state dispersal: 0.000000
		> Current best state impurity: 0.768622
	Probability of moving: 1.0
			>>> MOVE TO NEIGHBOR
Step [61]	propose "split" on `case:customer_type`
	Current temperature:	0.461
	Current #nodes: 2
	Current energy: 0.000000
		> Current dispersal: 0.505051
		> Current impurity: 1.000000
	----------------------------------------
	Neighbor #nodes: 4
	Neighbor energy: -0.353372
		> Neighbor dispersal: 0.252525
		> Neighbor impurity: 0.768622
	----------------------------------------
	Current best state @ step [3]
	Current best state #nodes: 2
	Current best state energy: -0.375804
		> Current best state dispersal: 0.000000
		> Current best state impurity: 0.768622
	Probability of moving: 1.0
			>>> MOVE TO NEIGHBOR
Step [61]	propose "merge" on `case:customer_type`
	Current temperature:	0.461
	Current #nodes: 4
	Current energy: -0.353372
		> Current dispersal: 0.252525
		> Current impurity: 0.768622
	----------------------------------------
	Neighbor #nodes: 2
	Neighbor energy: 0.000000
		> Neighbor dispersal: 0.505051
		> Neighbor impurity: 1.000000
	----------------------------------------
	Current best state @ step [3]
	Current best state #nodes: 2
	Current best state energy: -0.375804
		> Current best state dispersal: 0.000000
		> Current best state impurity: 0.768622
	Probability of moving: 0.46438791777485183
Step [62]	propose "merge" on `case:customer_type`
	Current temperature:	0.438
	Current #nodes: 4
	Current energy: -0.353372
		> Current dispersal: 0.252525
		> Current impurity: 0.768622
	----------------------------------------
	Neighbor #nodes: 2
	Neighbor energy: 0.000000
		> Neighbor dispersal: 0.505051
		> Neighbor impurity: 1.000000
	----------------------------------------
	Current best state @ step [3]
	Current best state #nodes: 2
	Current best state energy: -0.375804
		> Current best state dispersal: 0.000000
		> Current best state impurity: 0.768622
	Probability of moving: 0.4460138329125442
			>>> MOVE TO NEIGHBOR
Step [62]	propose "merge" on `concept:name`
	Current temperature:	0.438
	Current #nodes: 2
	Current energy: 0.000000
		> Current dispersal: 0.505051
		> Current impurity: 1.000000
	----------------------------------------
	Neighbor #nodes: 1
	Neighbor energy: 0.000000
		> Neighbor dispersal: 0.000000
		> Neighbor impurity: 1.000000
	----------------------------------------
	Current best state @ step [3]
	Current best state #nodes: 2
	Current best state energy: -0.375804
		> Current best state dispersal: 0.000000
		> Current best state impurity: 0.768622
	Probability of moving: 1.0
			>>> MOVE TO NEIGHBOR
Step [62]	propose "split" on `concept:name`
	Current temperature:	0.438
	Current #nodes: 1
	Current energy: 0.000000
		> Current dispersal: 0.000000
		> Current impurity: 1.000000
	----------------------------------------
	Neighbor #nodes: 2
	Neighbor energy: 0.000000
		> Neighbor dispersal: 0.505051
		> Neighbor impurity: 1.000000
	----------------------------------------
	Current best state @ step [3]
	Current best state #nodes: 2
	Current best state energy: -0.375804
		> Current best state dispersal: 0.000000
		> Current best state impurity: 0.768622
	Probability of moving: 1.0
			>>> MOVE TO NEIGHBOR
Step [62]	propose "merge" on `concept:name`
	Current temperature:	0.438
	Current #nodes: 2
	Current energy: 0.000000
		> Current dispersal: 0.505051
		> Current impurity: 1.000000
	----------------------------------------
	Neighbor #nodes: 1
	Neighbor energy: 0.000000
		> Neighbor dispersal: 0.000000
		> Neighbor impurity: 1.000000
	----------------------------------------
	Current best state @ step [3]
	Current best state #nodes: 2
	Current best state energy: -0.375804
		> Current best state dispersal: 0.000000
		> Current best state impurity: 0.768622
	Probability of moving: 1.0
			>>> MOVE TO NEIGHBOR
Step [63]	propose "split" on `concept:name`
	Current temperature:	0.416
	Current #nodes: 1
	Current energy: 0.000000
		> Current dispersal: 0.000000
		> Current impurity: 1.000000
	----------------------------------------
	Neighbor #nodes: 2
	Neighbor energy: 0.000000
		> Neighbor dispersal: 0.505051
		> Neighbor impurity: 1.000000
	----------------------------------------
	Current best state @ step [3]
	Current best state #nodes: 2
	Current best state energy: -0.375804
		> Current best state dispersal: 0.000000
		> Current best state impurity: 0.768622
	Probability of moving: 1.0
			>>> MOVE TO NEIGHBOR
Step [63]	propose "merge" on `concept:name`
	Current temperature:	0.416
	Current #nodes: 2
	Current energy: 0.000000
		> Current dispersal: 0.505051
		> Current impurity: 1.000000
	----------------------------------------
	Neighbor #nodes: 1
	Neighbor energy: 0.000000
		> Neighbor dispersal: 0.000000
		> Neighbor impurity: 1.000000
	----------------------------------------
	Current best state @ step [3]
	Current best state #nodes: 2
	Current best state energy: -0.375804
		> Current best state dispersal: 0.000000
		> Current best state impurity: 0.768622
	Probability of moving: 1.0
			>>> MOVE TO NEIGHBOR
Step [63]	propose "split" on `concept:name`
	Current temperature:	0.416
	Current #nodes: 1
	Current energy: 0.000000
		> Current dispersal: 0.000000
		> Current impurity: 1.000000
	----------------------------------------
	Neighbor #nodes: 2
	Neighbor energy: 0.000000
		> Neighbor dispersal: 0.505051
		> Neighbor impurity: 1.000000
	----------------------------------------
	Current best state @ step [3]
	Current best state #nodes: 2
	Current best state energy: -0.375804
		> Current best state dispersal: 0.000000
		> Current best state impurity: 0.768622
	Probability of moving: 1.0
			>>> MOVE TO NEIGHBOR
Step [63]	propose "split" on `case:customer_type`
	Current temperature:	0.416
	Current #nodes: 2
	Current energy: 0.000000
		> Current dispersal: 0.505051
		> Current impurity: 1.000000
	----------------------------------------
	Neighbor #nodes: 4
	Neighbor energy: -0.353372
		> Neighbor dispersal: 0.252525
		> Neighbor impurity: 0.768622
	----------------------------------------
	Current best state @ step [3]
	Current best state #nodes: 2
	Current best state energy: -0.375804
		> Current best state dispersal: 0.000000
		> Current best state impurity: 0.768622
	Probability of moving: 1.0
			>>> MOVE TO NEIGHBOR
Step [64]	propose "merge" on `concept:name`
	Current temperature:	0.395
	Current #nodes: 4
	Current energy: -0.353372
		> Current dispersal: 0.252525
		> Current impurity: 0.768622
	----------------------------------------
	Neighbor #nodes: 2
	Neighbor energy: -0.375804
		> Neighbor dispersal: 0.000000
		> Neighbor impurity: 0.768622
	----------------------------------------
	Current best state @ step [3]
	Current best state #nodes: 2
	Current best state energy: -0.375804
		> Current best state dispersal: 0.000000
		> Current best state impurity: 0.768622
	Probability of moving: 1.0
			>>> MOVE TO NEIGHBOR
Step [64]	propose "split" on `concept:name`
	Current temperature:	0.395
	Current #nodes: 2
	Current energy: -0.375804
		> Current dispersal: 0.000000
		> Current impurity: 0.768622
	----------------------------------------
	Neighbor #nodes: 4
	Neighbor energy: -0.353372
		> Neighbor dispersal: 0.252525
		> Neighbor impurity: 0.768622
	----------------------------------------
	Current best state @ step [3]
	Current best state #nodes: 2
	Current best state energy: -0.375804
		> Current best state dispersal: 0.000000
		> Current best state impurity: 0.768622
	Probability of moving: 0.9447909959262817
			>>> MOVE TO NEIGHBOR
Step [64]	propose "merge" on `case:customer_type`
	Current temperature:	0.395
	Current #nodes: 4
	Current energy: -0.353372
		> Current dispersal: 0.252525
		> Current impurity: 0.768622
	----------------------------------------
	Neighbor #nodes: 2
	Neighbor energy: 0.000000
		> Neighbor dispersal: 0.505051
		> Neighbor impurity: 1.000000
	----------------------------------------
	Current best state @ step [3]
	Current best state #nodes: 2
	Current best state energy: -0.375804
		> Current best state dispersal: 0.000000
		> Current best state impurity: 0.768622
	Probability of moving: 0.4087580247319012
Step [64]	propose "merge" on `case:customer_type`
	Current temperature:	0.395
	Current #nodes: 4
	Current energy: -0.353372
		> Current dispersal: 0.252525
		> Current impurity: 0.768622
	----------------------------------------
	Neighbor #nodes: 2
	Neighbor energy: 0.000000
		> Neighbor dispersal: 0.505051
		> Neighbor impurity: 1.000000
	----------------------------------------
	Current best state @ step [3]
	Current best state #nodes: 2
	Current best state energy: -0.375804
		> Current best state dispersal: 0.000000
		> Current best state impurity: 0.768622
	Probability of moving: 0.4087580247319012
Step [65]	propose "merge" on `case:customer_type`
	Current temperature:	0.375
	Current #nodes: 4
	Current energy: -0.353372
		> Current dispersal: 0.252525
		> Current impurity: 0.768622
	----------------------------------------
	Neighbor #nodes: 2
	Neighbor energy: 0.000000
		> Neighbor dispersal: 0.505051
		> Neighbor impurity: 1.000000
	----------------------------------------
	Current best state @ step [3]
	Current best state #nodes: 2
	Current best state energy: -0.375804
		> Current best state dispersal: 0.000000
		> Current best state impurity: 0.768622
	Probability of moving: 0.3899573848829275
Step [65]	propose "merge" on `case:customer_type`
	Current temperature:	0.375
	Current #nodes: 4
	Current energy: -0.353372
		> Current dispersal: 0.252525
		> Current impurity: 0.768622
	----------------------------------------
	Neighbor #nodes: 2
	Neighbor energy: 0.000000
		> Neighbor dispersal: 0.505051
		> Neighbor impurity: 1.000000
	----------------------------------------
	Current best state @ step [3]
	Current best state #nodes: 2
	Current best state energy: -0.375804
		> Current best state dispersal: 0.000000
		> Current best state impurity: 0.768622
	Probability of moving: 0.3899573848829275
			>>> MOVE TO NEIGHBOR
Step [65]	propose "split" on `case:customer_type`
	Current temperature:	0.375
	Current #nodes: 2
	Current energy: 0.000000
		> Current dispersal: 0.505051
		> Current impurity: 1.000000
	----------------------------------------
	Neighbor #nodes: 4
	Neighbor energy: -0.353372
		> Neighbor dispersal: 0.252525
		> Neighbor impurity: 0.768622
	----------------------------------------
	Current best state @ step [3]
	Current best state #nodes: 2
	Current best state energy: -0.375804
		> Current best state dispersal: 0.000000
		> Current best state impurity: 0.768622
	Probability of moving: 1.0
			>>> MOVE TO NEIGHBOR
Step [65]	propose "merge" on `case:customer_type`
	Current temperature:	0.375
	Current #nodes: 4
	Current energy: -0.353372
		> Current dispersal: 0.252525
		> Current impurity: 0.768622
	----------------------------------------
	Neighbor #nodes: 2
	Neighbor energy: 0.000000
		> Neighbor dispersal: 0.505051
		> Neighbor impurity: 1.000000
	----------------------------------------
	Current best state @ step [3]
	Current best state #nodes: 2
	Current best state energy: -0.375804
		> Current best state dispersal: 0.000000
		> Current best state impurity: 0.768622
	Probability of moving: 0.3899573848829275
Step [66]	propose "merge" on `concept:name`
	Current temperature:	0.356
	Current #nodes: 4
	Current energy: -0.353372
		> Current dispersal: 0.252525
		> Current impurity: 0.768622
	----------------------------------------
	Neighbor #nodes: 2
	Neighbor energy: -0.375804
		> Neighbor dispersal: 0.000000
		> Neighbor impurity: 0.768622
	----------------------------------------
	Current best state @ step [3]
	Current best state #nodes: 2
	Current best state energy: -0.375804
		> Current best state dispersal: 0.000000
		> Current best state impurity: 0.768622
	Probability of moving: 1.0
			>>> MOVE TO NEIGHBOR
Step [66]	propose "split" on `concept:name`
	Current temperature:	0.356
	Current #nodes: 2
	Current energy: -0.375804
		> Current dispersal: 0.000000
		> Current impurity: 0.768622
	----------------------------------------
	Neighbor #nodes: 4
	Neighbor energy: -0.353372
		> Neighbor dispersal: 0.252525
		> Neighbor impurity: 0.768622
	----------------------------------------
	Current best state @ step [3]
	Current best state #nodes: 2
	Current best state energy: -0.375804
		> Current best state dispersal: 0.000000
		> Current best state impurity: 0.768622
	Probability of moving: 0.9390120952450565
			>>> MOVE TO NEIGHBOR
Step [66]	propose "merge" on `concept:name`
	Current temperature:	0.356
	Current #nodes: 4
	Current energy: -0.353372
		> Current dispersal: 0.252525
		> Current impurity: 0.768622
	----------------------------------------
	Neighbor #nodes: 2
	Neighbor energy: -0.375804
		> Neighbor dispersal: 0.000000
		> Neighbor impurity: 0.768622
	----------------------------------------
	Current best state @ step [3]
	Current best state #nodes: 2
	Current best state energy: -0.375804
		> Current best state dispersal: 0.000000
		> Current best state impurity: 0.768622
	Probability of moving: 1.0
			>>> MOVE TO NEIGHBOR
Step [66]	propose "merge" on `case:customer_type`
	Current temperature:	0.356
	Current #nodes: 2
	Current energy: -0.375804
		> Current dispersal: 0.000000
		> Current impurity: 0.768622
	----------------------------------------
	Neighbor #nodes: 1
	Neighbor energy: 0.000000
		> Neighbor dispersal: 0.000000
		> Neighbor impurity: 1.000000
	----------------------------------------
	Current best state @ step [3]
	Current best state #nodes: 2
	Current best state energy: -0.375804
		> Current best state dispersal: 0.000000
		> Current best state impurity: 0.768622
	Probability of moving: 0.3484680157909929
			>>> MOVE TO NEIGHBOR
Step [67]	propose "split" on `case:customer_type`
	Current temperature:	0.339
	Current #nodes: 1
	Current energy: 0.000000
		> Current dispersal: 0.000000
		> Current impurity: 1.000000
	----------------------------------------
	Neighbor #nodes: 2
	Neighbor energy: -0.375804
		> Neighbor dispersal: 0.000000
		> Neighbor impurity: 0.768622
	----------------------------------------
	Current best state @ step [3]
	Current best state #nodes: 2
	Current best state energy: -0.375804
		> Current best state dispersal: 0.000000
		> Current best state impurity: 0.768622
	Probability of moving: 1.0
			>>> MOVE TO NEIGHBOR
Step [67]	propose "merge" on `case:customer_type`
	Current temperature:	0.339
	Current #nodes: 2
	Current energy: -0.375804
		> Current dispersal: 0.000000
		> Current impurity: 0.768622
	----------------------------------------
	Neighbor #nodes: 1
	Neighbor energy: 0.000000
		> Neighbor dispersal: 0.000000
		> Neighbor impurity: 1.000000
	----------------------------------------
	Current best state @ step [3]
	Current best state #nodes: 2
	Current best state energy: -0.375804
		> Current best state dispersal: 0.000000
		> Current best state impurity: 0.768622
	Probability of moving: 0.32965998472053626
Step [67]	propose "split" on `concept:name`
	Current temperature:	0.339
	Current #nodes: 2
	Current energy: -0.375804
		> Current dispersal: 0.000000
		> Current impurity: 0.768622
	----------------------------------------
	Neighbor #nodes: 4
	Neighbor energy: -0.353372
		> Neighbor dispersal: 0.252525
		> Neighbor impurity: 0.768622
	----------------------------------------
	Current best state @ step [3]
	Current best state #nodes: 2
	Current best state energy: -0.375804
		> Current best state dispersal: 0.000000
		> Current best state impurity: 0.768622
	Probability of moving: 0.9359072849323825
			>>> MOVE TO NEIGHBOR
Step [67]	propose "merge" on `case:customer_type`
	Current temperature:	0.339
	Current #nodes: 4
	Current energy: -0.353372
		> Current dispersal: 0.252525
		> Current impurity: 0.768622
	----------------------------------------
	Neighbor #nodes: 2
	Neighbor energy: 0.000000
		> Neighbor dispersal: 0.505051
		> Neighbor impurity: 1.000000
	----------------------------------------
	Current best state @ step [3]
	Current best state #nodes: 2
	Current best state energy: -0.375804
		> Current best state dispersal: 0.000000
		> Current best state impurity: 0.768622
	Probability of moving: 0.3522357289315828
			>>> MOVE TO NEIGHBOR
Step [68]	propose "split" on `case:customer_type`
	Current temperature:	0.322
	Current #nodes: 2
	Current energy: 0.000000
		> Current dispersal: 0.505051
		> Current impurity: 1.000000
	----------------------------------------
	Neighbor #nodes: 4
	Neighbor energy: -0.353372
		> Neighbor dispersal: 0.252525
		> Neighbor impurity: 0.768622
	----------------------------------------
	Current best state @ step [3]
	Current best state #nodes: 2
	Current best state energy: -0.375804
		> Current best state dispersal: 0.000000
		> Current best state impurity: 0.768622
	Probability of moving: 1.0
			>>> MOVE TO NEIGHBOR
Step [68]	propose "merge" on `case:customer_type`
	Current temperature:	0.322
	Current #nodes: 4
	Current energy: -0.353372
		> Current dispersal: 0.252525
		> Current impurity: 0.768622
	----------------------------------------
	Neighbor #nodes: 2
	Neighbor energy: 0.000000
		> Neighbor dispersal: 0.505051
		> Neighbor impurity: 1.000000
	----------------------------------------
	Current best state @ step [3]
	Current best state #nodes: 2
	Current best state energy: -0.375804
		> Current best state dispersal: 0.000000
		> Current best state impurity: 0.768622
	Probability of moving: 0.33341300291471815
Step [68]	propose "merge" on `concept:name`
	Current temperature:	0.322
	Current #nodes: 4
	Current energy: -0.353372
		> Current dispersal: 0.252525
		> Current impurity: 0.768622
	----------------------------------------
	Neighbor #nodes: 2
	Neighbor energy: -0.375804
		> Neighbor dispersal: 0.000000
		> Neighbor impurity: 0.768622
	----------------------------------------
	Current best state @ step [3]
	Current best state #nodes: 2
	Current best state energy: -0.375804
		> Current best state dispersal: 0.000000
		> Current best state impurity: 0.768622
	Probability of moving: 1.0
			>>> MOVE TO NEIGHBOR
Step [68]	propose "merge" on `case:customer_type`
	Current temperature:	0.322
	Current #nodes: 2
	Current energy: -0.375804
		> Current dispersal: 0.000000
		> Current impurity: 0.768622
	----------------------------------------
	Neighbor #nodes: 1
	Neighbor energy: 0.000000
		> Neighbor dispersal: 0.000000
		> Neighbor impurity: 1.000000
	----------------------------------------
	Current best state @ step [3]
	Current best state #nodes: 2
	Current best state energy: -0.375804
		> Current best state dispersal: 0.000000
		> Current best state impurity: 0.768622
	Probability of moving: 0.3109576883608138
Step [69]	propose "merge" on `case:customer_type`
	Current temperature:	0.306
	Current #nodes: 2
	Current energy: -0.375804
		> Current dispersal: 0.000000
		> Current impurity: 0.768622
	----------------------------------------
	Neighbor #nodes: 1
	Neighbor energy: 0.000000
		> Neighbor dispersal: 0.000000
		> Neighbor impurity: 1.000000
	----------------------------------------
	Current best state @ step [3]
	Current best state #nodes: 2
	Current best state energy: -0.375804
		> Current best state dispersal: 0.000000
		> Current best state impurity: 0.768622
	Probability of moving: 0.2924161585338111
Step [69]	propose "merge" on `case:customer_type`
	Current temperature:	0.306
	Current #nodes: 2
	Current energy: -0.375804
		> Current dispersal: 0.000000
		> Current impurity: 0.768622
	----------------------------------------
	Neighbor #nodes: 1
	Neighbor energy: 0.000000
		> Neighbor dispersal: 0.000000
		> Neighbor impurity: 1.000000
	----------------------------------------
	Current best state @ step [3]
	Current best state #nodes: 2
	Current best state energy: -0.375804
		> Current best state dispersal: 0.000000
		> Current best state impurity: 0.768622
	Probability of moving: 0.2924161585338111
Step [69]	propose "merge" on `case:customer_type`
	Current temperature:	0.306
	Current #nodes: 2
	Current energy: -0.375804
		> Current dispersal: 0.000000
		> Current impurity: 0.768622
	----------------------------------------
	Neighbor #nodes: 1
	Neighbor energy: 0.000000
		> Neighbor dispersal: 0.000000
		> Neighbor impurity: 1.000000
	----------------------------------------
	Current best state @ step [3]
	Current best state #nodes: 2
	Current best state energy: -0.375804
		> Current best state dispersal: 0.000000
		> Current best state impurity: 0.768622
	Probability of moving: 0.2924161585338111
Step [69]	propose "merge" on `case:customer_type`
	Current temperature:	0.306
	Current #nodes: 2
	Current energy: -0.375804
		> Current dispersal: 0.000000
		> Current impurity: 0.768622
	----------------------------------------
	Neighbor #nodes: 1
	Neighbor energy: 0.000000
		> Neighbor dispersal: 0.000000
		> Neighbor impurity: 1.000000
	----------------------------------------
	Current best state @ step [3]
	Current best state #nodes: 2
	Current best state energy: -0.375804
		> Current best state dispersal: 0.000000
		> Current best state impurity: 0.768622
	Probability of moving: 0.2924161585338111
Step [70]	propose "merge" on `case:customer_type`
	Current temperature:	0.290
	Current #nodes: 2
	Current energy: -0.375804
		> Current dispersal: 0.000000
		> Current impurity: 0.768622
	----------------------------------------
	Neighbor #nodes: 1
	Neighbor energy: 0.000000
		> Neighbor dispersal: 0.000000
		> Neighbor impurity: 1.000000
	----------------------------------------
	Current best state @ step [3]
	Current best state #nodes: 2
	Current best state energy: -0.375804
		> Current best state dispersal: 0.000000
		> Current best state impurity: 0.768622
	Probability of moving: 0.27409188416338187
Step [70]	propose "merge" on `case:customer_type`
	Current temperature:	0.290
	Current #nodes: 2
	Current energy: -0.375804
		> Current dispersal: 0.000000
		> Current impurity: 0.768622
	----------------------------------------
	Neighbor #nodes: 1
	Neighbor energy: 0.000000
		> Neighbor dispersal: 0.000000
		> Neighbor impurity: 1.000000
	----------------------------------------
	Current best state @ step [3]
	Current best state #nodes: 2
	Current best state energy: -0.375804
		> Current best state dispersal: 0.000000
		> Current best state impurity: 0.768622
	Probability of moving: 0.27409188416338187
Step [70]	propose "merge" on `case:customer_type`
	Current temperature:	0.290
	Current #nodes: 2
	Current energy: -0.375804
		> Current dispersal: 0.000000
		> Current impurity: 0.768622
	----------------------------------------
	Neighbor #nodes: 1
	Neighbor energy: 0.000000
		> Neighbor dispersal: 0.000000
		> Neighbor impurity: 1.000000
	----------------------------------------
	Current best state @ step [3]
	Current best state #nodes: 2
	Current best state energy: -0.375804
		> Current best state dispersal: 0.000000
		> Current best state impurity: 0.768622
	Probability of moving: 0.27409188416338187
Step [70]	propose "split" on `concept:name`
	Current temperature:	0.290
	Current #nodes: 2
	Current energy: -0.375804
		> Current dispersal: 0.000000
		> Current impurity: 0.768622
	----------------------------------------
	Neighbor #nodes: 4
	Neighbor energy: -0.353372
		> Neighbor dispersal: 0.252525
		> Neighbor impurity: 0.768622
	----------------------------------------
	Current best state @ step [3]
	Current best state #nodes: 2
	Current best state energy: -0.375804
		> Current best state dispersal: 0.000000
		> Current best state impurity: 0.768622
	Probability of moving: 0.9256512378002779
			>>> MOVE TO NEIGHBOR
Step [71]	propose "merge" on `case:customer_type`
	Current temperature:	0.276
	Current #nodes: 4
	Current energy: -0.353372
		> Current dispersal: 0.252525
		> Current impurity: 0.768622
	----------------------------------------
	Neighbor #nodes: 2
	Neighbor energy: 0.000000
		> Neighbor dispersal: 0.505051
		> Neighbor impurity: 1.000000
	----------------------------------------
	Current best state @ step [3]
	Current best state #nodes: 2
	Current best state energy: -0.375804
		> Current best state dispersal: 0.000000
		> Current best state impurity: 0.768622
	Probability of moving: 0.2777348034318261
Step [71]	propose "merge" on `concept:name`
	Current temperature:	0.276
	Current #nodes: 4
	Current energy: -0.353372
		> Current dispersal: 0.252525
		> Current impurity: 0.768622
	----------------------------------------
	Neighbor #nodes: 2
	Neighbor energy: -0.375804
		> Neighbor dispersal: 0.000000
		> Neighbor impurity: 0.768622
	----------------------------------------
	Current best state @ step [3]
	Current best state #nodes: 2
	Current best state energy: -0.375804
		> Current best state dispersal: 0.000000
		> Current best state impurity: 0.768622
	Probability of moving: 1.0
			>>> MOVE TO NEIGHBOR
Step [71]	propose "split" on `concept:name`
	Current temperature:	0.276
	Current #nodes: 2
	Current energy: -0.375804
		> Current dispersal: 0.000000
		> Current impurity: 0.768622
	----------------------------------------
	Neighbor #nodes: 4
	Neighbor energy: -0.353372
		> Neighbor dispersal: 0.252525
		> Neighbor impurity: 0.768622
	----------------------------------------
	Current best state @ step [3]
	Current best state #nodes: 2
	Current best state energy: -0.375804
		> Current best state dispersal: 0.000000
		> Current best state impurity: 0.768622
	Probability of moving: 0.9218949992336384
			>>> MOVE TO NEIGHBOR
Step [71]	propose "merge" on `concept:name`
	Current temperature:	0.276
	Current #nodes: 4
	Current energy: -0.353372
		> Current dispersal: 0.252525
		> Current impurity: 0.768622
	----------------------------------------
	Neighbor #nodes: 2
	Neighbor energy: -0.375804
		> Neighbor dispersal: 0.000000
		> Neighbor impurity: 0.768622
	----------------------------------------
	Current best state @ step [3]
	Current best state #nodes: 2
	Current best state energy: -0.375804
		> Current best state dispersal: 0.000000
		> Current best state impurity: 0.768622
	Probability of moving: 1.0
			>>> MOVE TO NEIGHBOR
Step [72]	propose "split" on `concept:name`
	Current temperature:	0.262
	Current #nodes: 2
	Current energy: -0.375804
		> Current dispersal: 0.000000
		> Current impurity: 0.768622
	----------------------------------------
	Neighbor #nodes: 4
	Neighbor energy: -0.353372
		> Neighbor dispersal: 0.252525
		> Neighbor impurity: 0.768622
	----------------------------------------
	Current best state @ step [3]
	Current best state #nodes: 2
	Current best state energy: -0.375804
		> Current best state dispersal: 0.000000
		> Current best state impurity: 0.768622
	Probability of moving: 0.9179575297977204
			>>> MOVE TO NEIGHBOR
Step [72]	propose "merge" on `case:customer_type`
	Current temperature:	0.262
	Current #nodes: 4
	Current energy: -0.353372
		> Current dispersal: 0.252525
		> Current impurity: 0.768622
	----------------------------------------
	Neighbor #nodes: 2
	Neighbor energy: 0.000000
		> Neighbor dispersal: 0.505051
		> Neighbor impurity: 1.000000
	----------------------------------------
	Current best state @ step [3]
	Current best state #nodes: 2
	Current best state energy: -0.375804
		> Current best state dispersal: 0.000000
		> Current best state impurity: 0.768622
	Probability of moving: 0.2596257055990203
Step [72]	propose "merge" on `concept:name`
	Current temperature:	0.262
	Current #nodes: 4
	Current energy: -0.353372
		> Current dispersal: 0.252525
		> Current impurity: 0.768622
	----------------------------------------
	Neighbor #nodes: 2
	Neighbor energy: -0.375804
		> Neighbor dispersal: 0.000000
		> Neighbor impurity: 0.768622
	----------------------------------------
	Current best state @ step [3]
	Current best state #nodes: 2
	Current best state energy: -0.375804
		> Current best state dispersal: 0.000000
		> Current best state impurity: 0.768622
	Probability of moving: 1.0
			>>> MOVE TO NEIGHBOR
Step [72]	propose "merge" on `case:customer_type`
	Current temperature:	0.262
	Current #nodes: 2
	Current energy: -0.375804
		> Current dispersal: 0.000000
		> Current impurity: 0.768622
	----------------------------------------
	Neighbor #nodes: 1
	Neighbor energy: 0.000000
		> Neighbor dispersal: 0.000000
		> Neighbor impurity: 1.000000
	----------------------------------------
	Current best state @ step [3]
	Current best state #nodes: 2
	Current best state energy: -0.375804
		> Current best state dispersal: 0.000000
		> Current best state impurity: 0.768622
	Probability of moving: 0.23832537138366686
Step [73]	propose "split" on `concept:name`
	Current temperature:	0.249
	Current #nodes: 2
	Current energy: -0.375804
		> Current dispersal: 0.000000
		> Current impurity: 0.768622
	----------------------------------------
	Neighbor #nodes: 4
	Neighbor energy: -0.353372
		> Neighbor dispersal: 0.252525
		> Neighbor impurity: 0.768622
	----------------------------------------
	Current best state @ step [3]
	Current best state #nodes: 2
	Current best state energy: -0.375804
		> Current best state dispersal: 0.000000
		> Current best state impurity: 0.768622
	Probability of moving: 0.9138309919001378
Step [73]	propose "merge" on `case:customer_type`
	Current temperature:	0.249
	Current #nodes: 2
	Current energy: -0.375804
		> Current dispersal: 0.000000
		> Current impurity: 0.768622
	----------------------------------------
	Neighbor #nodes: 1
	Neighbor energy: 0.000000
		> Neighbor dispersal: 0.000000
		> Neighbor impurity: 1.000000
	----------------------------------------
	Current best state @ step [3]
	Current best state #nodes: 2
	Current best state energy: -0.375804
		> Current best state dispersal: 0.000000
		> Current best state impurity: 0.768622
	Probability of moving: 0.22099872432075
Step [73]	propose "merge" on `case:customer_type`
	Current temperature:	0.249
	Current #nodes: 2
	Current energy: -0.375804
		> Current dispersal: 0.000000
		> Current impurity: 0.768622
	----------------------------------------
	Neighbor #nodes: 1
	Neighbor energy: 0.000000
		> Neighbor dispersal: 0.000000
		> Neighbor impurity: 1.000000
	----------------------------------------
	Current best state @ step [3]
	Current best state #nodes: 2
	Current best state energy: -0.375804
		> Current best state dispersal: 0.000000
		> Current best state impurity: 0.768622
	Probability of moving: 0.22099872432075
Step [73]	propose "merge" on `case:customer_type`
	Current temperature:	0.249
	Current #nodes: 2
	Current energy: -0.375804
		> Current dispersal: 0.000000
		> Current impurity: 0.768622
	----------------------------------------
	Neighbor #nodes: 1
	Neighbor energy: 0.000000
		> Neighbor dispersal: 0.000000
		> Neighbor impurity: 1.000000
	----------------------------------------
	Current best state @ step [3]
	Current best state #nodes: 2
	Current best state energy: -0.375804
		> Current best state dispersal: 0.000000
		> Current best state impurity: 0.768622
	Probability of moving: 0.22099872432075
Step [74]	propose "merge" on `case:customer_type`
	Current temperature:	0.236
	Current #nodes: 2
	Current energy: -0.375804
		> Current dispersal: 0.000000
		> Current impurity: 0.768622
	----------------------------------------
	Neighbor #nodes: 1
	Neighbor energy: 0.000000
		> Neighbor dispersal: 0.000000
		> Neighbor impurity: 1.000000
	----------------------------------------
	Current best state @ step [3]
	Current best state #nodes: 2
	Current best state energy: -0.375804
		> Current best state dispersal: 0.000000
		> Current best state impurity: 0.768622
	Probability of moving: 0.20411925052896682
Step [74]	propose "merge" on `case:customer_type`
	Current temperature:	0.236
	Current #nodes: 2
	Current energy: -0.375804
		> Current dispersal: 0.000000
		> Current impurity: 0.768622
	----------------------------------------
	Neighbor #nodes: 1
	Neighbor energy: 0.000000
		> Neighbor dispersal: 0.000000
		> Neighbor impurity: 1.000000
	----------------------------------------
	Current best state @ step [3]
	Current best state #nodes: 2
	Current best state energy: -0.375804
		> Current best state dispersal: 0.000000
		> Current best state impurity: 0.768622
	Probability of moving: 0.20411925052896682
Step [74]	propose "merge" on `case:customer_type`
	Current temperature:	0.236
	Current #nodes: 2
	Current energy: -0.375804
		> Current dispersal: 0.000000
		> Current impurity: 0.768622
	----------------------------------------
	Neighbor #nodes: 1
	Neighbor energy: 0.000000
		> Neighbor dispersal: 0.000000
		> Neighbor impurity: 1.000000
	----------------------------------------
	Current best state @ step [3]
	Current best state #nodes: 2
	Current best state energy: -0.375804
		> Current best state dispersal: 0.000000
		> Current best state impurity: 0.768622
	Probability of moving: 0.20411925052896682
Step [74]	propose "split" on `concept:name`
	Current temperature:	0.236
	Current #nodes: 2
	Current energy: -0.375804
		> Current dispersal: 0.000000
		> Current impurity: 0.768622
	----------------------------------------
	Neighbor #nodes: 4
	Neighbor energy: -0.353372
		> Neighbor dispersal: 0.252525
		> Neighbor impurity: 0.768622
	----------------------------------------
	Current best state @ step [3]
	Current best state #nodes: 2
	Current best state energy: -0.375804
		> Current best state dispersal: 0.000000
		> Current best state impurity: 0.768622
	Probability of moving: 0.9095073066201599
			>>> MOVE TO NEIGHBOR
Step [75]	propose "merge" on `case:customer_type`
	Current temperature:	0.225
	Current #nodes: 4
	Current energy: -0.353372
		> Current dispersal: 0.252525
		> Current impurity: 0.768622
	----------------------------------------
	Neighbor #nodes: 2
	Neighbor energy: 0.000000
		> Neighbor dispersal: 0.505051
		> Neighbor impurity: 1.000000
	----------------------------------------
	Current best state @ step [3]
	Current best state #nodes: 2
	Current best state energy: -0.375804
		> Current best state dispersal: 0.000000
		> Current best state impurity: 0.768622
	Probability of moving: 0.20745503093562864
Step [75]	propose "merge" on `concept:name`
	Current temperature:	0.225
	Current #nodes: 4
	Current energy: -0.353372
		> Current dispersal: 0.252525
		> Current impurity: 0.768622
	----------------------------------------
	Neighbor #nodes: 2
	Neighbor energy: -0.375804
		> Neighbor dispersal: 0.000000
		> Neighbor impurity: 0.768622
	----------------------------------------
	Current best state @ step [3]
	Current best state #nodes: 2
	Current best state energy: -0.375804
		> Current best state dispersal: 0.000000
		> Current best state impurity: 0.768622
	Probability of moving: 1.0
			>>> MOVE TO NEIGHBOR
Step [75]	propose "split" on `concept:name`
	Current temperature:	0.225
	Current #nodes: 2
	Current energy: -0.375804
		> Current dispersal: 0.000000
		> Current impurity: 0.768622
	----------------------------------------
	Neighbor #nodes: 4
	Neighbor energy: -0.353372
		> Neighbor dispersal: 0.252525
		> Neighbor impurity: 0.768622
	----------------------------------------
	Current best state @ step [3]
	Current best state #nodes: 2
	Current best state energy: -0.375804
		> Current best state dispersal: 0.000000
		> Current best state impurity: 0.768622
	Probability of moving: 0.9049781574969095
Step [75]	propose "split" on `concept:name`
	Current temperature:	0.225
	Current #nodes: 2
	Current energy: -0.375804
		> Current dispersal: 0.000000
		> Current impurity: 0.768622
	----------------------------------------
	Neighbor #nodes: 4
	Neighbor energy: -0.353372
		> Neighbor dispersal: 0.252525
		> Neighbor impurity: 0.768622
	----------------------------------------
	Current best state @ step [3]
	Current best state #nodes: 2
	Current best state energy: -0.375804
		> Current best state dispersal: 0.000000
		> Current best state impurity: 0.768622
	Probability of moving: 0.9049781574969095
			>>> MOVE TO NEIGHBOR
Step [76]	propose "merge" on `concept:name`
	Current temperature:	0.213
	Current #nodes: 4
	Current energy: -0.353372
		> Current dispersal: 0.252525
		> Current impurity: 0.768622
	----------------------------------------
	Neighbor #nodes: 2
	Neighbor energy: -0.375804
		> Neighbor dispersal: 0.000000
		> Neighbor impurity: 0.768622
	----------------------------------------
	Current best state @ step [3]
	Current best state #nodes: 2
	Current best state energy: -0.375804
		> Current best state dispersal: 0.000000
		> Current best state impurity: 0.768622
	Probability of moving: 1.0
			>>> MOVE TO NEIGHBOR
Step [76]	propose "merge" on `case:customer_type`
	Current temperature:	0.213
	Current #nodes: 2
	Current energy: -0.375804
		> Current dispersal: 0.000000
		> Current impurity: 0.768622
	----------------------------------------
	Neighbor #nodes: 1
	Neighbor energy: 0.000000
		> Neighbor dispersal: 0.000000
		> Neighbor impurity: 1.000000
	----------------------------------------
	Current best state @ step [3]
	Current best state #nodes: 2
	Current best state energy: -0.375804
		> Current best state dispersal: 0.000000
		> Current best state impurity: 0.768622
	Probability of moving: 0.17192082760655159
Step [76]	propose "split" on `concept:name`
	Current temperature:	0.213
	Current #nodes: 2
	Current energy: -0.375804
		> Current dispersal: 0.000000
		> Current impurity: 0.768622
	----------------------------------------
	Neighbor #nodes: 4
	Neighbor energy: -0.353372
		> Neighbor dispersal: 0.252525
		> Neighbor impurity: 0.768622
	----------------------------------------
	Current best state @ step [3]
	Current best state #nodes: 2
	Current best state energy: -0.375804
		> Current best state dispersal: 0.000000
		> Current best state impurity: 0.768622
	Probability of moving: 0.9002349959847336
			>>> MOVE TO NEIGHBOR
Step [76]	propose "merge" on `case:customer_type`
	Current temperature:	0.213
	Current #nodes: 4
	Current energy: -0.353372
		> Current dispersal: 0.252525
		> Current impurity: 0.768622
	----------------------------------------
	Neighbor #nodes: 2
	Neighbor energy: 0.000000
		> Neighbor dispersal: 0.505051
		> Neighbor impurity: 1.000000
	----------------------------------------
	Current best state @ step [3]
	Current best state #nodes: 2
	Current best state energy: -0.375804
		> Current best state dispersal: 0.000000
		> Current best state impurity: 0.768622
	Probability of moving: 0.1909732773924144
Step [77]	propose "merge" on `concept:name`
	Current temperature:	0.203
	Current #nodes: 4
	Current energy: -0.353372
		> Current dispersal: 0.252525
		> Current impurity: 0.768622
	----------------------------------------
	Neighbor #nodes: 2
	Neighbor energy: -0.375804
		> Neighbor dispersal: 0.000000
		> Neighbor impurity: 0.768622
	----------------------------------------
	Current best state @ step [3]
	Current best state #nodes: 2
	Current best state energy: -0.375804
		> Current best state dispersal: 0.000000
		> Current best state impurity: 0.768622
	Probability of moving: 1.0
			>>> MOVE TO NEIGHBOR
Step [77]	propose "split" on `concept:name`
	Current temperature:	0.203
	Current #nodes: 2
	Current energy: -0.375804
		> Current dispersal: 0.000000
		> Current impurity: 0.768622
	----------------------------------------
	Neighbor #nodes: 4
	Neighbor energy: -0.353372
		> Neighbor dispersal: 0.252525
		> Neighbor impurity: 0.768622
	----------------------------------------
	Current best state @ step [3]
	Current best state #nodes: 2
	Current best state energy: -0.375804
		> Current best state dispersal: 0.000000
		> Current best state impurity: 0.768622
	Probability of moving: 0.895269048774162
			>>> MOVE TO NEIGHBOR
Step [77]	propose "merge" on `concept:name`
	Current temperature:	0.203
	Current #nodes: 4
	Current energy: -0.353372
		> Current dispersal: 0.252525
		> Current impurity: 0.768622
	----------------------------------------
	Neighbor #nodes: 2
	Neighbor energy: -0.375804
		> Neighbor dispersal: 0.000000
		> Neighbor impurity: 0.768622
	----------------------------------------
	Current best state @ step [3]
	Current best state #nodes: 2
	Current best state energy: -0.375804
		> Current best state dispersal: 0.000000
		> Current best state impurity: 0.768622
	Probability of moving: 1.0
			>>> MOVE TO NEIGHBOR
Step [77]	propose "split" on `concept:name`
	Current temperature:	0.203
	Current #nodes: 2
	Current energy: -0.375804
		> Current dispersal: 0.000000
		> Current impurity: 0.768622
	----------------------------------------
	Neighbor #nodes: 4
	Neighbor energy: -0.353372
		> Neighbor dispersal: 0.252525
		> Neighbor impurity: 0.768622
	----------------------------------------
	Current best state @ step [3]
	Current best state #nodes: 2
	Current best state energy: -0.375804
		> Current best state dispersal: 0.000000
		> Current best state impurity: 0.768622
	Probability of moving: 0.895269048774162
			>>> MOVE TO NEIGHBOR
Step [78]	propose "merge" on `concept:name`
	Current temperature:	0.193
	Current #nodes: 4
	Current energy: -0.353372
		> Current dispersal: 0.252525
		> Current impurity: 0.768622
	----------------------------------------
	Neighbor #nodes: 2
	Neighbor energy: -0.375804
		> Neighbor dispersal: 0.000000
		> Neighbor impurity: 0.768622
	----------------------------------------
	Current best state @ step [3]
	Current best state #nodes: 2
	Current best state energy: -0.375804
		> Current best state dispersal: 0.000000
		> Current best state impurity: 0.768622
	Probability of moving: 1.0
			>>> MOVE TO NEIGHBOR
Step [78]	propose "split" on `concept:name`
	Current temperature:	0.193
	Current #nodes: 2
	Current energy: -0.375804
		> Current dispersal: 0.000000
		> Current impurity: 0.768622
	----------------------------------------
	Neighbor #nodes: 4
	Neighbor energy: -0.353372
		> Neighbor dispersal: 0.252525
		> Neighbor impurity: 0.768622
	----------------------------------------
	Current best state @ step [3]
	Current best state #nodes: 2
	Current best state energy: -0.375804
		> Current best state dispersal: 0.000000
		> Current best state impurity: 0.768622
	Probability of moving: 0.8900713271922303
			>>> MOVE TO NEIGHBOR
Step [78]	propose "merge" on `case:customer_type`
	Current temperature:	0.193
	Current #nodes: 4
	Current energy: -0.353372
		> Current dispersal: 0.252525
		> Current impurity: 0.768622
	----------------------------------------
	Neighbor #nodes: 2
	Neighbor energy: 0.000000
		> Neighbor dispersal: 0.505051
		> Neighbor impurity: 1.000000
	----------------------------------------
	Current best state @ step [3]
	Current best state #nodes: 2
	Current best state energy: -0.375804
		> Current best state dispersal: 0.000000
		> Current best state impurity: 0.768622
	Probability of moving: 0.1596958907251157
Step [78]	propose "merge" on `concept:name`
	Current temperature:	0.193
	Current #nodes: 4
	Current energy: -0.353372
		> Current dispersal: 0.252525
		> Current impurity: 0.768622
	----------------------------------------
	Neighbor #nodes: 2
	Neighbor energy: -0.375804
		> Neighbor dispersal: 0.000000
		> Neighbor impurity: 0.768622
	----------------------------------------
	Current best state @ step [3]
	Current best state #nodes: 2
	Current best state energy: -0.375804
		> Current best state dispersal: 0.000000
		> Current best state impurity: 0.768622
	Probability of moving: 1.0
			>>> MOVE TO NEIGHBOR
Step [79]	propose "split" on `concept:name`
	Current temperature:	0.183
	Current #nodes: 2
	Current energy: -0.375804
		> Current dispersal: 0.000000
		> Current impurity: 0.768622
	----------------------------------------
	Neighbor #nodes: 4
	Neighbor energy: -0.353372
		> Neighbor dispersal: 0.252525
		> Neighbor impurity: 0.768622
	----------------------------------------
	Current best state @ step [3]
	Current best state #nodes: 2
	Current best state energy: -0.375804
		> Current best state dispersal: 0.000000
		> Current best state impurity: 0.768622
	Probability of moving: 0.8846326389116516
			>>> MOVE TO NEIGHBOR
Step [79]	propose "merge" on `case:customer_type`
	Current temperature:	0.183
	Current #nodes: 4
	Current energy: -0.353372
		> Current dispersal: 0.252525
		> Current impurity: 0.768622
	----------------------------------------
	Neighbor #nodes: 2
	Neighbor energy: 0.000000
		> Neighbor dispersal: 0.505051
		> Neighbor impurity: 1.000000
	----------------------------------------
	Current best state @ step [3]
	Current best state #nodes: 2
	Current best state energy: -0.375804
		> Current best state dispersal: 0.000000
		> Current best state impurity: 0.768622
	Probability of moving: 0.14499794016404682
Step [79]	propose "merge" on `concept:name`
	Current temperature:	0.183
	Current #nodes: 4
	Current energy: -0.353372
		> Current dispersal: 0.252525
		> Current impurity: 0.768622
	----------------------------------------
	Neighbor #nodes: 2
	Neighbor energy: -0.375804
		> Neighbor dispersal: 0.000000
		> Neighbor impurity: 0.768622
	----------------------------------------
	Current best state @ step [3]
	Current best state #nodes: 2
	Current best state energy: -0.375804
		> Current best state dispersal: 0.000000
		> Current best state impurity: 0.768622
	Probability of moving: 1.0
			>>> MOVE TO NEIGHBOR
Step [79]	propose "merge" on `case:customer_type`
	Current temperature:	0.183
	Current #nodes: 2
	Current energy: -0.375804
		> Current dispersal: 0.000000
		> Current impurity: 0.768622
	----------------------------------------
	Neighbor #nodes: 1
	Neighbor energy: 0.000000
		> Neighbor dispersal: 0.000000
		> Neighbor impurity: 1.000000
	----------------------------------------
	Current best state @ step [3]
	Current best state #nodes: 2
	Current best state energy: -0.375804
		> Current best state dispersal: 0.000000
		> Current best state impurity: 0.768622
	Probability of moving: 0.12826991044407451
Step [80]	propose "merge" on `case:customer_type`
	Current temperature:	0.174
	Current #nodes: 2
	Current energy: -0.375804
		> Current dispersal: 0.000000
		> Current impurity: 0.768622
	----------------------------------------
	Neighbor #nodes: 1
	Neighbor energy: 0.000000
		> Neighbor dispersal: 0.000000
		> Neighbor impurity: 1.000000
	----------------------------------------
	Current best state @ step [3]
	Current best state #nodes: 2
	Current best state energy: -0.375804
		> Current best state dispersal: 0.000000
		> Current best state impurity: 0.768622
	Probability of moving: 0.1151288034696018
Step [80]	propose "split" on `concept:name`
	Current temperature:	0.174
	Current #nodes: 2
	Current energy: -0.375804
		> Current dispersal: 0.000000
		> Current impurity: 0.768622
	----------------------------------------
	Neighbor #nodes: 4
	Neighbor energy: -0.353372
		> Neighbor dispersal: 0.252525
		> Neighbor impurity: 0.768622
	----------------------------------------
	Current best state @ step [3]
	Current best state #nodes: 2
	Current best state energy: -0.375804
		> Current best state dispersal: 0.000000
		> Current best state impurity: 0.768622
	Probability of moving: 0.8789436022142608
			>>> MOVE TO NEIGHBOR
Step [80]	propose "merge" on `case:customer_type`
	Current temperature:	0.174
	Current #nodes: 4
	Current energy: -0.353372
		> Current dispersal: 0.252525
		> Current impurity: 0.768622
	----------------------------------------
	Neighbor #nodes: 2
	Neighbor energy: 0.000000
		> Neighbor dispersal: 0.505051
		> Neighbor impurity: 1.000000
	----------------------------------------
	Current best state @ step [3]
	Current best state #nodes: 2
	Current best state energy: -0.375804
		> Current best state dispersal: 0.000000
		> Current best state impurity: 0.768622
	Probability of moving: 0.13098542748313538
Step [80]	propose "merge" on `concept:name`
	Current temperature:	0.174
	Current #nodes: 4
	Current energy: -0.353372
		> Current dispersal: 0.252525
		> Current impurity: 0.768622
	----------------------------------------
	Neighbor #nodes: 2
	Neighbor energy: -0.375804
		> Neighbor dispersal: 0.000000
		> Neighbor impurity: 0.768622
	----------------------------------------
	Current best state @ step [3]
	Current best state #nodes: 2
	Current best state energy: -0.375804
		> Current best state dispersal: 0.000000
		> Current best state impurity: 0.768622
	Probability of moving: 1.0
			>>> MOVE TO NEIGHBOR
Step [81]	propose "split" on `concept:name`
	Current temperature:	0.165
	Current #nodes: 2
	Current energy: -0.375804
		> Current dispersal: 0.000000
		> Current impurity: 0.768622
	----------------------------------------
	Neighbor #nodes: 4
	Neighbor energy: -0.353372
		> Neighbor dispersal: 0.252525
		> Neighbor impurity: 0.768622
	----------------------------------------
	Current best state @ step [3]
	Current best state #nodes: 2
	Current best state energy: -0.375804
		> Current best state dispersal: 0.000000
		> Current best state impurity: 0.768622
	Probability of moving: 0.8729946630700944
			>>> MOVE TO NEIGHBOR
Step [81]	propose "merge" on `case:customer_type`
	Current temperature:	0.165
	Current #nodes: 4
	Current energy: -0.353372
		> Current dispersal: 0.252525
		> Current impurity: 0.768622
	----------------------------------------
	Neighbor #nodes: 2
	Neighbor energy: 0.000000
		> Neighbor dispersal: 0.505051
		> Neighbor impurity: 1.000000
	----------------------------------------
	Current best state @ step [3]
	Current best state #nodes: 2
	Current best state energy: -0.375804
		> Current best state dispersal: 0.000000
		> Current best state impurity: 0.768622
	Probability of moving: 0.11769581849368455
Step [81]	propose "merge" on `concept:name`
	Current temperature:	0.165
	Current #nodes: 4
	Current energy: -0.353372
		> Current dispersal: 0.252525
		> Current impurity: 0.768622
	----------------------------------------
	Neighbor #nodes: 2
	Neighbor energy: -0.375804
		> Neighbor dispersal: 0.000000
		> Neighbor impurity: 0.768622
	----------------------------------------
	Current best state @ step [3]
	Current best state #nodes: 2
	Current best state energy: -0.375804
		> Current best state dispersal: 0.000000
		> Current best state impurity: 0.768622
	Probability of moving: 1.0
			>>> MOVE TO NEIGHBOR
Step [81]	propose "split" on `concept:name`
	Current temperature:	0.165
	Current #nodes: 2
	Current energy: -0.375804
		> Current dispersal: 0.000000
		> Current impurity: 0.768622
	----------------------------------------
	Neighbor #nodes: 4
	Neighbor energy: -0.353372
		> Neighbor dispersal: 0.252525
		> Neighbor impurity: 0.768622
	----------------------------------------
	Current best state @ step [3]
	Current best state #nodes: 2
	Current best state energy: -0.375804
		> Current best state dispersal: 0.000000
		> Current best state impurity: 0.768622
	Probability of moving: 0.8729946630700944
			>>> MOVE TO NEIGHBOR
Step [82]	propose "merge" on `concept:name`
	Current temperature:	0.157
	Current #nodes: 4
	Current energy: -0.353372
		> Current dispersal: 0.252525
		> Current impurity: 0.768622
	----------------------------------------
	Neighbor #nodes: 2
	Neighbor energy: -0.375804
		> Neighbor dispersal: 0.000000
		> Neighbor impurity: 0.768622
	----------------------------------------
	Current best state @ step [3]
	Current best state #nodes: 2
	Current best state energy: -0.375804
		> Current best state dispersal: 0.000000
		> Current best state impurity: 0.768622
	Probability of moving: 1.0
			>>> MOVE TO NEIGHBOR
Step [82]	propose "split" on `concept:name`
	Current temperature:	0.157
	Current #nodes: 2
	Current energy: -0.375804
		> Current dispersal: 0.000000
		> Current impurity: 0.768622
	----------------------------------------
	Neighbor #nodes: 4
	Neighbor energy: -0.353372
		> Neighbor dispersal: 0.252525
		> Neighbor impurity: 0.768622
	----------------------------------------
	Current best state @ step [3]
	Current best state #nodes: 2
	Current best state energy: -0.375804
		> Current best state dispersal: 0.000000
		> Current best state impurity: 0.768622
	Probability of moving: 0.8667761153092196
			>>> MOVE TO NEIGHBOR
Step [82]	propose "merge" on `case:customer_type`
	Current temperature:	0.157
	Current #nodes: 4
	Current energy: -0.353372
		> Current dispersal: 0.252525
		> Current impurity: 0.768622
	----------------------------------------
	Neighbor #nodes: 2
	Neighbor energy: 0.000000
		> Neighbor dispersal: 0.505051
		> Neighbor impurity: 1.000000
	----------------------------------------
	Current best state @ step [3]
	Current best state #nodes: 2
	Current best state energy: -0.375804
		> Current best state dispersal: 0.000000
		> Current best state impurity: 0.768622
	Probability of moving: 0.10516076080776936
Step [82]	propose "merge" on `concept:name`
	Current temperature:	0.157
	Current #nodes: 4
	Current energy: -0.353372
		> Current dispersal: 0.252525
		> Current impurity: 0.768622
	----------------------------------------
	Neighbor #nodes: 2
	Neighbor energy: -0.375804
		> Neighbor dispersal: 0.000000
		> Neighbor impurity: 0.768622
	----------------------------------------
	Current best state @ step [3]
	Current best state #nodes: 2
	Current best state energy: -0.375804
		> Current best state dispersal: 0.000000
		> Current best state impurity: 0.768622
	Probability of moving: 1.0
			>>> MOVE TO NEIGHBOR
Step [83]	propose "split" on `concept:name`
	Current temperature:	0.149
	Current #nodes: 2
	Current energy: -0.375804
		> Current dispersal: 0.000000
		> Current impurity: 0.768622
	----------------------------------------
	Neighbor #nodes: 4
	Neighbor energy: -0.353372
		> Neighbor dispersal: 0.252525
		> Neighbor impurity: 0.768622
	----------------------------------------
	Current best state @ step [3]
	Current best state #nodes: 2
	Current best state energy: -0.375804
		> Current best state dispersal: 0.000000
		> Current best state impurity: 0.768622
	Probability of moving: 0.8602781241786649
Step [83]	propose "split" on `concept:name`
	Current temperature:	0.149
	Current #nodes: 2
	Current energy: -0.375804
		> Current dispersal: 0.000000
		> Current impurity: 0.768622
	----------------------------------------
	Neighbor #nodes: 4
	Neighbor energy: -0.353372
		> Neighbor dispersal: 0.252525
		> Neighbor impurity: 0.768622
	----------------------------------------
	Current best state @ step [3]
	Current best state #nodes: 2
	Current best state energy: -0.375804
		> Current best state dispersal: 0.000000
		> Current best state impurity: 0.768622
	Probability of moving: 0.8602781241786649
			>>> MOVE TO NEIGHBOR
Step [83]	propose "merge" on `case:customer_type`
	Current temperature:	0.149
	Current #nodes: 4
	Current energy: -0.353372
		> Current dispersal: 0.252525
		> Current impurity: 0.768622
	----------------------------------------
	Neighbor #nodes: 2
	Neighbor energy: 0.000000
		> Neighbor dispersal: 0.505051
		> Neighbor impurity: 1.000000
	----------------------------------------
	Current best state @ step [3]
	Current best state #nodes: 2
	Current best state energy: -0.375804
		> Current best state dispersal: 0.000000
		> Current best state impurity: 0.768622
	Probability of moving: 0.09340547563002889
			>>> MOVE TO NEIGHBOR
Step [83]	propose "merge" on `concept:name`
	Current temperature:	0.149
	Current #nodes: 2
	Current energy: 0.000000
		> Current dispersal: 0.505051
		> Current impurity: 1.000000
	----------------------------------------
	Neighbor #nodes: 1
	Neighbor energy: 0.000000
		> Neighbor dispersal: 0.000000
		> Neighbor impurity: 1.000000
	----------------------------------------
	Current best state @ step [3]
	Current best state #nodes: 2
	Current best state energy: -0.375804
		> Current best state dispersal: 0.000000
		> Current best state impurity: 0.768622
	Probability of moving: 1.0
			>>> MOVE TO NEIGHBOR
Step [84]	propose "split" on `case:customer_type`
	Current temperature:	0.142
	Current #nodes: 1
	Current energy: 0.000000
		> Current dispersal: 0.000000
		> Current impurity: 1.000000
	----------------------------------------
	Neighbor #nodes: 2
	Neighbor energy: -0.375804
		> Neighbor dispersal: 0.000000
		> Neighbor impurity: 0.768622
	----------------------------------------
	Current best state @ step [3]
	Current best state #nodes: 2
	Current best state energy: -0.375804
		> Current best state dispersal: 0.000000
		> Current best state impurity: 0.768622
	Probability of moving: 1.0
			>>> MOVE TO NEIGHBOR
Step [84]	propose "split" on `concept:name`
	Current temperature:	0.142
	Current #nodes: 2
	Current energy: -0.375804
		> Current dispersal: 0.000000
		> Current impurity: 0.768622
	----------------------------------------
	Neighbor #nodes: 4
	Neighbor energy: -0.353372
		> Neighbor dispersal: 0.252525
		> Neighbor impurity: 0.768622
	----------------------------------------
	Current best state @ step [3]
	Current best state #nodes: 2
	Current best state energy: -0.375804
		> Current best state dispersal: 0.000000
		> Current best state impurity: 0.768622
	Probability of moving: 0.8534907535912185
			>>> MOVE TO NEIGHBOR
Step [84]	propose "merge" on `case:customer_type`
	Current temperature:	0.142
	Current #nodes: 4
	Current energy: -0.353372
		> Current dispersal: 0.252525
		> Current impurity: 0.768622
	----------------------------------------
	Neighbor #nodes: 2
	Neighbor energy: 0.000000
		> Neighbor dispersal: 0.505051
		> Neighbor impurity: 1.000000
	----------------------------------------
	Current best state @ step [3]
	Current best state #nodes: 2
	Current best state energy: -0.375804
		> Current best state dispersal: 0.000000
		> Current best state impurity: 0.768622
	Probability of moving: 0.08244824327835999
Step [84]	propose "merge" on `concept:name`
	Current temperature:	0.142
	Current #nodes: 4
	Current energy: -0.353372
		> Current dispersal: 0.252525
		> Current impurity: 0.768622
	----------------------------------------
	Neighbor #nodes: 2
	Neighbor energy: -0.375804
		> Neighbor dispersal: 0.000000
		> Neighbor impurity: 0.768622
	----------------------------------------
	Current best state @ step [3]
	Current best state #nodes: 2
	Current best state energy: -0.375804
		> Current best state dispersal: 0.000000
		> Current best state impurity: 0.768622
	Probability of moving: 1.0
			>>> MOVE TO NEIGHBOR
Step [85]	propose "merge" on `case:customer_type`
	Current temperature:	0.135
	Current #nodes: 2
	Current energy: -0.375804
		> Current dispersal: 0.000000
		> Current impurity: 0.768622
	----------------------------------------
	Neighbor #nodes: 1
	Neighbor energy: 0.000000
		> Neighbor dispersal: 0.000000
		> Neighbor impurity: 1.000000
	----------------------------------------
	Current best state @ step [3]
	Current best state #nodes: 2
	Current best state energy: -0.375804
		> Current best state dispersal: 0.000000
		> Current best state impurity: 0.768622
	Probability of moving: 0.06119501259345313
Step [85]	propose "merge" on `case:customer_type`
	Current temperature:	0.135
	Current #nodes: 2
	Current energy: -0.375804
		> Current dispersal: 0.000000
		> Current impurity: 0.768622
	----------------------------------------
	Neighbor #nodes: 1
	Neighbor energy: 0.000000
		> Neighbor dispersal: 0.000000
		> Neighbor impurity: 1.000000
	----------------------------------------
	Current best state @ step [3]
	Current best state #nodes: 2
	Current best state energy: -0.375804
		> Current best state dispersal: 0.000000
		> Current best state impurity: 0.768622
	Probability of moving: 0.06119501259345313
Step [85]	propose "merge" on `case:customer_type`
	Current temperature:	0.135
	Current #nodes: 2
	Current energy: -0.375804
		> Current dispersal: 0.000000
		> Current impurity: 0.768622
	----------------------------------------
	Neighbor #nodes: 1
	Neighbor energy: 0.000000
		> Neighbor dispersal: 0.000000
		> Neighbor impurity: 1.000000
	----------------------------------------
	Current best state @ step [3]
	Current best state #nodes: 2
	Current best state energy: -0.375804
		> Current best state dispersal: 0.000000
		> Current best state impurity: 0.768622
	Probability of moving: 0.06119501259345313
Step [85]	propose "split" on `concept:name`
	Current temperature:	0.135
	Current #nodes: 2
	Current energy: -0.375804
		> Current dispersal: 0.000000
		> Current impurity: 0.768622
	----------------------------------------
	Neighbor #nodes: 4
	Neighbor energy: -0.353372
		> Neighbor dispersal: 0.252525
		> Neighbor impurity: 0.768622
	----------------------------------------
	Current best state @ step [3]
	Current best state #nodes: 2
	Current best state energy: -0.375804
		> Current best state dispersal: 0.000000
		> Current best state impurity: 0.768622
	Probability of moving: 0.8464039973860259
Step [86]	propose "merge" on `case:customer_type`
	Current temperature:	0.128
	Current #nodes: 2
	Current energy: -0.375804
		> Current dispersal: 0.000000
		> Current impurity: 0.768622
	----------------------------------------
	Neighbor #nodes: 1
	Neighbor energy: 0.000000
		> Neighbor dispersal: 0.000000
		> Neighbor impurity: 1.000000
	----------------------------------------
	Current best state @ step [3]
	Current best state #nodes: 2
	Current best state energy: -0.375804
		> Current best state dispersal: 0.000000
		> Current best state impurity: 0.768622
	Probability of moving: 0.052827368467549846
Step [86]	propose "split" on `concept:name`
	Current temperature:	0.128
	Current #nodes: 2
	Current energy: -0.375804
		> Current dispersal: 0.000000
		> Current impurity: 0.768622
	----------------------------------------
	Neighbor #nodes: 4
	Neighbor energy: -0.353372
		> Neighbor dispersal: 0.252525
		> Neighbor impurity: 0.768622
	----------------------------------------
	Current best state @ step [3]
	Current best state #nodes: 2
	Current best state energy: -0.375804
		> Current best state dispersal: 0.000000
		> Current best state impurity: 0.768622
	Probability of moving: 0.839007814932371
Step [86]	propose "split" on `concept:name`
	Current temperature:	0.128
	Current #nodes: 2
	Current energy: -0.375804
		> Current dispersal: 0.000000
		> Current impurity: 0.768622
	----------------------------------------
	Neighbor #nodes: 4
	Neighbor energy: -0.353372
		> Neighbor dispersal: 0.252525
		> Neighbor impurity: 0.768622
	----------------------------------------
	Current best state @ step [3]
	Current best state #nodes: 2
	Current best state energy: -0.375804
		> Current best state dispersal: 0.000000
		> Current best state impurity: 0.768622
	Probability of moving: 0.839007814932371
			>>> MOVE TO NEIGHBOR
Step [86]	propose "merge" on `concept:name`
	Current temperature:	0.128
	Current #nodes: 4
	Current energy: -0.353372
		> Current dispersal: 0.252525
		> Current impurity: 0.768622
	----------------------------------------
	Neighbor #nodes: 2
	Neighbor energy: -0.375804
		> Neighbor dispersal: 0.000000
		> Neighbor impurity: 0.768622
	----------------------------------------
	Current best state @ step [3]
	Current best state #nodes: 2
	Current best state energy: -0.375804
		> Current best state dispersal: 0.000000
		> Current best state impurity: 0.768622
	Probability of moving: 1.0
			>>> MOVE TO NEIGHBOR
Step [87]	propose "split" on `concept:name`
	Current temperature:	0.121
	Current #nodes: 2
	Current energy: -0.375804
		> Current dispersal: 0.000000
		> Current impurity: 0.768622
	----------------------------------------
	Neighbor #nodes: 4
	Neighbor energy: -0.353372
		> Neighbor dispersal: 0.252525
		> Neighbor impurity: 0.768622
	----------------------------------------
	Current best state @ step [3]
	Current best state #nodes: 2
	Current best state energy: -0.375804
		> Current best state dispersal: 0.000000
		> Current best state impurity: 0.768622
	Probability of moving: 0.831292171417199
			>>> MOVE TO NEIGHBOR
Step [87]	propose "merge" on `concept:name`
	Current temperature:	0.121
	Current #nodes: 4
	Current energy: -0.353372
		> Current dispersal: 0.252525
		> Current impurity: 0.768622
	----------------------------------------
	Neighbor #nodes: 2
	Neighbor energy: -0.375804
		> Neighbor dispersal: 0.000000
		> Neighbor impurity: 0.768622
	----------------------------------------
	Current best state @ step [3]
	Current best state #nodes: 2
	Current best state energy: -0.375804
		> Current best state dispersal: 0.000000
		> Current best state impurity: 0.768622
	Probability of moving: 1.0
			>>> MOVE TO NEIGHBOR
Step [87]	propose "merge" on `case:customer_type`
	Current temperature:	0.121
	Current #nodes: 2
	Current energy: -0.375804
		> Current dispersal: 0.000000
		> Current impurity: 0.768622
	----------------------------------------
	Neighbor #nodes: 1
	Neighbor energy: 0.000000
		> Neighbor dispersal: 0.000000
		> Neighbor impurity: 1.000000
	----------------------------------------
	Current best state @ step [3]
	Current best state #nodes: 2
	Current best state energy: -0.375804
		> Current best state dispersal: 0.000000
		> Current best state impurity: 0.768622
	Probability of moving: 0.04525233867664948
Step [87]	propose "merge" on `case:customer_type`
	Current temperature:	0.121
	Current #nodes: 2
	Current energy: -0.375804
		> Current dispersal: 0.000000
		> Current impurity: 0.768622
	----------------------------------------
	Neighbor #nodes: 1
	Neighbor energy: 0.000000
		> Neighbor dispersal: 0.000000
		> Neighbor impurity: 1.000000
	----------------------------------------
	Current best state @ step [3]
	Current best state #nodes: 2
	Current best state energy: -0.375804
		> Current best state dispersal: 0.000000
		> Current best state impurity: 0.768622
	Probability of moving: 0.04525233867664948
Step [88]	propose "merge" on `case:customer_type`
	Current temperature:	0.115
	Current #nodes: 2
	Current energy: -0.375804
		> Current dispersal: 0.000000
		> Current impurity: 0.768622
	----------------------------------------
	Neighbor #nodes: 1
	Neighbor energy: 0.000000
		> Neighbor dispersal: 0.000000
		> Neighbor impurity: 1.000000
	----------------------------------------
	Current best state @ step [3]
	Current best state #nodes: 2
	Current best state energy: -0.375804
		> Current best state dispersal: 0.000000
		> Current best state impurity: 0.768622
	Probability of moving: 0.03844902164892205
Step [88]	propose "split" on `concept:name`
	Current temperature:	0.115
	Current #nodes: 2
	Current energy: -0.375804
		> Current dispersal: 0.000000
		> Current impurity: 0.768622
	----------------------------------------
	Neighbor #nodes: 4
	Neighbor energy: -0.353372
		> Neighbor dispersal: 0.252525
		> Neighbor impurity: 0.768622
	----------------------------------------
	Current best state @ step [3]
	Current best state #nodes: 2
	Current best state energy: -0.375804
		> Current best state dispersal: 0.000000
		> Current best state impurity: 0.768622
	Probability of moving: 0.8232470831631918
			>>> MOVE TO NEIGHBOR
Step [88]	propose "merge" on `concept:name`
	Current temperature:	0.115
	Current #nodes: 4
	Current energy: -0.353372
		> Current dispersal: 0.252525
		> Current impurity: 0.768622
	----------------------------------------
	Neighbor #nodes: 2
	Neighbor energy: -0.375804
		> Neighbor dispersal: 0.000000
		> Neighbor impurity: 0.768622
	----------------------------------------
	Current best state @ step [3]
	Current best state #nodes: 2
	Current best state energy: -0.375804
		> Current best state dispersal: 0.000000
		> Current best state impurity: 0.768622
	Probability of moving: 1.0
			>>> MOVE TO NEIGHBOR
Step [88]	propose "split" on `concept:name`
	Current temperature:	0.115
	Current #nodes: 2
	Current energy: -0.375804
		> Current dispersal: 0.000000
		> Current impurity: 0.768622
	----------------------------------------
	Neighbor #nodes: 4
	Neighbor energy: -0.353372
		> Neighbor dispersal: 0.252525
		> Neighbor impurity: 0.768622
	----------------------------------------
	Current best state @ step [3]
	Current best state #nodes: 2
	Current best state energy: -0.375804
		> Current best state dispersal: 0.000000
		> Current best state impurity: 0.768622
	Probability of moving: 0.8232470831631918
			>>> MOVE TO NEIGHBOR
Step [89]	propose "merge" on `case:customer_type`
	Current temperature:	0.110
	Current #nodes: 4
	Current energy: -0.353372
		> Current dispersal: 0.252525
		> Current impurity: 0.768622
	----------------------------------------
	Neighbor #nodes: 2
	Neighbor energy: 0.000000
		> Neighbor dispersal: 0.505051
		> Neighbor impurity: 1.000000
	----------------------------------------
	Current best state @ step [3]
	Current best state #nodes: 2
	Current best state energy: -0.375804
		> Current best state dispersal: 0.000000
		> Current best state impurity: 0.768622
	Probability of moving: 0.039748537171659104
Step [89]	propose "merge" on `case:customer_type`
	Current temperature:	0.110
	Current #nodes: 4
	Current energy: -0.353372
		> Current dispersal: 0.252525
		> Current impurity: 0.768622
	----------------------------------------
	Neighbor #nodes: 2
	Neighbor energy: 0.000000
		> Neighbor dispersal: 0.505051
		> Neighbor impurity: 1.000000
	----------------------------------------
	Current best state @ step [3]
	Current best state #nodes: 2
	Current best state energy: -0.375804
		> Current best state dispersal: 0.000000
		> Current best state impurity: 0.768622
	Probability of moving: 0.039748537171659104
Step [89]	propose "merge" on `concept:name`
	Current temperature:	0.110
	Current #nodes: 4
	Current energy: -0.353372
		> Current dispersal: 0.252525
		> Current impurity: 0.768622
	----------------------------------------
	Neighbor #nodes: 2
	Neighbor energy: -0.375804
		> Neighbor dispersal: 0.000000
		> Neighbor impurity: 0.768622
	----------------------------------------
	Current best state @ step [3]
	Current best state #nodes: 2
	Current best state energy: -0.375804
		> Current best state dispersal: 0.000000
		> Current best state impurity: 0.768622
	Probability of moving: 1.0
			>>> MOVE TO NEIGHBOR
Step [89]	propose "split" on `concept:name`
	Current temperature:	0.110
	Current #nodes: 2
	Current energy: -0.375804
		> Current dispersal: 0.000000
		> Current impurity: 0.768622
	----------------------------------------
	Neighbor #nodes: 4
	Neighbor energy: -0.353372
		> Neighbor dispersal: 0.252525
		> Neighbor impurity: 0.768622
	----------------------------------------
	Current best state @ step [3]
	Current best state #nodes: 2
	Current best state energy: -0.375804
		> Current best state dispersal: 0.000000
		> Current best state impurity: 0.768622
	Probability of moving: 0.8148626683268074
Step [90]	propose "split" on `concept:name`
	Current temperature:	0.104
	Current #nodes: 2
	Current energy: -0.375804
		> Current dispersal: 0.000000
		> Current impurity: 0.768622
	----------------------------------------
	Neighbor #nodes: 4
	Neighbor energy: -0.353372
		> Neighbor dispersal: 0.252525
		> Neighbor impurity: 0.768622
	----------------------------------------
	Current best state @ step [3]
	Current best state #nodes: 2
	Current best state energy: -0.375804
		> Current best state dispersal: 0.000000
		> Current best state impurity: 0.768622
	Probability of moving: 0.8061292033237819
Step [90]	propose "merge" on `case:customer_type`
	Current temperature:	0.104
	Current #nodes: 2
	Current energy: -0.375804
		> Current dispersal: 0.000000
		> Current impurity: 0.768622
	----------------------------------------
	Neighbor #nodes: 1
	Neighbor energy: 0.000000
		> Neighbor dispersal: 0.000000
		> Neighbor impurity: 1.000000
	----------------------------------------
	Current best state @ step [3]
	Current best state #nodes: 2
	Current best state energy: -0.375804
		> Current best state dispersal: 0.000000
		> Current best state impurity: 0.768622
	Probability of moving: 0.02703994882570218
Step [90]	propose "split" on `concept:name`
	Current temperature:	0.104
	Current #nodes: 2
	Current energy: -0.375804
		> Current dispersal: 0.000000
		> Current impurity: 0.768622
	----------------------------------------
	Neighbor #nodes: 4
	Neighbor energy: -0.353372
		> Neighbor dispersal: 0.252525
		> Neighbor impurity: 0.768622
	----------------------------------------
	Current best state @ step [3]
	Current best state #nodes: 2
	Current best state energy: -0.375804
		> Current best state dispersal: 0.000000
		> Current best state impurity: 0.768622
	Probability of moving: 0.8061292033237819
			>>> MOVE TO NEIGHBOR
Step [90]	propose "merge" on `concept:name`
	Current temperature:	0.104
	Current #nodes: 4
	Current energy: -0.353372
		> Current dispersal: 0.252525
		> Current impurity: 0.768622
	----------------------------------------
	Neighbor #nodes: 2
	Neighbor energy: -0.375804
		> Neighbor dispersal: 0.000000
		> Neighbor impurity: 0.768622
	----------------------------------------
	Current best state @ step [3]
	Current best state #nodes: 2
	Current best state energy: -0.375804
		> Current best state dispersal: 0.000000
		> Current best state impurity: 0.768622
	Probability of moving: 1.0
			>>> MOVE TO NEIGHBOR
Step [91]	propose "merge" on `case:customer_type`
	Current temperature:	0.099
	Current #nodes: 2
	Current energy: -0.375804
		> Current dispersal: 0.000000
		> Current impurity: 0.768622
	----------------------------------------
	Neighbor #nodes: 1
	Neighbor energy: 0.000000
		> Neighbor dispersal: 0.000000
		> Neighbor impurity: 1.000000
	----------------------------------------
	Current best state @ step [3]
	Current best state #nodes: 2
	Current best state energy: -0.375804
		> Current best state dispersal: 0.000000
		> Current best state impurity: 0.768622
	Probability of moving: 0.022360414930384088
Step [91]	propose "merge" on `case:customer_type`
	Current temperature:	0.099
	Current #nodes: 2
	Current energy: -0.375804
		> Current dispersal: 0.000000
		> Current impurity: 0.768622
	----------------------------------------
	Neighbor #nodes: 1
	Neighbor energy: 0.000000
		> Neighbor dispersal: 0.000000
		> Neighbor impurity: 1.000000
	----------------------------------------
	Current best state @ step [3]
	Current best state #nodes: 2
	Current best state energy: -0.375804
		> Current best state dispersal: 0.000000
		> Current best state impurity: 0.768622
	Probability of moving: 0.022360414930384088
Step [91]	propose "merge" on `case:customer_type`
	Current temperature:	0.099
	Current #nodes: 2
	Current energy: -0.375804
		> Current dispersal: 0.000000
		> Current impurity: 0.768622
	----------------------------------------
	Neighbor #nodes: 1
	Neighbor energy: 0.000000
		> Neighbor dispersal: 0.000000
		> Neighbor impurity: 1.000000
	----------------------------------------
	Current best state @ step [3]
	Current best state #nodes: 2
	Current best state energy: -0.375804
		> Current best state dispersal: 0.000000
		> Current best state impurity: 0.768622
	Probability of moving: 0.022360414930384088
Step [91]	propose "split" on `concept:name`
	Current temperature:	0.099
	Current #nodes: 2
	Current energy: -0.375804
		> Current dispersal: 0.000000
		> Current impurity: 0.768622
	----------------------------------------
	Neighbor #nodes: 4
	Neighbor energy: -0.353372
		> Neighbor dispersal: 0.252525
		> Neighbor impurity: 0.768622
	----------------------------------------
	Current best state @ step [3]
	Current best state #nodes: 2
	Current best state energy: -0.375804
		> Current best state dispersal: 0.000000
		> Current best state impurity: 0.768622
	Probability of moving: 0.7970371853222448
			>>> MOVE TO NEIGHBOR
Step [92]	propose "merge" on `concept:name`
	Current temperature:	0.094
	Current #nodes: 4
	Current energy: -0.353372
		> Current dispersal: 0.252525
		> Current impurity: 0.768622
	----------------------------------------
	Neighbor #nodes: 2
	Neighbor energy: -0.375804
		> Neighbor dispersal: 0.000000
		> Neighbor impurity: 0.768622
	----------------------------------------
	Current best state @ step [3]
	Current best state #nodes: 2
	Current best state energy: -0.375804
		> Current best state dispersal: 0.000000
		> Current best state impurity: 0.768622
	Probability of moving: 1.0
			>>> MOVE TO NEIGHBOR
Step [92]	propose "split" on `concept:name`
	Current temperature:	0.094
	Current #nodes: 2
	Current energy: -0.375804
		> Current dispersal: 0.000000
		> Current impurity: 0.768622
	----------------------------------------
	Neighbor #nodes: 4
	Neighbor energy: -0.353372
		> Neighbor dispersal: 0.252525
		> Neighbor impurity: 0.768622
	----------------------------------------
	Current best state @ step [3]
	Current best state #nodes: 2
	Current best state energy: -0.375804
		> Current best state dispersal: 0.000000
		> Current best state impurity: 0.768622
	Probability of moving: 0.7875774011297199
Step [92]	propose "split" on `concept:name`
	Current temperature:	0.094
	Current #nodes: 2
	Current energy: -0.375804
		> Current dispersal: 0.000000
		> Current impurity: 0.768622
	----------------------------------------
	Neighbor #nodes: 4
	Neighbor energy: -0.353372
		> Neighbor dispersal: 0.252525
		> Neighbor impurity: 0.768622
	----------------------------------------
	Current best state @ step [3]
	Current best state #nodes: 2
	Current best state energy: -0.375804
		> Current best state dispersal: 0.000000
		> Current best state impurity: 0.768622
	Probability of moving: 0.7875774011297199
			>>> MOVE TO NEIGHBOR
Step [92]	propose "merge" on `concept:name`
	Current temperature:	0.094
	Current #nodes: 4
	Current energy: -0.353372
		> Current dispersal: 0.252525
		> Current impurity: 0.768622
	----------------------------------------
	Neighbor #nodes: 2
	Neighbor energy: -0.375804
		> Neighbor dispersal: 0.000000
		> Neighbor impurity: 0.768622
	----------------------------------------
	Current best state @ step [3]
	Current best state #nodes: 2
	Current best state energy: -0.375804
		> Current best state dispersal: 0.000000
		> Current best state impurity: 0.768622
	Probability of moving: 1.0
			>>> MOVE TO NEIGHBOR
Step [93]	propose "split" on `concept:name`
	Current temperature:	0.089
	Current #nodes: 2
	Current energy: -0.375804
		> Current dispersal: 0.000000
		> Current impurity: 0.768622
	----------------------------------------
	Neighbor #nodes: 4
	Neighbor energy: -0.353372
		> Neighbor dispersal: 0.252525
		> Neighbor impurity: 0.768622
	----------------------------------------
	Current best state @ step [3]
	Current best state #nodes: 2
	Current best state energy: -0.375804
		> Current best state dispersal: 0.000000
		> Current best state impurity: 0.768622
	Probability of moving: 0.7777410027787236
			>>> MOVE TO NEIGHBOR
Step [93]	propose "merge" on `case:customer_type`
	Current temperature:	0.089
	Current #nodes: 4
	Current energy: -0.353372
		> Current dispersal: 0.252525
		> Current impurity: 0.768622
	----------------------------------------
	Neighbor #nodes: 2
	Neighbor energy: 0.000000
		> Neighbor dispersal: 0.505051
		> Neighbor impurity: 1.000000
	----------------------------------------
	Current best state @ step [3]
	Current best state #nodes: 2
	Current best state energy: -0.375804
		> Current best state dispersal: 0.000000
		> Current best state impurity: 0.768622
	Probability of moving: 0.019069259215020957
Step [93]	propose "merge" on `case:customer_type`
	Current temperature:	0.089
	Current #nodes: 4
	Current energy: -0.353372
		> Current dispersal: 0.252525
		> Current impurity: 0.768622
	----------------------------------------
	Neighbor #nodes: 2
	Neighbor energy: 0.000000
		> Neighbor dispersal: 0.505051
		> Neighbor impurity: 1.000000
	----------------------------------------
	Current best state @ step [3]
	Current best state #nodes: 2
	Current best state energy: -0.375804
		> Current best state dispersal: 0.000000
		> Current best state impurity: 0.768622
	Probability of moving: 0.019069259215020957
Step [93]	propose "merge" on `concept:name`
	Current temperature:	0.089
	Current #nodes: 4
	Current energy: -0.353372
		> Current dispersal: 0.252525
		> Current impurity: 0.768622
	----------------------------------------
	Neighbor #nodes: 2
	Neighbor energy: -0.375804
		> Neighbor dispersal: 0.000000
		> Neighbor impurity: 0.768622
	----------------------------------------
	Current best state @ step [3]
	Current best state #nodes: 2
	Current best state energy: -0.375804
		> Current best state dispersal: 0.000000
		> Current best state impurity: 0.768622
	Probability of moving: 1.0
			>>> MOVE TO NEIGHBOR
Step [94]	propose "split" on `concept:name`
	Current temperature:	0.085
	Current #nodes: 2
	Current energy: -0.375804
		> Current dispersal: 0.000000
		> Current impurity: 0.768622
	----------------------------------------
	Neighbor #nodes: 4
	Neighbor energy: -0.353372
		> Neighbor dispersal: 0.252525
		> Neighbor impurity: 0.768622
	----------------------------------------
	Current best state @ step [3]
	Current best state #nodes: 2
	Current best state energy: -0.375804
		> Current best state dispersal: 0.000000
		> Current best state impurity: 0.768622
	Probability of moving: 0.7675195900851133
			>>> MOVE TO NEIGHBOR
Step [94]	propose "merge" on `concept:name`
	Current temperature:	0.085
	Current #nodes: 4
	Current energy: -0.353372
		> Current dispersal: 0.252525
		> Current impurity: 0.768622
	----------------------------------------
	Neighbor #nodes: 2
	Neighbor energy: -0.375804
		> Neighbor dispersal: 0.000000
		> Neighbor impurity: 0.768622
	----------------------------------------
	Current best state @ step [3]
	Current best state #nodes: 2
	Current best state energy: -0.375804
		> Current best state dispersal: 0.000000
		> Current best state impurity: 0.768622
	Probability of moving: 1.0
			>>> MOVE TO NEIGHBOR
Step [94]	propose "merge" on `case:customer_type`
	Current temperature:	0.085
	Current #nodes: 2
	Current energy: -0.375804
		> Current dispersal: 0.000000
		> Current impurity: 0.768622
	----------------------------------------
	Neighbor #nodes: 1
	Neighbor energy: 0.000000
		> Neighbor dispersal: 0.000000
		> Neighbor impurity: 1.000000
	----------------------------------------
	Current best state @ step [3]
	Current best state #nodes: 2
	Current best state energy: -0.375804
		> Current best state dispersal: 0.000000
		> Current best state impurity: 0.768622
	Probability of moving: 0.011882683927135576
Step [94]	propose "merge" on `case:customer_type`
	Current temperature:	0.085
	Current #nodes: 2
	Current energy: -0.375804
		> Current dispersal: 0.000000
		> Current impurity: 0.768622
	----------------------------------------
	Neighbor #nodes: 1
	Neighbor energy: 0.000000
		> Neighbor dispersal: 0.000000
		> Neighbor impurity: 1.000000
	----------------------------------------
	Current best state @ step [3]
	Current best state #nodes: 2
	Current best state energy: -0.375804
		> Current best state dispersal: 0.000000
		> Current best state impurity: 0.768622
	Probability of moving: 0.011882683927135576
Step [95]	propose "split" on `concept:name`
	Current temperature:	0.081
	Current #nodes: 2
	Current energy: -0.375804
		> Current dispersal: 0.000000
		> Current impurity: 0.768622
	----------------------------------------
	Neighbor #nodes: 4
	Neighbor energy: -0.353372
		> Neighbor dispersal: 0.252525
		> Neighbor impurity: 0.768622
	----------------------------------------
	Current best state @ step [3]
	Current best state #nodes: 2
	Current best state energy: -0.375804
		> Current best state dispersal: 0.000000
		> Current best state impurity: 0.768622
	Probability of moving: 0.7569053004123818
Step [95]	propose "split" on `concept:name`
	Current temperature:	0.081
	Current #nodes: 2
	Current energy: -0.375804
		> Current dispersal: 0.000000
		> Current impurity: 0.768622
	----------------------------------------
	Neighbor #nodes: 4
	Neighbor energy: -0.353372
		> Neighbor dispersal: 0.252525
		> Neighbor impurity: 0.768622
	----------------------------------------
	Current best state @ step [3]
	Current best state #nodes: 2
	Current best state energy: -0.375804
		> Current best state dispersal: 0.000000
		> Current best state impurity: 0.768622
	Probability of moving: 0.7569053004123818
			>>> MOVE TO NEIGHBOR
Step [95]	propose "merge" on `case:customer_type`
	Current temperature:	0.081
	Current #nodes: 4
	Current energy: -0.353372
		> Current dispersal: 0.252525
		> Current impurity: 0.768622
	----------------------------------------
	Neighbor #nodes: 2
	Neighbor energy: 0.000000
		> Neighbor dispersal: 0.505051
		> Neighbor impurity: 1.000000
	----------------------------------------
	Current best state @ step [3]
	Current best state #nodes: 2
	Current best state energy: -0.375804
		> Current best state dispersal: 0.000000
		> Current best state impurity: 0.768622
	Probability of moving: 0.012432335218658339
Step [95]	propose "merge" on `case:customer_type`
	Current temperature:	0.081
	Current #nodes: 4
	Current energy: -0.353372
		> Current dispersal: 0.252525
		> Current impurity: 0.768622
	----------------------------------------
	Neighbor #nodes: 2
	Neighbor energy: 0.000000
		> Neighbor dispersal: 0.505051
		> Neighbor impurity: 1.000000
	----------------------------------------
	Current best state @ step [3]
	Current best state #nodes: 2
	Current best state energy: -0.375804
		> Current best state dispersal: 0.000000
		> Current best state impurity: 0.768622
	Probability of moving: 0.012432335218658339
Step [96]	propose "merge" on `concept:name`
	Current temperature:	0.077
	Current #nodes: 4
	Current energy: -0.353372
		> Current dispersal: 0.252525
		> Current impurity: 0.768622
	----------------------------------------
	Neighbor #nodes: 2
	Neighbor energy: -0.375804
		> Neighbor dispersal: 0.000000
		> Neighbor impurity: 0.768622
	----------------------------------------
	Current best state @ step [3]
	Current best state #nodes: 2
	Current best state energy: -0.375804
		> Current best state dispersal: 0.000000
		> Current best state impurity: 0.768622
	Probability of moving: 1.0
			>>> MOVE TO NEIGHBOR
Step [96]	propose "merge" on `case:customer_type`
	Current temperature:	0.077
	Current #nodes: 2
	Current energy: -0.375804
		> Current dispersal: 0.000000
		> Current impurity: 0.768622
	----------------------------------------
	Neighbor #nodes: 1
	Neighbor energy: 0.000000
		> Neighbor dispersal: 0.000000
		> Neighbor impurity: 1.000000
	----------------------------------------
	Current best state @ step [3]
	Current best state #nodes: 2
	Current best state energy: -0.375804
		> Current best state dispersal: 0.000000
		> Current best state impurity: 0.768622
	Probability of moving: 0.007361076385625131
Step [96]	propose "split" on `concept:name`
	Current temperature:	0.077
	Current #nodes: 2
	Current energy: -0.375804
		> Current dispersal: 0.000000
		> Current impurity: 0.768622
	----------------------------------------
	Neighbor #nodes: 4
	Neighbor energy: -0.353372
		> Neighbor dispersal: 0.252525
		> Neighbor impurity: 0.768622
	----------------------------------------
	Current best state @ step [3]
	Current best state #nodes: 2
	Current best state energy: -0.375804
		> Current best state dispersal: 0.000000
		> Current best state impurity: 0.768622
	Probability of moving: 0.7458909058222201
			>>> MOVE TO NEIGHBOR
Step [96]	propose "merge" on `concept:name`
	Current temperature:	0.077
	Current #nodes: 4
	Current energy: -0.353372
		> Current dispersal: 0.252525
		> Current impurity: 0.768622
	----------------------------------------
	Neighbor #nodes: 2
	Neighbor energy: -0.375804
		> Neighbor dispersal: 0.000000
		> Neighbor impurity: 0.768622
	----------------------------------------
	Current best state @ step [3]
	Current best state #nodes: 2
	Current best state energy: -0.375804
		> Current best state dispersal: 0.000000
		> Current best state impurity: 0.768622
	Probability of moving: 1.0
			>>> MOVE TO NEIGHBOR
Step [97]	propose "split" on `concept:name`
	Current temperature:	0.073
	Current #nodes: 2
	Current energy: -0.375804
		> Current dispersal: 0.000000
		> Current impurity: 0.768622
	----------------------------------------
	Neighbor #nodes: 4
	Neighbor energy: -0.353372
		> Neighbor dispersal: 0.252525
		> Neighbor impurity: 0.768622
	----------------------------------------
	Current best state @ step [3]
	Current best state #nodes: 2
	Current best state energy: -0.375804
		> Current best state dispersal: 0.000000
		> Current best state impurity: 0.768622
	Probability of moving: 0.7344699177252643
			>>> MOVE TO NEIGHBOR
Step [97]	propose "merge" on `case:customer_type`
	Current temperature:	0.073
	Current #nodes: 4
	Current energy: -0.353372
		> Current dispersal: 0.252525
		> Current impurity: 0.768622
	----------------------------------------
	Neighbor #nodes: 2
	Neighbor energy: 0.000000
		> Neighbor dispersal: 0.505051
		> Neighbor impurity: 1.000000
	----------------------------------------
	Current best state @ step [3]
	Current best state #nodes: 2
	Current best state energy: -0.375804
		> Current best state dispersal: 0.000000
		> Current best state impurity: 0.768622
	Probability of moving: 0.007739289021919793
Step [97]	propose "merge" on `concept:name`
	Current temperature:	0.073
	Current #nodes: 4
	Current energy: -0.353372
		> Current dispersal: 0.252525
		> Current impurity: 0.768622
	----------------------------------------
	Neighbor #nodes: 2
	Neighbor energy: -0.375804
		> Neighbor dispersal: 0.000000
		> Neighbor impurity: 0.768622
	----------------------------------------
	Current best state @ step [3]
	Current best state #nodes: 2
	Current best state energy: -0.375804
		> Current best state dispersal: 0.000000
		> Current best state impurity: 0.768622
	Probability of moving: 1.0
			>>> MOVE TO NEIGHBOR
Step [97]	propose "split" on `concept:name`
	Current temperature:	0.073
	Current #nodes: 2
	Current energy: -0.375804
		> Current dispersal: 0.000000
		> Current impurity: 0.768622
	----------------------------------------
	Neighbor #nodes: 4
	Neighbor energy: -0.353372
		> Neighbor dispersal: 0.252525
		> Neighbor impurity: 0.768622
	----------------------------------------
	Current best state @ step [3]
	Current best state #nodes: 2
	Current best state energy: -0.375804
		> Current best state dispersal: 0.000000
		> Current best state impurity: 0.768622
	Probability of moving: 0.7344699177252643
			>>> MOVE TO NEIGHBOR
Step [98]	propose "merge" on `concept:name`
	Current temperature:	0.069
	Current #nodes: 4
	Current energy: -0.353372
		> Current dispersal: 0.252525
		> Current impurity: 0.768622
	----------------------------------------
	Neighbor #nodes: 2
	Neighbor energy: -0.375804
		> Neighbor dispersal: 0.000000
		> Neighbor impurity: 0.768622
	----------------------------------------
	Current best state @ step [3]
	Current best state #nodes: 2
	Current best state energy: -0.375804
		> Current best state dispersal: 0.000000
		> Current best state impurity: 0.768622
	Probability of moving: 1.0
			>>> MOVE TO NEIGHBOR
Step [98]	propose "merge" on `case:customer_type`
	Current temperature:	0.069
	Current #nodes: 2
	Current energy: -0.375804
		> Current dispersal: 0.000000
		> Current impurity: 0.768622
	----------------------------------------
	Neighbor #nodes: 1
	Neighbor energy: 0.000000
		> Neighbor dispersal: 0.000000
		> Neighbor impurity: 1.000000
	----------------------------------------
	Current best state @ step [3]
	Current best state #nodes: 2
	Current best state energy: -0.375804
		> Current best state dispersal: 0.000000
		> Current best state impurity: 0.768622
	Probability of moving: 0.004330121499469007
Step [98]	propose "split" on `concept:name`
	Current temperature:	0.069
	Current #nodes: 2
	Current energy: -0.375804
		> Current dispersal: 0.000000
		> Current impurity: 0.768622
	----------------------------------------
	Neighbor #nodes: 4
	Neighbor energy: -0.353372
		> Neighbor dispersal: 0.252525
		> Neighbor impurity: 0.768622
	----------------------------------------
	Current best state @ step [3]
	Current best state #nodes: 2
	Current best state energy: -0.375804
		> Current best state dispersal: 0.000000
		> Current best state impurity: 0.768622
	Probability of moving: 0.722636699064341
Step [98]	propose "merge" on `case:customer_type`
	Current temperature:	0.069
	Current #nodes: 2
	Current energy: -0.375804
		> Current dispersal: 0.000000
		> Current impurity: 0.768622
	----------------------------------------
	Neighbor #nodes: 1
	Neighbor energy: 0.000000
		> Neighbor dispersal: 0.000000
		> Neighbor impurity: 1.000000
	----------------------------------------
	Current best state @ step [3]
	Current best state #nodes: 2
	Current best state energy: -0.375804
		> Current best state dispersal: 0.000000
		> Current best state impurity: 0.768622
	Probability of moving: 0.004330121499469007
Step [99]	propose "merge" on `case:customer_type`
	Current temperature:	0.066
	Current #nodes: 2
	Current energy: -0.375804
		> Current dispersal: 0.000000
		> Current impurity: 0.768622
	----------------------------------------
	Neighbor #nodes: 1
	Neighbor energy: 0.000000
		> Neighbor dispersal: 0.000000
		> Neighbor impurity: 1.000000
	----------------------------------------
	Current best state @ step [3]
	Current best state #nodes: 2
	Current best state energy: -0.375804
		> Current best state dispersal: 0.000000
		> Current best state impurity: 0.768622
	Probability of moving: 0.003251661657250615
Step [99]	propose "split" on `concept:name`
	Current temperature:	0.066
	Current #nodes: 2
	Current energy: -0.375804
		> Current dispersal: 0.000000
		> Current impurity: 0.768622
	----------------------------------------
	Neighbor #nodes: 4
	Neighbor energy: -0.353372
		> Neighbor dispersal: 0.252525
		> Neighbor impurity: 0.768622
	----------------------------------------
	Current best state @ step [3]
	Current best state #nodes: 2
	Current best state energy: -0.375804
		> Current best state dispersal: 0.000000
		> Current best state impurity: 0.768622
	Probability of moving: 0.7103865839639741
			>>> MOVE TO NEIGHBOR
Step [99]	propose "merge" on `concept:name`
	Current temperature:	0.066
	Current #nodes: 4
	Current energy: -0.353372
		> Current dispersal: 0.252525
		> Current impurity: 0.768622
	----------------------------------------
	Neighbor #nodes: 2
	Neighbor energy: -0.375804
		> Neighbor dispersal: 0.000000
		> Neighbor impurity: 0.768622
	----------------------------------------
	Current best state @ step [3]
	Current best state #nodes: 2
	Current best state energy: -0.375804
		> Current best state dispersal: 0.000000
		> Current best state impurity: 0.768622
	Probability of moving: 1.0
			>>> MOVE TO NEIGHBOR
Step [99]	propose "split" on `concept:name`
	Current temperature:	0.066
	Current #nodes: 2
	Current energy: -0.375804
		> Current dispersal: 0.000000
		> Current impurity: 0.768622
	----------------------------------------
	Neighbor #nodes: 4
	Neighbor energy: -0.353372
		> Neighbor dispersal: 0.252525
		> Neighbor impurity: 0.768622
	----------------------------------------
	Current best state @ step [3]
	Current best state #nodes: 2
	Current best state energy: -0.375804
		> Current best state dispersal: 0.000000
		> Current best state impurity: 0.768622
	Probability of moving: 0.7103865839639741
Step [100]	propose "merge" on `case:customer_type`
	Current temperature:	0.062
	Current #nodes: 2
	Current energy: -0.375804
		> Current dispersal: 0.000000
		> Current impurity: 0.768622
	----------------------------------------
	Neighbor #nodes: 1
	Neighbor energy: 0.000000
		> Neighbor dispersal: 0.000000
		> Neighbor impurity: 1.000000
	----------------------------------------
	Current best state @ step [3]
	Current best state #nodes: 2
	Current best state energy: -0.375804
		> Current best state dispersal: 0.000000
		> Current best state impurity: 0.768622
	Probability of moving: 0.002405268292734212
Step [100]	propose "merge" on `case:customer_type`
	Current temperature:	0.062
	Current #nodes: 2
	Current energy: -0.375804
		> Current dispersal: 0.000000
		> Current impurity: 0.768622
	----------------------------------------
	Neighbor #nodes: 1
	Neighbor energy: 0.000000
		> Neighbor dispersal: 0.000000
		> Neighbor impurity: 1.000000
	----------------------------------------
	Current best state @ step [3]
	Current best state #nodes: 2
	Current best state energy: -0.375804
		> Current best state dispersal: 0.000000
		> Current best state impurity: 0.768622
	Probability of moving: 0.002405268292734212
Step [100]	propose "merge" on `case:customer_type`
	Current temperature:	0.062
	Current #nodes: 2
	Current energy: -0.375804
		> Current dispersal: 0.000000
		> Current impurity: 0.768622
	----------------------------------------
	Neighbor #nodes: 1
	Neighbor energy: 0.000000
		> Neighbor dispersal: 0.000000
		> Neighbor impurity: 1.000000
	----------------------------------------
	Current best state @ step [3]
	Current best state #nodes: 2
	Current best state energy: -0.375804
		> Current best state dispersal: 0.000000
		> Current best state impurity: 0.768622
	Probability of moving: 0.002405268292734212
Step [100]	propose "merge" on `case:customer_type`
	Current temperature:	0.062
	Current #nodes: 2
	Current energy: -0.375804
		> Current dispersal: 0.000000
		> Current impurity: 0.768622
	----------------------------------------
	Neighbor #nodes: 1
	Neighbor energy: 0.000000
		> Neighbor dispersal: 0.000000
		> Neighbor impurity: 1.000000
	----------------------------------------
	Current best state @ step [3]
	Current best state #nodes: 2
	Current best state energy: -0.375804
		> Current best state dispersal: 0.000000
		> Current best state impurity: 0.768622
	Probability of moving: 0.002405268292734212
Step [101]	propose "split" on `concept:name`
	Current temperature:	0.059
	Current #nodes: 2
	Current energy: -0.375804
		> Current dispersal: 0.000000
		> Current impurity: 0.768622
	----------------------------------------
	Neighbor #nodes: 4
	Neighbor energy: -0.353372
		> Neighbor dispersal: 0.252525
		> Neighbor impurity: 0.768622
	----------------------------------------
	Current best state @ step [3]
	Current best state #nodes: 2
	Current best state energy: -0.375804
		> Current best state dispersal: 0.000000
		> Current best state impurity: 0.768622
	Probability of moving: 0.6846226254073547
			>>> MOVE TO NEIGHBOR
Step [101]	propose "merge" on `concept:name`
	Current temperature:	0.059
	Current #nodes: 4
	Current energy: -0.353372
		> Current dispersal: 0.252525
		> Current impurity: 0.768622
	----------------------------------------
	Neighbor #nodes: 2
	Neighbor energy: -0.375804
		> Neighbor dispersal: 0.000000
		> Neighbor impurity: 0.768622
	----------------------------------------
	Current best state @ step [3]
	Current best state #nodes: 2
	Current best state energy: -0.375804
		> Current best state dispersal: 0.000000
		> Current best state impurity: 0.768622
	Probability of moving: 1.0
			>>> MOVE TO NEIGHBOR
Step [101]	propose "merge" on `case:customer_type`
	Current temperature:	0.059
	Current #nodes: 2
	Current energy: -0.375804
		> Current dispersal: 0.000000
		> Current impurity: 0.768622
	----------------------------------------
	Neighbor #nodes: 1
	Neighbor energy: 0.000000
		> Neighbor dispersal: 0.000000
		> Neighbor impurity: 1.000000
	----------------------------------------
	Current best state @ step [3]
	Current best state #nodes: 2
	Current best state energy: -0.375804
		> Current best state dispersal: 0.000000
		> Current best state impurity: 0.768622
	Probability of moving: 0.0017511769317822422
Step [101]	propose "merge" on `case:customer_type`
	Current temperature:	0.059
	Current #nodes: 2
	Current energy: -0.375804
		> Current dispersal: 0.000000
		> Current impurity: 0.768622
	----------------------------------------
	Neighbor #nodes: 1
	Neighbor energy: 0.000000
		> Neighbor dispersal: 0.000000
		> Neighbor impurity: 1.000000
	----------------------------------------
	Current best state @ step [3]
	Current best state #nodes: 2
	Current best state energy: -0.375804
		> Current best state dispersal: 0.000000
		> Current best state impurity: 0.768622
	Probability of moving: 0.0017511769317822422
Step [102]	propose "merge" on `case:customer_type`
	Current temperature:	0.056
	Current #nodes: 2
	Current energy: -0.375804
		> Current dispersal: 0.000000
		> Current impurity: 0.768622
	----------------------------------------
	Neighbor #nodes: 1
	Neighbor energy: 0.000000
		> Neighbor dispersal: 0.000000
		> Neighbor impurity: 1.000000
	----------------------------------------
	Current best state @ step [3]
	Current best state #nodes: 2
	Current best state energy: -0.375804
		> Current best state dispersal: 0.000000
		> Current best state impurity: 0.768622
	Probability of moving: 0.0012538400397786903
Step [102]	propose "split" on `concept:name`
	Current temperature:	0.056
	Current #nodes: 2
	Current energy: -0.375804
		> Current dispersal: 0.000000
		> Current impurity: 0.768622
	----------------------------------------
	Neighbor #nodes: 4
	Neighbor energy: -0.353372
		> Neighbor dispersal: 0.252525
		> Neighbor impurity: 0.768622
	----------------------------------------
	Current best state @ step [3]
	Current best state #nodes: 2
	Current best state energy: -0.375804
		> Current best state dispersal: 0.000000
		> Current best state impurity: 0.768622
	Probability of moving: 0.671105482828429
Step [102]	propose "merge" on `case:customer_type`
	Current temperature:	0.056
	Current #nodes: 2
	Current energy: -0.375804
		> Current dispersal: 0.000000
		> Current impurity: 0.768622
	----------------------------------------
	Neighbor #nodes: 1
	Neighbor energy: 0.000000
		> Neighbor dispersal: 0.000000
		> Neighbor impurity: 1.000000
	----------------------------------------
	Current best state @ step [3]
	Current best state #nodes: 2
	Current best state energy: -0.375804
		> Current best state dispersal: 0.000000
		> Current best state impurity: 0.768622
	Probability of moving: 0.0012538400397786903
Step [102]	propose "merge" on `case:customer_type`
	Current temperature:	0.056
	Current #nodes: 2
	Current energy: -0.375804
		> Current dispersal: 0.000000
		> Current impurity: 0.768622
	----------------------------------------
	Neighbor #nodes: 1
	Neighbor energy: 0.000000
		> Neighbor dispersal: 0.000000
		> Neighbor impurity: 1.000000
	----------------------------------------
	Current best state @ step [3]
	Current best state #nodes: 2
	Current best state energy: -0.375804
		> Current best state dispersal: 0.000000
		> Current best state impurity: 0.768622
	Probability of moving: 0.0012538400397786903
Restart search at step [103], using best state found at step [3]
Step [103]	propose "split" on `concept:name`
	Current temperature:	0.053
	Current #nodes: 2
	Current energy: -0.375804
		> Current dispersal: 0.000000
		> Current impurity: 0.768622
	----------------------------------------
	Neighbor #nodes: 4
	Neighbor energy: -0.353372
		> Neighbor dispersal: 0.252525
		> Neighbor impurity: 0.768622
	----------------------------------------
	Current best state @ step [3]
	Current best state #nodes: 2
	Current best state energy: -0.375804
		> Current best state dispersal: 0.000000
		> Current best state impurity: 0.768622
	Probability of moving: 0.6571651321340312
Step [103]	propose "merge" on `case:customer_type`
	Current temperature:	0.053
	Current #nodes: 2
	Current energy: -0.375804
		> Current dispersal: 0.000000
		> Current impurity: 0.768622
	----------------------------------------
	Neighbor #nodes: 1
	Neighbor energy: 0.000000
		> Neighbor dispersal: 0.000000
		> Neighbor impurity: 1.000000
	----------------------------------------
	Current best state @ step [3]
	Current best state #nodes: 2
	Current best state energy: -0.375804
		> Current best state dispersal: 0.000000
		> Current best state impurity: 0.768622
	Probability of moving: 0.0008821004348490419
Step [103]	propose "split" on `concept:name`
	Current temperature:	0.053
	Current #nodes: 2
	Current energy: -0.375804
		> Current dispersal: 0.000000
		> Current impurity: 0.768622
	----------------------------------------
	Neighbor #nodes: 4
	Neighbor energy: -0.353372
		> Neighbor dispersal: 0.252525
		> Neighbor impurity: 0.768622
	----------------------------------------
	Current best state @ step [3]
	Current best state #nodes: 2
	Current best state energy: -0.375804
		> Current best state dispersal: 0.000000
		> Current best state impurity: 0.768622
	Probability of moving: 0.6571651321340312
Step [103]	propose "merge" on `case:customer_type`
	Current temperature:	0.053
	Current #nodes: 2
	Current energy: -0.375804
		> Current dispersal: 0.000000
		> Current impurity: 0.768622
	----------------------------------------
	Neighbor #nodes: 1
	Neighbor energy: 0.000000
		> Neighbor dispersal: 0.000000
		> Neighbor impurity: 1.000000
	----------------------------------------
	Current best state @ step [3]
	Current best state #nodes: 2
	Current best state energy: -0.375804
		> Current best state dispersal: 0.000000
		> Current best state impurity: 0.768622
	Probability of moving: 0.0008821004348490419
Step [104]	propose "merge" on `case:customer_type`
	Current temperature:	0.051
	Current #nodes: 2
	Current energy: -0.375804
		> Current dispersal: 0.000000
		> Current impurity: 0.768622
	----------------------------------------
	Neighbor #nodes: 1
	Neighbor energy: 0.000000
		> Neighbor dispersal: 0.000000
		> Neighbor impurity: 1.000000
	----------------------------------------
	Current best state @ step [3]
	Current best state #nodes: 2
	Current best state energy: -0.375804
		> Current best state dispersal: 0.000000
		> Current best state impurity: 0.768622
	Probability of moving: 0.0006091942949435244
Step [104]	propose "merge" on `case:customer_type`
	Current temperature:	0.051
	Current #nodes: 2
	Current energy: -0.375804
		> Current dispersal: 0.000000
		> Current impurity: 0.768622
	----------------------------------------
	Neighbor #nodes: 1
	Neighbor energy: 0.000000
		> Neighbor dispersal: 0.000000
		> Neighbor impurity: 1.000000
	----------------------------------------
	Current best state @ step [3]
	Current best state #nodes: 2
	Current best state energy: -0.375804
		> Current best state dispersal: 0.000000
		> Current best state impurity: 0.768622
	Probability of moving: 0.0006091942949435244
Step [104]	propose "split" on `concept:name`
	Current temperature:	0.051
	Current #nodes: 2
	Current energy: -0.375804
		> Current dispersal: 0.000000
		> Current impurity: 0.768622
	----------------------------------------
	Neighbor #nodes: 4
	Neighbor energy: -0.353372
		> Neighbor dispersal: 0.252525
		> Neighbor impurity: 0.768622
	----------------------------------------
	Current best state @ step [3]
	Current best state #nodes: 2
	Current best state energy: -0.375804
		> Current best state dispersal: 0.000000
		> Current best state impurity: 0.768622
	Probability of moving: 0.6428037982513264
Step [104]	propose "split" on `concept:name`
	Current temperature:	0.051
	Current #nodes: 2
	Current energy: -0.375804
		> Current dispersal: 0.000000
		> Current impurity: 0.768622
	----------------------------------------
	Neighbor #nodes: 4
	Neighbor energy: -0.353372
		> Neighbor dispersal: 0.252525
		> Neighbor impurity: 0.768622
	----------------------------------------
	Current best state @ step [3]
	Current best state #nodes: 2
	Current best state energy: -0.375804
		> Current best state dispersal: 0.000000
		> Current best state impurity: 0.768622
	Probability of moving: 0.6428037982513264
			>>> MOVE TO NEIGHBOR
Step [105]	propose "merge" on `case:customer_type`
	Current temperature:	0.048
	Current #nodes: 4
	Current energy: -0.353372
		> Current dispersal: 0.252525
		> Current impurity: 0.768622
	----------------------------------------
	Neighbor #nodes: 2
	Neighbor energy: 0.000000
		> Neighbor dispersal: 0.505051
		> Neighbor impurity: 1.000000
	----------------------------------------
	Current best state @ step [3]
	Current best state #nodes: 2
	Current best state energy: -0.375804
		> Current best state dispersal: 0.000000
		> Current best state impurity: 0.768622
	Probability of moving: 0.0006569845412521407
Step [105]	propose "merge" on `case:customer_type`
	Current temperature:	0.048
	Current #nodes: 4
	Current energy: -0.353372
		> Current dispersal: 0.252525
		> Current impurity: 0.768622
	----------------------------------------
	Neighbor #nodes: 2
	Neighbor energy: 0.000000
		> Neighbor dispersal: 0.505051
		> Neighbor impurity: 1.000000
	----------------------------------------
	Current best state @ step [3]
	Current best state #nodes: 2
	Current best state energy: -0.375804
		> Current best state dispersal: 0.000000
		> Current best state impurity: 0.768622
	Probability of moving: 0.0006569845412521407
Step [105]	propose "merge" on `concept:name`
	Current temperature:	0.048
	Current #nodes: 4
	Current energy: -0.353372
		> Current dispersal: 0.252525
		> Current impurity: 0.768622
	----------------------------------------
	Neighbor #nodes: 2
	Neighbor energy: -0.375804
		> Neighbor dispersal: 0.000000
		> Neighbor impurity: 0.768622
	----------------------------------------
	Current best state @ step [3]
	Current best state #nodes: 2
	Current best state energy: -0.375804
		> Current best state dispersal: 0.000000
		> Current best state impurity: 0.768622
	Probability of moving: 1.0
			>>> MOVE TO NEIGHBOR
Step [105]	propose "merge" on `case:customer_type`
	Current temperature:	0.048
	Current #nodes: 2
	Current energy: -0.375804
		> Current dispersal: 0.000000
		> Current impurity: 0.768622
	----------------------------------------
	Neighbor #nodes: 1
	Neighbor energy: 0.000000
		> Neighbor dispersal: 0.000000
		> Neighbor impurity: 1.000000
	----------------------------------------
	Current best state @ step [3]
	Current best state #nodes: 2
	Current best state energy: -0.375804
		> Current best state dispersal: 0.000000
		> Current best state impurity: 0.768622
	Probability of moving: 0.0004126030652560049
Step [106]	propose "split" on `concept:name`
	Current temperature:	0.046
	Current #nodes: 2
	Current energy: -0.375804
		> Current dispersal: 0.000000
		> Current impurity: 0.768622
	----------------------------------------
	Neighbor #nodes: 4
	Neighbor energy: -0.353372
		> Neighbor dispersal: 0.252525
		> Neighbor impurity: 0.768622
	----------------------------------------
	Current best state @ step [3]
	Current best state #nodes: 2
	Current best state energy: -0.375804
		> Current best state dispersal: 0.000000
		> Current best state impurity: 0.768622
	Probability of moving: 0.6128363616305907
			>>> MOVE TO NEIGHBOR
Step [106]	propose "merge" on `concept:name`
	Current temperature:	0.046
	Current #nodes: 4
	Current energy: -0.353372
		> Current dispersal: 0.252525
		> Current impurity: 0.768622
	----------------------------------------
	Neighbor #nodes: 2
	Neighbor energy: -0.375804
		> Neighbor dispersal: 0.000000
		> Neighbor impurity: 0.768622
	----------------------------------------
	Current best state @ step [3]
	Current best state #nodes: 2
	Current best state energy: -0.375804
		> Current best state dispersal: 0.000000
		> Current best state impurity: 0.768622
	Probability of moving: 1.0
			>>> MOVE TO NEIGHBOR
Step [106]	propose "split" on `concept:name`
	Current temperature:	0.046
	Current #nodes: 2
	Current energy: -0.375804
		> Current dispersal: 0.000000
		> Current impurity: 0.768622
	----------------------------------------
	Neighbor #nodes: 4
	Neighbor energy: -0.353372
		> Neighbor dispersal: 0.252525
		> Neighbor impurity: 0.768622
	----------------------------------------
	Current best state @ step [3]
	Current best state #nodes: 2
	Current best state energy: -0.375804
		> Current best state dispersal: 0.000000
		> Current best state impurity: 0.768622
	Probability of moving: 0.6128363616305907
			>>> MOVE TO NEIGHBOR
Step [106]	propose "merge" on `concept:name`
	Current temperature:	0.046
	Current #nodes: 4
	Current energy: -0.353372
		> Current dispersal: 0.252525
		> Current impurity: 0.768622
	----------------------------------------
	Neighbor #nodes: 2
	Neighbor energy: -0.375804
		> Neighbor dispersal: 0.000000
		> Neighbor impurity: 0.768622
	----------------------------------------
	Current best state @ step [3]
	Current best state #nodes: 2
	Current best state energy: -0.375804
		> Current best state dispersal: 0.000000
		> Current best state impurity: 0.768622
	Probability of moving: 1.0
			>>> MOVE TO NEIGHBOR
Step [107]	propose "merge" on `case:customer_type`
	Current temperature:	0.044
	Current #nodes: 2
	Current energy: -0.375804
		> Current dispersal: 0.000000
		> Current impurity: 0.768622
	----------------------------------------
	Neighbor #nodes: 1
	Neighbor energy: 0.000000
		> Neighbor dispersal: 0.000000
		> Neighbor impurity: 1.000000
	----------------------------------------
	Current best state @ step [3]
	Current best state #nodes: 2
	Current best state energy: -0.375804
		> Current best state dispersal: 0.000000
		> Current best state impurity: 0.768622
	Probability of moving: 0.00017778595607872627
Step [107]	propose "split" on `concept:name`
	Current temperature:	0.044
	Current #nodes: 2
	Current energy: -0.375804
		> Current dispersal: 0.000000
		> Current impurity: 0.768622
	----------------------------------------
	Neighbor #nodes: 4
	Neighbor energy: -0.353372
		> Neighbor dispersal: 0.252525
		> Neighbor impurity: 0.768622
	----------------------------------------
	Current best state @ step [3]
	Current best state #nodes: 2
	Current best state energy: -0.375804
		> Current best state dispersal: 0.000000
		> Current best state impurity: 0.768622
	Probability of moving: 0.597244463006311
Step [107]	propose "split" on `concept:name`
	Current temperature:	0.044
	Current #nodes: 2
	Current energy: -0.375804
		> Current dispersal: 0.000000
		> Current impurity: 0.768622
	----------------------------------------
	Neighbor #nodes: 4
	Neighbor energy: -0.353372
		> Neighbor dispersal: 0.252525
		> Neighbor impurity: 0.768622
	----------------------------------------
	Current best state @ step [3]
	Current best state #nodes: 2
	Current best state energy: -0.375804
		> Current best state dispersal: 0.000000
		> Current best state impurity: 0.768622
	Probability of moving: 0.597244463006311
			>>> MOVE TO NEIGHBOR
Step [107]	propose "merge" on `concept:name`
	Current temperature:	0.044
	Current #nodes: 4
	Current energy: -0.353372
		> Current dispersal: 0.252525
		> Current impurity: 0.768622
	----------------------------------------
	Neighbor #nodes: 2
	Neighbor energy: -0.375804
		> Neighbor dispersal: 0.000000
		> Neighbor impurity: 0.768622
	----------------------------------------
	Current best state @ step [3]
	Current best state #nodes: 2
	Current best state energy: -0.375804
		> Current best state dispersal: 0.000000
		> Current best state impurity: 0.768622
	Probability of moving: 1.0
			>>> MOVE TO NEIGHBOR
Step [108]	propose "split" on `concept:name`
	Current temperature:	0.041
	Current #nodes: 2
	Current energy: -0.375804
		> Current dispersal: 0.000000
		> Current impurity: 0.768622
	----------------------------------------
	Neighbor #nodes: 4
	Neighbor energy: -0.353372
		> Neighbor dispersal: 0.252525
		> Neighbor impurity: 0.768622
	----------------------------------------
	Current best state @ step [3]
	Current best state #nodes: 2
	Current best state energy: -0.375804
		> Current best state dispersal: 0.000000
		> Current best state impurity: 0.768622
	Probability of moving: 0.5812603049461313
			>>> MOVE TO NEIGHBOR
Step [108]	propose "merge" on `case:customer_type`
	Current temperature:	0.041
	Current #nodes: 4
	Current energy: -0.353372
		> Current dispersal: 0.252525
		> Current impurity: 0.768622
	----------------------------------------
	Neighbor #nodes: 2
	Neighbor energy: 0.000000
		> Neighbor dispersal: 0.505051
		> Neighbor impurity: 1.000000
	----------------------------------------
	Current best state @ step [3]
	Current best state #nodes: 2
	Current best state energy: -0.375804
		> Current best state dispersal: 0.000000
		> Current best state impurity: 0.768622
	Probability of moving: 0.00019415696196422997
Step [108]	propose "merge" on `concept:name`
	Current temperature:	0.041
	Current #nodes: 4
	Current energy: -0.353372
		> Current dispersal: 0.252525
		> Current impurity: 0.768622
	----------------------------------------
	Neighbor #nodes: 2
	Neighbor energy: -0.375804
		> Neighbor dispersal: 0.000000
		> Neighbor impurity: 0.768622
	----------------------------------------
	Current best state @ step [3]
	Current best state #nodes: 2
	Current best state energy: -0.375804
		> Current best state dispersal: 0.000000
		> Current best state impurity: 0.768622
	Probability of moving: 1.0
			>>> MOVE TO NEIGHBOR
Step [108]	propose "split" on `concept:name`
	Current temperature:	0.041
	Current #nodes: 2
	Current energy: -0.375804
		> Current dispersal: 0.000000
		> Current impurity: 0.768622
	----------------------------------------
	Neighbor #nodes: 4
	Neighbor energy: -0.353372
		> Neighbor dispersal: 0.252525
		> Neighbor impurity: 0.768622
	----------------------------------------
	Current best state @ step [3]
	Current best state #nodes: 2
	Current best state energy: -0.375804
		> Current best state dispersal: 0.000000
		> Current best state impurity: 0.768622
	Probability of moving: 0.5812603049461313
Step [109]	propose "split" on `concept:name`
	Current temperature:	0.039
	Current #nodes: 2
	Current energy: -0.375804
		> Current dispersal: 0.000000
		> Current impurity: 0.768622
	----------------------------------------
	Neighbor #nodes: 4
	Neighbor energy: -0.353372
		> Neighbor dispersal: 0.252525
		> Neighbor impurity: 0.768622
	----------------------------------------
	Current best state @ step [3]
	Current best state #nodes: 2
	Current best state energy: -0.375804
		> Current best state dispersal: 0.000000
		> Current best state impurity: 0.768622
	Probability of moving: 0.5648968089901361
Step [109]	propose "split" on `concept:name`
	Current temperature:	0.039
	Current #nodes: 2
	Current energy: -0.375804
		> Current dispersal: 0.000000
		> Current impurity: 0.768622
	----------------------------------------
	Neighbor #nodes: 4
	Neighbor energy: -0.353372
		> Neighbor dispersal: 0.252525
		> Neighbor impurity: 0.768622
	----------------------------------------
	Current best state @ step [3]
	Current best state #nodes: 2
	Current best state energy: -0.375804
		> Current best state dispersal: 0.000000
		> Current best state impurity: 0.768622
	Probability of moving: 0.5648968089901361
Step [109]	propose "merge" on `case:customer_type`
	Current temperature:	0.039
	Current #nodes: 2
	Current energy: -0.375804
		> Current dispersal: 0.000000
		> Current impurity: 0.768622
	----------------------------------------
	Neighbor #nodes: 1
	Neighbor energy: 0.000000
		> Neighbor dispersal: 0.000000
		> Neighbor impurity: 1.000000
	----------------------------------------
	Current best state @ step [3]
	Current best state #nodes: 2
	Current best state energy: -0.375804
		> Current best state dispersal: 0.000000
		> Current best state impurity: 0.768622
	Probability of moving: 6.994581247436794e-05
Step [109]	propose "merge" on `case:customer_type`
	Current temperature:	0.039
	Current #nodes: 2
	Current energy: -0.375804
		> Current dispersal: 0.000000
		> Current impurity: 0.768622
	----------------------------------------
	Neighbor #nodes: 1
	Neighbor energy: 0.000000
		> Neighbor dispersal: 0.000000
		> Neighbor impurity: 1.000000
	----------------------------------------
	Current best state @ step [3]
	Current best state #nodes: 2
	Current best state energy: -0.375804
		> Current best state dispersal: 0.000000
		> Current best state impurity: 0.768622
	Probability of moving: 6.994581247436794e-05
Step [110]	propose "merge" on `case:customer_type`
	Current temperature:	0.037
	Current #nodes: 2
	Current energy: -0.375804
		> Current dispersal: 0.000000
		> Current impurity: 0.768622
	----------------------------------------
	Neighbor #nodes: 1
	Neighbor energy: 0.000000
		> Neighbor dispersal: 0.000000
		> Neighbor impurity: 1.000000
	----------------------------------------
	Current best state @ step [3]
	Current best state #nodes: 2
	Current best state energy: -0.375804
		> Current best state dispersal: 0.000000
		> Current best state impurity: 0.768622
	Probability of moving: 4.2273184742498304e-05
Step [110]	propose "split" on `concept:name`
	Current temperature:	0.037
	Current #nodes: 2
	Current energy: -0.375804
		> Current dispersal: 0.000000
		> Current impurity: 0.768622
	----------------------------------------
	Neighbor #nodes: 4
	Neighbor energy: -0.353372
		> Neighbor dispersal: 0.252525
		> Neighbor impurity: 0.768622
	----------------------------------------
	Current best state @ step [3]
	Current best state #nodes: 2
	Current best state energy: -0.375804
		> Current best state dispersal: 0.000000
		> Current best state impurity: 0.768622
	Probability of moving: 0.5481694960496896
			>>> MOVE TO NEIGHBOR
Step [110]	propose "merge" on `concept:name`
	Current temperature:	0.037
	Current #nodes: 4
	Current energy: -0.353372
		> Current dispersal: 0.252525
		> Current impurity: 0.768622
	----------------------------------------
	Neighbor #nodes: 2
	Neighbor energy: -0.375804
		> Neighbor dispersal: 0.000000
		> Neighbor impurity: 0.768622
	----------------------------------------
	Current best state @ step [3]
	Current best state #nodes: 2
	Current best state energy: -0.375804
		> Current best state dispersal: 0.000000
		> Current best state impurity: 0.768622
	Probability of moving: 1.0
			>>> MOVE TO NEIGHBOR
Step [110]	propose "merge" on `case:customer_type`
	Current temperature:	0.037
	Current #nodes: 2
	Current energy: -0.375804
		> Current dispersal: 0.000000
		> Current impurity: 0.768622
	----------------------------------------
	Neighbor #nodes: 1
	Neighbor energy: 0.000000
		> Neighbor dispersal: 0.000000
		> Neighbor impurity: 1.000000
	----------------------------------------
	Current best state @ step [3]
	Current best state #nodes: 2
	Current best state energy: -0.375804
		> Current best state dispersal: 0.000000
		> Current best state impurity: 0.768622
	Probability of moving: 4.2273184742498304e-05
Step [111]	propose "merge" on `case:customer_type`
	Current temperature:	0.035
	Current #nodes: 2
	Current energy: -0.375804
		> Current dispersal: 0.000000
		> Current impurity: 0.768622
	----------------------------------------
	Neighbor #nodes: 1
	Neighbor energy: 0.000000
		> Neighbor dispersal: 0.000000
		> Neighbor impurity: 1.000000
	----------------------------------------
	Current best state @ step [3]
	Current best state #nodes: 2
	Current best state energy: -0.375804
		> Current best state dispersal: 0.000000
		> Current best state impurity: 0.768622
	Probability of moving: 2.488042878352851e-05
Step [111]	propose "merge" on `case:customer_type`
	Current temperature:	0.035
	Current #nodes: 2
	Current energy: -0.375804
		> Current dispersal: 0.000000
		> Current impurity: 0.768622
	----------------------------------------
	Neighbor #nodes: 1
	Neighbor energy: 0.000000
		> Neighbor dispersal: 0.000000
		> Neighbor impurity: 1.000000
	----------------------------------------
	Current best state @ step [3]
	Current best state #nodes: 2
	Current best state energy: -0.375804
		> Current best state dispersal: 0.000000
		> Current best state impurity: 0.768622
	Probability of moving: 2.488042878352851e-05
Step [111]	propose "merge" on `case:customer_type`
	Current temperature:	0.035
	Current #nodes: 2
	Current energy: -0.375804
		> Current dispersal: 0.000000
		> Current impurity: 0.768622
	----------------------------------------
	Neighbor #nodes: 1
	Neighbor energy: 0.000000
		> Neighbor dispersal: 0.000000
		> Neighbor impurity: 1.000000
	----------------------------------------
	Current best state @ step [3]
	Current best state #nodes: 2
	Current best state energy: -0.375804
		> Current best state dispersal: 0.000000
		> Current best state impurity: 0.768622
	Probability of moving: 2.488042878352851e-05
Step [111]	propose "merge" on `case:customer_type`
	Current temperature:	0.035
	Current #nodes: 2
	Current energy: -0.375804
		> Current dispersal: 0.000000
		> Current impurity: 0.768622
	----------------------------------------
	Neighbor #nodes: 1
	Neighbor energy: 0.000000
		> Neighbor dispersal: 0.000000
		> Neighbor impurity: 1.000000
	----------------------------------------
	Current best state @ step [3]
	Current best state #nodes: 2
	Current best state energy: -0.375804
		> Current best state dispersal: 0.000000
		> Current best state impurity: 0.768622
	Probability of moving: 2.488042878352851e-05
Step [112]	propose "merge" on `case:customer_type`
	Current temperature:	0.034
	Current #nodes: 2
	Current energy: -0.375804
		> Current dispersal: 0.000000
		> Current impurity: 0.768622
	----------------------------------------
	Neighbor #nodes: 1
	Neighbor energy: 0.000000
		> Neighbor dispersal: 0.000000
		> Neighbor impurity: 1.000000
	----------------------------------------
	Current best state @ step [3]
	Current best state #nodes: 2
	Current best state energy: -0.375804
		> Current best state dispersal: 0.000000
		> Current best state impurity: 0.768622
	Probability of moving: 1.4240806654455735e-05
Step [112]	propose "merge" on `case:customer_type`
	Current temperature:	0.034
	Current #nodes: 2
	Current energy: -0.375804
		> Current dispersal: 0.000000
		> Current impurity: 0.768622
	----------------------------------------
	Neighbor #nodes: 1
	Neighbor energy: 0.000000
		> Neighbor dispersal: 0.000000
		> Neighbor impurity: 1.000000
	----------------------------------------
	Current best state @ step [3]
	Current best state #nodes: 2
	Current best state energy: -0.375804
		> Current best state dispersal: 0.000000
		> Current best state impurity: 0.768622
	Probability of moving: 1.4240806654455735e-05
Step [112]	propose "merge" on `case:customer_type`
	Current temperature:	0.034
	Current #nodes: 2
	Current energy: -0.375804
		> Current dispersal: 0.000000
		> Current impurity: 0.768622
	----------------------------------------
	Neighbor #nodes: 1
	Neighbor energy: 0.000000
		> Neighbor dispersal: 0.000000
		> Neighbor impurity: 1.000000
	----------------------------------------
	Current best state @ step [3]
	Current best state #nodes: 2
	Current best state energy: -0.375804
		> Current best state dispersal: 0.000000
		> Current best state impurity: 0.768622
	Probability of moving: 1.4240806654455735e-05
Step [112]	propose "merge" on `case:customer_type`
	Current temperature:	0.034
	Current #nodes: 2
	Current energy: -0.375804
		> Current dispersal: 0.000000
		> Current impurity: 0.768622
	----------------------------------------
	Neighbor #nodes: 1
	Neighbor energy: 0.000000
		> Neighbor dispersal: 0.000000
		> Neighbor impurity: 1.000000
	----------------------------------------
	Current best state @ step [3]
	Current best state #nodes: 2
	Current best state energy: -0.375804
		> Current best state dispersal: 0.000000
		> Current best state impurity: 0.768622
	Probability of moving: 1.4240806654455735e-05
Step [113]	propose "split" on `concept:name`
	Current temperature:	0.032
	Current #nodes: 2
	Current energy: -0.375804
		> Current dispersal: 0.000000
		> Current impurity: 0.768622
	----------------------------------------
	Neighbor #nodes: 4
	Neighbor energy: -0.353372
		> Neighbor dispersal: 0.252525
		> Neighbor impurity: 0.768622
	----------------------------------------
	Current best state @ step [3]
	Current best state #nodes: 2
	Current best state energy: -0.375804
		> Current best state dispersal: 0.000000
		> Current best state impurity: 0.768622
	Probability of moving: 0.49600168152599045
Step [113]	propose "split" on `concept:name`
	Current temperature:	0.032
	Current #nodes: 2
	Current energy: -0.375804
		> Current dispersal: 0.000000
		> Current impurity: 0.768622
	----------------------------------------
	Neighbor #nodes: 4
	Neighbor energy: -0.353372
		> Neighbor dispersal: 0.252525
		> Neighbor impurity: 0.768622
	----------------------------------------
	Current best state @ step [3]
	Current best state #nodes: 2
	Current best state energy: -0.375804
		> Current best state dispersal: 0.000000
		> Current best state impurity: 0.768622
	Probability of moving: 0.49600168152599045
			>>> MOVE TO NEIGHBOR
Step [113]	propose "merge" on `concept:name`
	Current temperature:	0.032
	Current #nodes: 4
	Current energy: -0.353372
		> Current dispersal: 0.252525
		> Current impurity: 0.768622
	----------------------------------------
	Neighbor #nodes: 2
	Neighbor energy: -0.375804
		> Neighbor dispersal: 0.000000
		> Neighbor impurity: 0.768622
	----------------------------------------
	Current best state @ step [3]
	Current best state #nodes: 2
	Current best state energy: -0.375804
		> Current best state dispersal: 0.000000
		> Current best state impurity: 0.768622
	Probability of moving: 1.0
			>>> MOVE TO NEIGHBOR
Step [113]	propose "split" on `concept:name`
	Current temperature:	0.032
	Current #nodes: 2
	Current energy: -0.375804
		> Current dispersal: 0.000000
		> Current impurity: 0.768622
	----------------------------------------
	Neighbor #nodes: 4
	Neighbor energy: -0.353372
		> Neighbor dispersal: 0.252525
		> Neighbor impurity: 0.768622
	----------------------------------------
	Current best state @ step [3]
	Current best state #nodes: 2
	Current best state energy: -0.375804
		> Current best state dispersal: 0.000000
		> Current best state impurity: 0.768622
	Probability of moving: 0.49600168152599045
Step [114]	propose "merge" on `case:customer_type`
	Current temperature:	0.030
	Current #nodes: 2
	Current energy: -0.375804
		> Current dispersal: 0.000000
		> Current impurity: 0.768622
	----------------------------------------
	Neighbor #nodes: 1
	Neighbor energy: 0.000000
		> Neighbor dispersal: 0.000000
		> Neighbor impurity: 1.000000
	----------------------------------------
	Current best state @ step [3]
	Current best state #nodes: 2
	Current best state energy: -0.375804
		> Current best state dispersal: 0.000000
		> Current best state impurity: 0.768622
	Probability of moving: 4.265355409856401e-06
Step [114]	propose "merge" on `case:customer_type`
	Current temperature:	0.030
	Current #nodes: 2
	Current energy: -0.375804
		> Current dispersal: 0.000000
		> Current impurity: 0.768622
	----------------------------------------
	Neighbor #nodes: 1
	Neighbor energy: 0.000000
		> Neighbor dispersal: 0.000000
		> Neighbor impurity: 1.000000
	----------------------------------------
	Current best state @ step [3]
	Current best state #nodes: 2
	Current best state energy: -0.375804
		> Current best state dispersal: 0.000000
		> Current best state impurity: 0.768622
	Probability of moving: 4.265355409856401e-06
Step [114]	propose "split" on `concept:name`
	Current temperature:	0.030
	Current #nodes: 2
	Current energy: -0.375804
		> Current dispersal: 0.000000
		> Current impurity: 0.768622
	----------------------------------------
	Neighbor #nodes: 4
	Neighbor energy: -0.353372
		> Neighbor dispersal: 0.252525
		> Neighbor impurity: 0.768622
	----------------------------------------
	Current best state @ step [3]
	Current best state #nodes: 2
	Current best state energy: -0.375804
		> Current best state dispersal: 0.000000
		> Current best state impurity: 0.768622
	Probability of moving: 0.4780308732944552
Step [114]	propose "split" on `concept:name`
	Current temperature:	0.030
	Current #nodes: 2
	Current energy: -0.375804
		> Current dispersal: 0.000000
		> Current impurity: 0.768622
	----------------------------------------
	Neighbor #nodes: 4
	Neighbor energy: -0.353372
		> Neighbor dispersal: 0.252525
		> Neighbor impurity: 0.768622
	----------------------------------------
	Current best state @ step [3]
	Current best state #nodes: 2
	Current best state energy: -0.375804
		> Current best state dispersal: 0.000000
		> Current best state impurity: 0.768622
	Probability of moving: 0.4780308732944552
			>>> MOVE TO NEIGHBOR
Step [115]	propose "merge" on `concept:name`
	Current temperature:	0.029
	Current #nodes: 4
	Current energy: -0.353372
		> Current dispersal: 0.252525
		> Current impurity: 0.768622
	----------------------------------------
	Neighbor #nodes: 2
	Neighbor energy: -0.375804
		> Neighbor dispersal: 0.000000
		> Neighbor impurity: 0.768622
	----------------------------------------
	Current best state @ step [3]
	Current best state #nodes: 2
	Current best state energy: -0.375804
		> Current best state dispersal: 0.000000
		> Current best state impurity: 0.768622
	Probability of moving: 1.0
			>>> MOVE TO NEIGHBOR
Step [115]	propose "merge" on `case:customer_type`
	Current temperature:	0.029
	Current #nodes: 2
	Current energy: -0.375804
		> Current dispersal: 0.000000
		> Current impurity: 0.768622
	----------------------------------------
	Neighbor #nodes: 1
	Neighbor energy: 0.000000
		> Neighbor dispersal: 0.000000
		> Neighbor impurity: 1.000000
	----------------------------------------
	Current best state @ step [3]
	Current best state #nodes: 2
	Current best state energy: -0.375804
		> Current best state dispersal: 0.000000
		> Current best state impurity: 0.768622
	Probability of moving: 2.2249552931091108e-06
Step [115]	propose "split" on `concept:name`
	Current temperature:	0.029
	Current #nodes: 2
	Current energy: -0.375804
		> Current dispersal: 0.000000
		> Current impurity: 0.768622
	----------------------------------------
	Neighbor #nodes: 4
	Neighbor energy: -0.353372
		> Neighbor dispersal: 0.252525
		> Neighbor impurity: 0.768622
	----------------------------------------
	Current best state @ step [3]
	Current best state #nodes: 2
	Current best state energy: -0.375804
		> Current best state dispersal: 0.000000
		> Current best state impurity: 0.768622
	Probability of moving: 0.45981719356288847
Step [115]	propose "merge" on `case:customer_type`
	Current temperature:	0.029
	Current #nodes: 2
	Current energy: -0.375804
		> Current dispersal: 0.000000
		> Current impurity: 0.768622
	----------------------------------------
	Neighbor #nodes: 1
	Neighbor energy: 0.000000
		> Neighbor dispersal: 0.000000
		> Neighbor impurity: 1.000000
	----------------------------------------
	Current best state @ step [3]
	Current best state #nodes: 2
	Current best state energy: -0.375804
		> Current best state dispersal: 0.000000
		> Current best state impurity: 0.768622
	Probability of moving: 2.2249552931091108e-06
Step [116]	propose "merge" on `case:customer_type`
	Current temperature:	0.027
	Current #nodes: 2
	Current energy: -0.375804
		> Current dispersal: 0.000000
		> Current impurity: 0.768622
	----------------------------------------
	Neighbor #nodes: 1
	Neighbor energy: 0.000000
		> Neighbor dispersal: 0.000000
		> Neighbor impurity: 1.000000
	----------------------------------------
	Current best state @ step [3]
	Current best state #nodes: 2
	Current best state energy: -0.375804
		> Current best state dispersal: 0.000000
		> Current best state impurity: 0.768622
	Probability of moving: 1.1215325514836562e-06
Step [116]	propose "merge" on `case:customer_type`
	Current temperature:	0.027
	Current #nodes: 2
	Current energy: -0.375804
		> Current dispersal: 0.000000
		> Current impurity: 0.768622
	----------------------------------------
	Neighbor #nodes: 1
	Neighbor energy: 0.000000
		> Neighbor dispersal: 0.000000
		> Neighbor impurity: 1.000000
	----------------------------------------
	Current best state @ step [3]
	Current best state #nodes: 2
	Current best state energy: -0.375804
		> Current best state dispersal: 0.000000
		> Current best state impurity: 0.768622
	Probability of moving: 1.1215325514836562e-06
Step [116]	propose "merge" on `case:customer_type`
	Current temperature:	0.027
	Current #nodes: 2
	Current energy: -0.375804
		> Current dispersal: 0.000000
		> Current impurity: 0.768622
	----------------------------------------
	Neighbor #nodes: 1
	Neighbor energy: 0.000000
		> Neighbor dispersal: 0.000000
		> Neighbor impurity: 1.000000
	----------------------------------------
	Current best state @ step [3]
	Current best state #nodes: 2
	Current best state energy: -0.375804
		> Current best state dispersal: 0.000000
		> Current best state impurity: 0.768622
	Probability of moving: 1.1215325514836562e-06
Step [116]	propose "split" on `concept:name`
	Current temperature:	0.027
	Current #nodes: 2
	Current energy: -0.375804
		> Current dispersal: 0.000000
		> Current impurity: 0.768622
	----------------------------------------
	Neighbor #nodes: 4
	Neighbor energy: -0.353372
		> Neighbor dispersal: 0.252525
		> Neighbor impurity: 0.768622
	----------------------------------------
	Current best state @ step [3]
	Current best state #nodes: 2
	Current best state energy: -0.375804
		> Current best state dispersal: 0.000000
		> Current best state impurity: 0.768622
	Probability of moving: 0.44139410949499613
Step [117]	propose "merge" on `case:customer_type`
	Current temperature:	0.026
	Current #nodes: 2
	Current energy: -0.375804
		> Current dispersal: 0.000000
		> Current impurity: 0.768622
	----------------------------------------
	Neighbor #nodes: 1
	Neighbor energy: 0.000000
		> Neighbor dispersal: 0.000000
		> Neighbor impurity: 1.000000
	----------------------------------------
	Current best state @ step [3]
	Current best state #nodes: 2
	Current best state energy: -0.375804
		> Current best state dispersal: 0.000000
		> Current best state impurity: 0.768622
	Probability of moving: 5.453107854566251e-07
Step [117]	propose "split" on `concept:name`
	Current temperature:	0.026
	Current #nodes: 2
	Current energy: -0.375804
		> Current dispersal: 0.000000
		> Current impurity: 0.768622
	----------------------------------------
	Neighbor #nodes: 4
	Neighbor energy: -0.353372
		> Neighbor dispersal: 0.252525
		> Neighbor impurity: 0.768622
	----------------------------------------
	Current best state @ step [3]
	Current best state #nodes: 2
	Current best state energy: -0.375804
		> Current best state dispersal: 0.000000
		> Current best state impurity: 0.768622
	Probability of moving: 0.422798261378034
Step [117]	propose "split" on `concept:name`
	Current temperature:	0.026
	Current #nodes: 2
	Current energy: -0.375804
		> Current dispersal: 0.000000
		> Current impurity: 0.768622
	----------------------------------------
	Neighbor #nodes: 4
	Neighbor energy: -0.353372
		> Neighbor dispersal: 0.252525
		> Neighbor impurity: 0.768622
	----------------------------------------
	Current best state @ step [3]
	Current best state #nodes: 2
	Current best state energy: -0.375804
		> Current best state dispersal: 0.000000
		> Current best state impurity: 0.768622
	Probability of moving: 0.422798261378034
			>>> MOVE TO NEIGHBOR
Step [117]	propose "merge" on `case:customer_type`
	Current temperature:	0.026
	Current #nodes: 4
	Current energy: -0.353372
		> Current dispersal: 0.252525
		> Current impurity: 0.768622
	----------------------------------------
	Neighbor #nodes: 2
	Neighbor energy: 0.000000
		> Neighbor dispersal: 0.505051
		> Neighbor impurity: 1.000000
	----------------------------------------
	Current best state @ step [3]
	Current best state #nodes: 2
	Current best state energy: -0.375804
		> Current best state dispersal: 0.000000
		> Current best state impurity: 0.768622
	Probability of moving: 1.2897659126584025e-06
Step [118]	propose "merge" on `concept:name`
	Current temperature:	0.025
	Current #nodes: 4
	Current energy: -0.353372
		> Current dispersal: 0.252525
		> Current impurity: 0.768622
	----------------------------------------
	Neighbor #nodes: 2
	Neighbor energy: -0.375804
		> Neighbor dispersal: 0.000000
		> Neighbor impurity: 0.768622
	----------------------------------------
	Current best state @ step [3]
	Current best state #nodes: 2
	Current best state energy: -0.375804
		> Current best state dispersal: 0.000000
		> Current best state impurity: 0.768622
	Probability of moving: 1.0
			>>> MOVE TO NEIGHBOR
Step [118]	propose "merge" on `case:customer_type`
	Current temperature:	0.025
	Current #nodes: 2
	Current energy: -0.375804
		> Current dispersal: 0.000000
		> Current impurity: 0.768622
	----------------------------------------
	Neighbor #nodes: 1
	Neighbor energy: 0.000000
		> Neighbor dispersal: 0.000000
		> Neighbor impurity: 1.000000
	----------------------------------------
	Current best state @ step [3]
	Current best state #nodes: 2
	Current best state energy: -0.375804
		> Current best state dispersal: 0.000000
		> Current best state impurity: 0.768622
	Probability of moving: 2.552664721196695e-07
Step [118]	propose "split" on `concept:name`
	Current temperature:	0.025
	Current #nodes: 2
	Current energy: -0.375804
		> Current dispersal: 0.000000
		> Current impurity: 0.768622
	----------------------------------------
	Neighbor #nodes: 4
	Neighbor energy: -0.353372
		> Neighbor dispersal: 0.252525
		> Neighbor impurity: 0.768622
	----------------------------------------
	Current best state @ step [3]
	Current best state #nodes: 2
	Current best state energy: -0.375804
		> Current best state dispersal: 0.000000
		> Current best state impurity: 0.768622
	Probability of moving: 0.4040694275446244
			>>> MOVE TO NEIGHBOR
Step [118]	propose "merge" on `case:customer_type`
	Current temperature:	0.025
	Current #nodes: 4
	Current energy: -0.353372
		> Current dispersal: 0.252525
		> Current impurity: 0.768622
	----------------------------------------
	Neighbor #nodes: 2
	Neighbor energy: 0.000000
		> Neighbor dispersal: 0.505051
		> Neighbor impurity: 1.000000
	----------------------------------------
	Current best state @ step [3]
	Current best state #nodes: 2
	Current best state energy: -0.375804
		> Current best state dispersal: 0.000000
		> Current best state impurity: 0.768622
	Probability of moving: 6.317391386693773e-07
Step [119]	propose "merge" on `case:customer_type`
	Current temperature:	0.024
	Current #nodes: 4
	Current energy: -0.353372
		> Current dispersal: 0.252525
		> Current impurity: 0.768622
	----------------------------------------
	Neighbor #nodes: 2
	Neighbor energy: 0.000000
		> Neighbor dispersal: 0.505051
		> Neighbor impurity: 1.000000
	----------------------------------------
	Current best state @ step [3]
	Current best state #nodes: 2
	Current best state energy: -0.375804
		> Current best state dispersal: 0.000000
		> Current best state impurity: 0.768622
	Probability of moving: 2.9802335459245477e-07
Step [119]	propose "merge" on `concept:name`
	Current temperature:	0.024
	Current #nodes: 4
	Current energy: -0.353372
		> Current dispersal: 0.252525
		> Current impurity: 0.768622
	----------------------------------------
	Neighbor #nodes: 2
	Neighbor energy: -0.375804
		> Neighbor dispersal: 0.000000
		> Neighbor impurity: 0.768622
	----------------------------------------
	Current best state @ step [3]
	Current best state #nodes: 2
	Current best state energy: -0.375804
		> Current best state dispersal: 0.000000
		> Current best state impurity: 0.768622
	Probability of moving: 1.0
			>>> MOVE TO NEIGHBOR
Step [119]	propose "merge" on `case:customer_type`
	Current temperature:	0.024
	Current #nodes: 2
	Current energy: -0.375804
		> Current dispersal: 0.000000
		> Current impurity: 0.768622
	----------------------------------------
	Neighbor #nodes: 1
	Neighbor energy: 0.000000
		> Neighbor dispersal: 0.000000
		> Neighbor impurity: 1.000000
	----------------------------------------
	Current best state @ step [3]
	Current best state #nodes: 2
	Current best state energy: -0.375804
		> Current best state dispersal: 0.000000
		> Current best state impurity: 0.768622
	Probability of moving: 1.1481363019183415e-07
Step [119]	propose "split" on `concept:name`
	Current temperature:	0.024
	Current #nodes: 2
	Current energy: -0.375804
		> Current dispersal: 0.000000
		> Current impurity: 0.768622
	----------------------------------------
	Neighbor #nodes: 4
	Neighbor energy: -0.353372
		> Neighbor dispersal: 0.252525
		> Neighbor impurity: 0.768622
	----------------------------------------
	Current best state @ step [3]
	Current best state #nodes: 2
	Current best state energy: -0.375804
		> Current best state dispersal: 0.000000
		> Current best state impurity: 0.768622
	Probability of moving: 0.38525044572040734
Step [120]	propose "split" on `concept:name`
	Current temperature:	0.022
	Current #nodes: 2
	Current energy: -0.375804
		> Current dispersal: 0.000000
		> Current impurity: 0.768622
	----------------------------------------
	Neighbor #nodes: 4
	Neighbor energy: -0.353372
		> Neighbor dispersal: 0.252525
		> Neighbor impurity: 0.768622
	----------------------------------------
	Current best state @ step [3]
	Current best state #nodes: 2
	Current best state energy: -0.375804
		> Current best state dispersal: 0.000000
		> Current best state impurity: 0.768622
	Probability of moving: 0.36638708599851677
			>>> MOVE TO NEIGHBOR
Step [120]	propose "merge" on `concept:name`
	Current temperature:	0.022
	Current #nodes: 4
	Current energy: -0.353372
		> Current dispersal: 0.252525
		> Current impurity: 0.768622
	----------------------------------------
	Neighbor #nodes: 2
	Neighbor energy: -0.375804
		> Neighbor dispersal: 0.000000
		> Neighbor impurity: 0.768622
	----------------------------------------
	Current best state @ step [3]
	Current best state #nodes: 2
	Current best state energy: -0.375804
		> Current best state dispersal: 0.000000
		> Current best state impurity: 0.768622
	Probability of moving: 1.0
			>>> MOVE TO NEIGHBOR
Step [120]	propose "merge" on `case:customer_type`
	Current temperature:	0.022
	Current #nodes: 2
	Current energy: -0.375804
		> Current dispersal: 0.000000
		> Current impurity: 0.768622
	----------------------------------------
	Neighbor #nodes: 1
	Neighbor energy: 0.000000
		> Neighbor dispersal: 0.000000
		> Neighbor impurity: 1.000000
	----------------------------------------
	Current best state @ step [3]
	Current best state #nodes: 2
	Current best state energy: -0.375804
		> Current best state dispersal: 0.000000
		> Current best state impurity: 0.768622
	Probability of moving: 4.95142204633319e-08
Step [120]	propose "merge" on `case:customer_type`
	Current temperature:	0.022
	Current #nodes: 2
	Current energy: -0.375804
		> Current dispersal: 0.000000
		> Current impurity: 0.768622
	----------------------------------------
	Neighbor #nodes: 1
	Neighbor energy: 0.000000
		> Neighbor dispersal: 0.000000
		> Neighbor impurity: 1.000000
	----------------------------------------
	Current best state @ step [3]
	Current best state #nodes: 2
	Current best state energy: -0.375804
		> Current best state dispersal: 0.000000
		> Current best state impurity: 0.768622
	Probability of moving: 4.95142204633319e-08
Step [121]	propose "merge" on `case:customer_type`
	Current temperature:	0.021
	Current #nodes: 2
	Current energy: -0.375804
		> Current dispersal: 0.000000
		> Current impurity: 0.768622
	----------------------------------------
	Neighbor #nodes: 1
	Neighbor energy: 0.000000
		> Neighbor dispersal: 0.000000
		> Neighbor impurity: 1.000000
	----------------------------------------
	Current best state @ step [3]
	Current best state #nodes: 2
	Current best state energy: -0.375804
		> Current best state dispersal: 0.000000
		> Current best state impurity: 0.768622
	Probability of moving: 2.0428761983150583e-08
Step [121]	propose "merge" on `case:customer_type`
	Current temperature:	0.021
	Current #nodes: 2
	Current energy: -0.375804
		> Current dispersal: 0.000000
		> Current impurity: 0.768622
	----------------------------------------
	Neighbor #nodes: 1
	Neighbor energy: 0.000000
		> Neighbor dispersal: 0.000000
		> Neighbor impurity: 1.000000
	----------------------------------------
	Current best state @ step [3]
	Current best state #nodes: 2
	Current best state energy: -0.375804
		> Current best state dispersal: 0.000000
		> Current best state impurity: 0.768622
	Probability of moving: 2.0428761983150583e-08
Step [121]	propose "merge" on `case:customer_type`
	Current temperature:	0.021
	Current #nodes: 2
	Current energy: -0.375804
		> Current dispersal: 0.000000
		> Current impurity: 0.768622
	----------------------------------------
	Neighbor #nodes: 1
	Neighbor energy: 0.000000
		> Neighbor dispersal: 0.000000
		> Neighbor impurity: 1.000000
	----------------------------------------
	Current best state @ step [3]
	Current best state #nodes: 2
	Current best state energy: -0.375804
		> Current best state dispersal: 0.000000
		> Current best state impurity: 0.768622
	Probability of moving: 2.0428761983150583e-08
Step [121]	propose "split" on `concept:name`
	Current temperature:	0.021
	Current #nodes: 2
	Current energy: -0.375804
		> Current dispersal: 0.000000
		> Current impurity: 0.768622
	----------------------------------------
	Neighbor #nodes: 4
	Neighbor energy: -0.353372
		> Neighbor dispersal: 0.252525
		> Neighbor impurity: 0.768622
	----------------------------------------
	Current best state @ step [3]
	Current best state #nodes: 2
	Current best state energy: -0.375804
		> Current best state dispersal: 0.000000
		> Current best state impurity: 0.768622
	Probability of moving: 0.34752787092411125
Step [122]	propose "split" on `concept:name`
	Current temperature:	0.020
	Current #nodes: 2
	Current energy: -0.375804
		> Current dispersal: 0.000000
		> Current impurity: 0.768622
	----------------------------------------
	Neighbor #nodes: 4
	Neighbor energy: -0.353372
		> Neighbor dispersal: 0.252525
		> Neighbor impurity: 0.768622
	----------------------------------------
	Current best state @ step [3]
	Current best state #nodes: 2
	Current best state energy: -0.375804
		> Current best state dispersal: 0.000000
		> Current best state impurity: 0.768622
	Probability of moving: 0.3287238386385617
Step [122]	propose "merge" on `case:customer_type`
	Current temperature:	0.020
	Current #nodes: 2
	Current energy: -0.375804
		> Current dispersal: 0.000000
		> Current impurity: 0.768622
	----------------------------------------
	Neighbor #nodes: 1
	Neighbor energy: 0.000000
		> Neighbor dispersal: 0.000000
		> Neighbor impurity: 1.000000
	----------------------------------------
	Current best state @ step [3]
	Current best state #nodes: 2
	Current best state energy: -0.375804
		> Current best state dispersal: 0.000000
		> Current best state impurity: 0.768622
	Probability of moving: 8.044849904888186e-09
Step [122]	propose "split" on `concept:name`
	Current temperature:	0.020
	Current #nodes: 2
	Current energy: -0.375804
		> Current dispersal: 0.000000
		> Current impurity: 0.768622
	----------------------------------------
	Neighbor #nodes: 4
	Neighbor energy: -0.353372
		> Neighbor dispersal: 0.252525
		> Neighbor impurity: 0.768622
	----------------------------------------
	Current best state @ step [3]
	Current best state #nodes: 2
	Current best state energy: -0.375804
		> Current best state dispersal: 0.000000
		> Current best state impurity: 0.768622
	Probability of moving: 0.3287238386385617
			>>> MOVE TO NEIGHBOR
Step [122]	propose "merge" on `case:customer_type`
	Current temperature:	0.020
	Current #nodes: 4
	Current energy: -0.353372
		> Current dispersal: 0.252525
		> Current impurity: 0.768622
	----------------------------------------
	Neighbor #nodes: 2
	Neighbor energy: 0.000000
		> Neighbor dispersal: 0.505051
		> Neighbor impurity: 1.000000
	----------------------------------------
	Current best state @ step [3]
	Current best state #nodes: 2
	Current best state energy: -0.375804
		> Current best state dispersal: 0.000000
		> Current best state impurity: 0.768622
	Probability of moving: 2.4472973843961627e-08
Step [123]	propose "merge" on `concept:name`
	Current temperature:	0.019
	Current #nodes: 4
	Current energy: -0.353372
		> Current dispersal: 0.252525
		> Current impurity: 0.768622
	----------------------------------------
	Neighbor #nodes: 2
	Neighbor energy: -0.375804
		> Neighbor dispersal: 0.000000
		> Neighbor impurity: 0.768622
	----------------------------------------
	Current best state @ step [3]
	Current best state #nodes: 2
	Current best state energy: -0.375804
		> Current best state dispersal: 0.000000
		> Current best state impurity: 0.768622
	Probability of moving: 1.0
			>>> MOVE TO NEIGHBOR
Step [123]	propose "split" on `concept:name`
	Current temperature:	0.019
	Current #nodes: 2
	Current energy: -0.375804
		> Current dispersal: 0.000000
		> Current impurity: 0.768622
	----------------------------------------
	Neighbor #nodes: 4
	Neighbor energy: -0.353372
		> Neighbor dispersal: 0.252525
		> Neighbor impurity: 0.768622
	----------------------------------------
	Current best state @ step [3]
	Current best state #nodes: 2
	Current best state energy: -0.375804
		> Current best state dispersal: 0.000000
		> Current best state impurity: 0.768622
	Probability of moving: 0.31002824570827053
			>>> MOVE TO NEIGHBOR
Step [123]	propose "merge" on `concept:name`
	Current temperature:	0.019
	Current #nodes: 4
	Current energy: -0.353372
		> Current dispersal: 0.252525
		> Current impurity: 0.768622
	----------------------------------------
	Neighbor #nodes: 2
	Neighbor energy: -0.375804
		> Neighbor dispersal: 0.000000
		> Neighbor impurity: 0.768622
	----------------------------------------
	Current best state @ step [3]
	Current best state #nodes: 2
	Current best state energy: -0.375804
		> Current best state dispersal: 0.000000
		> Current best state impurity: 0.768622
	Probability of moving: 1.0
			>>> MOVE TO NEIGHBOR
Step [123]	propose "split" on `concept:name`
	Current temperature:	0.019
	Current #nodes: 2
	Current energy: -0.375804
		> Current dispersal: 0.000000
		> Current impurity: 0.768622
	----------------------------------------
	Neighbor #nodes: 4
	Neighbor energy: -0.353372
		> Neighbor dispersal: 0.252525
		> Neighbor impurity: 0.768622
	----------------------------------------
	Current best state @ step [3]
	Current best state #nodes: 2
	Current best state energy: -0.375804
		> Current best state dispersal: 0.000000
		> Current best state impurity: 0.768622
	Probability of moving: 0.31002824570827053
Step [124]	propose "merge" on `case:customer_type`
	Current temperature:	0.018
	Current #nodes: 2
	Current energy: -0.375804
		> Current dispersal: 0.000000
		> Current impurity: 0.768622
	----------------------------------------
	Neighbor #nodes: 1
	Neighbor energy: 0.000000
		> Neighbor dispersal: 0.000000
		> Neighbor impurity: 1.000000
	----------------------------------------
	Current best state @ step [3]
	Current best state #nodes: 2
	Current best state energy: -0.375804
		> Current best state dispersal: 0.000000
		> Current best state impurity: 0.768622
	Probability of moving: 1.0741002439910642e-09
Step [124]	propose "merge" on `case:customer_type`
	Current temperature:	0.018
	Current #nodes: 2
	Current energy: -0.375804
		> Current dispersal: 0.000000
		> Current impurity: 0.768622
	----------------------------------------
	Neighbor #nodes: 1
	Neighbor energy: 0.000000
		> Neighbor dispersal: 0.000000
		> Neighbor impurity: 1.000000
	----------------------------------------
	Current best state @ step [3]
	Current best state #nodes: 2
	Current best state energy: -0.375804
		> Current best state dispersal: 0.000000
		> Current best state impurity: 0.768622
	Probability of moving: 1.0741002439910642e-09
Step [124]	propose "split" on `concept:name`
	Current temperature:	0.018
	Current #nodes: 2
	Current energy: -0.375804
		> Current dispersal: 0.000000
		> Current impurity: 0.768622
	----------------------------------------
	Neighbor #nodes: 4
	Neighbor energy: -0.353372
		> Neighbor dispersal: 0.252525
		> Neighbor impurity: 0.768622
	----------------------------------------
	Current best state @ step [3]
	Current best state #nodes: 2
	Current best state energy: -0.375804
		> Current best state dispersal: 0.000000
		> Current best state impurity: 0.768622
	Probability of moving: 0.2914962071697553
			>>> MOVE TO NEIGHBOR
Step [124]	propose "merge" on `concept:name`
	Current temperature:	0.018
	Current #nodes: 4
	Current energy: -0.353372
		> Current dispersal: 0.252525
		> Current impurity: 0.768622
	----------------------------------------
	Neighbor #nodes: 2
	Neighbor energy: -0.375804
		> Neighbor dispersal: 0.000000
		> Neighbor impurity: 0.768622
	----------------------------------------
	Current best state @ step [3]
	Current best state #nodes: 2
	Current best state energy: -0.375804
		> Current best state dispersal: 0.000000
		> Current best state impurity: 0.768622
	Probability of moving: 1.0
			>>> MOVE TO NEIGHBOR
Step [125]	propose "split" on `concept:name`
	Current temperature:	0.017
	Current #nodes: 2
	Current energy: -0.375804
		> Current dispersal: 0.000000
		> Current impurity: 0.768622
	----------------------------------------
	Neighbor #nodes: 4
	Neighbor energy: -0.353372
		> Neighbor dispersal: 0.252525
		> Neighbor impurity: 0.768622
	----------------------------------------
	Current best state @ step [3]
	Current best state #nodes: 2
	Current best state energy: -0.375804
		> Current best state dispersal: 0.000000
		> Current best state impurity: 0.768622
	Probability of moving: 0.27318427247839505
Step [125]	propose "split" on `concept:name`
	Current temperature:	0.017
	Current #nodes: 2
	Current energy: -0.375804
		> Current dispersal: 0.000000
		> Current impurity: 0.768622
	----------------------------------------
	Neighbor #nodes: 4
	Neighbor energy: -0.353372
		> Neighbor dispersal: 0.252525
		> Neighbor impurity: 0.768622
	----------------------------------------
	Current best state @ step [3]
	Current best state #nodes: 2
	Current best state energy: -0.375804
		> Current best state dispersal: 0.000000
		> Current best state impurity: 0.768622
	Probability of moving: 0.27318427247839505
Step [125]	propose "merge" on `case:customer_type`
	Current temperature:	0.017
	Current #nodes: 2
	Current energy: -0.375804
		> Current dispersal: 0.000000
		> Current impurity: 0.768622
	----------------------------------------
	Neighbor #nodes: 1
	Neighbor energy: 0.000000
		> Neighbor dispersal: 0.000000
		> Neighbor impurity: 1.000000
	----------------------------------------
	Current best state @ step [3]
	Current best state #nodes: 2
	Current best state energy: -0.375804
		> Current best state dispersal: 0.000000
		> Current best state impurity: 0.768622
	Probability of moving: 3.6223844624925824e-10
Step [125]	propose "split" on `concept:name`
	Current temperature:	0.017
	Current #nodes: 2
	Current energy: -0.375804
		> Current dispersal: 0.000000
		> Current impurity: 0.768622
	----------------------------------------
	Neighbor #nodes: 4
	Neighbor energy: -0.353372
		> Neighbor dispersal: 0.252525
		> Neighbor impurity: 0.768622
	----------------------------------------
	Current best state @ step [3]
	Current best state #nodes: 2
	Current best state energy: -0.375804
		> Current best state dispersal: 0.000000
		> Current best state impurity: 0.768622
	Probability of moving: 0.27318427247839505
Step [126]	propose "merge" on `case:customer_type`
	Current temperature:	0.016
	Current #nodes: 2
	Current energy: -0.375804
		> Current dispersal: 0.000000
		> Current impurity: 0.768622
	----------------------------------------
	Neighbor #nodes: 1
	Neighbor energy: 0.000000
		> Neighbor dispersal: 0.000000
		> Neighbor impurity: 1.000000
	----------------------------------------
	Current best state @ step [3]
	Current best state #nodes: 2
	Current best state energy: -0.375804
		> Current best state dispersal: 0.000000
		> Current best state impurity: 0.768622
	Probability of moving: 1.153717601092579e-10
Step [126]	propose "merge" on `case:customer_type`
	Current temperature:	0.016
	Current #nodes: 2
	Current energy: -0.375804
		> Current dispersal: 0.000000
		> Current impurity: 0.768622
	----------------------------------------
	Neighbor #nodes: 1
	Neighbor energy: 0.000000
		> Neighbor dispersal: 0.000000
		> Neighbor impurity: 1.000000
	----------------------------------------
	Current best state @ step [3]
	Current best state #nodes: 2
	Current best state energy: -0.375804
		> Current best state dispersal: 0.000000
		> Current best state impurity: 0.768622
	Probability of moving: 1.153717601092579e-10
Step [126]	propose "split" on `concept:name`
	Current temperature:	0.016
	Current #nodes: 2
	Current energy: -0.375804
		> Current dispersal: 0.000000
		> Current impurity: 0.768622
	----------------------------------------
	Neighbor #nodes: 4
	Neighbor energy: -0.353372
		> Neighbor dispersal: 0.252525
		> Neighbor impurity: 0.768622
	----------------------------------------
	Current best state @ step [3]
	Current best state #nodes: 2
	Current best state energy: -0.375804
		> Current best state dispersal: 0.000000
		> Current best state impurity: 0.768622
	Probability of moving: 0.2551499374643319
Step [126]	propose "split" on `concept:name`
	Current temperature:	0.016
	Current #nodes: 2
	Current energy: -0.375804
		> Current dispersal: 0.000000
		> Current impurity: 0.768622
	----------------------------------------
	Neighbor #nodes: 4
	Neighbor energy: -0.353372
		> Neighbor dispersal: 0.252525
		> Neighbor impurity: 0.768622
	----------------------------------------
	Current best state @ step [3]
	Current best state #nodes: 2
	Current best state energy: -0.375804
		> Current best state dispersal: 0.000000
		> Current best state impurity: 0.768622
	Probability of moving: 0.2551499374643319
			>>> MOVE TO NEIGHBOR
Step [127]	propose "merge" on `case:customer_type`
	Current temperature:	0.016
	Current #nodes: 4
	Current energy: -0.353372
		> Current dispersal: 0.252525
		> Current impurity: 0.768622
	----------------------------------------
	Neighbor #nodes: 2
	Neighbor energy: 0.000000
		> Neighbor dispersal: 0.505051
		> Neighbor impurity: 1.000000
	----------------------------------------
	Current best state @ step [3]
	Current best state #nodes: 2
	Current best state energy: -0.375804
		> Current best state dispersal: 0.000000
		> Current best state impurity: 0.768622
	Probability of moving: 1.457061723299491e-10
Step [127]	propose "merge" on `case:customer_type`
	Current temperature:	0.016
	Current #nodes: 4
	Current energy: -0.353372
		> Current dispersal: 0.252525
		> Current impurity: 0.768622
	----------------------------------------
	Neighbor #nodes: 2
	Neighbor energy: 0.000000
		> Neighbor dispersal: 0.505051
		> Neighbor impurity: 1.000000
	----------------------------------------
	Current best state @ step [3]
	Current best state #nodes: 2
	Current best state energy: -0.375804
		> Current best state dispersal: 0.000000
		> Current best state impurity: 0.768622
	Probability of moving: 1.457061723299491e-10
Step [127]	propose "merge" on `case:customer_type`
	Current temperature:	0.016
	Current #nodes: 4
	Current energy: -0.353372
		> Current dispersal: 0.252525
		> Current impurity: 0.768622
	----------------------------------------
	Neighbor #nodes: 2
	Neighbor energy: 0.000000
		> Neighbor dispersal: 0.505051
		> Neighbor impurity: 1.000000
	----------------------------------------
	Current best state @ step [3]
	Current best state #nodes: 2
	Current best state energy: -0.375804
		> Current best state dispersal: 0.000000
		> Current best state impurity: 0.768622
	Probability of moving: 1.457061723299491e-10
Step [127]	propose "merge" on `case:customer_type`
	Current temperature:	0.016
	Current #nodes: 4
	Current energy: -0.353372
		> Current dispersal: 0.252525
		> Current impurity: 0.768622
	----------------------------------------
	Neighbor #nodes: 2
	Neighbor energy: 0.000000
		> Neighbor dispersal: 0.505051
		> Neighbor impurity: 1.000000
	----------------------------------------
	Current best state @ step [3]
	Current best state #nodes: 2
	Current best state energy: -0.375804
		> Current best state dispersal: 0.000000
		> Current best state impurity: 0.768622
	Probability of moving: 1.457061723299491e-10
Step [128]	propose "merge" on `case:customer_type`
	Current temperature:	0.015
	Current #nodes: 4
	Current energy: -0.353372
		> Current dispersal: 0.252525
		> Current impurity: 0.768622
	----------------------------------------
	Neighbor #nodes: 2
	Neighbor energy: 0.000000
		> Neighbor dispersal: 0.505051
		> Neighbor impurity: 1.000000
	----------------------------------------
	Current best state @ step [3]
	Current best state #nodes: 2
	Current best state energy: -0.375804
		> Current best state dispersal: 0.000000
		> Current best state impurity: 0.768622
	Probability of moving: 4.4235023532989747e-11
Step [128]	propose "merge" on `concept:name`
	Current temperature:	0.015
	Current #nodes: 4
	Current energy: -0.353372
		> Current dispersal: 0.252525
		> Current impurity: 0.768622
	----------------------------------------
	Neighbor #nodes: 2
	Neighbor energy: -0.375804
		> Neighbor dispersal: 0.000000
		> Neighbor impurity: 0.768622
	----------------------------------------
	Current best state @ step [3]
	Current best state #nodes: 2
	Current best state energy: -0.375804
		> Current best state dispersal: 0.000000
		> Current best state impurity: 0.768622
	Probability of moving: 1.0
			>>> MOVE TO NEIGHBOR
Step [128]	propose "merge" on `case:customer_type`
	Current temperature:	0.015
	Current #nodes: 2
	Current energy: -0.375804
		> Current dispersal: 0.000000
		> Current impurity: 0.768622
	----------------------------------------
	Neighbor #nodes: 1
	Neighbor energy: 0.000000
		> Neighbor dispersal: 0.000000
		> Neighbor impurity: 1.000000
	----------------------------------------
	Current best state @ step [3]
	Current best state #nodes: 2
	Current best state energy: -0.375804
		> Current best state dispersal: 0.000000
		> Current best state impurity: 0.768622
	Probability of moving: 9.738137906741093e-12
Step [128]	propose "split" on `concept:name`
	Current temperature:	0.015
	Current #nodes: 2
	Current energy: -0.375804
		> Current dispersal: 0.000000
		> Current impurity: 0.768622
	----------------------------------------
	Neighbor #nodes: 4
	Neighbor energy: -0.353372
		> Neighbor dispersal: 0.252525
		> Neighbor impurity: 0.768622
	----------------------------------------
	Current best state @ step [3]
	Current best state #nodes: 2
	Current best state energy: -0.375804
		> Current best state dispersal: 0.000000
		> Current best state impurity: 0.768622
	Probability of moving: 0.22014542163583461
Step [129]	propose "split" on `concept:name`
	Current temperature:	0.014
	Current #nodes: 2
	Current energy: -0.375804
		> Current dispersal: 0.000000
		> Current impurity: 0.768622
	----------------------------------------
	Neighbor #nodes: 4
	Neighbor energy: -0.353372
		> Neighbor dispersal: 0.252525
		> Neighbor impurity: 0.768622
	----------------------------------------
	Current best state @ step [3]
	Current best state #nodes: 2
	Current best state energy: -0.375804
		> Current best state dispersal: 0.000000
		> Current best state impurity: 0.768622
	Probability of moving: 0.20328972544919793
Step [129]	propose "merge" on `case:customer_type`
	Current temperature:	0.014
	Current #nodes: 2
	Current energy: -0.375804
		> Current dispersal: 0.000000
		> Current impurity: 0.768622
	----------------------------------------
	Neighbor #nodes: 1
	Neighbor energy: 0.000000
		> Neighbor dispersal: 0.000000
		> Neighbor impurity: 1.000000
	----------------------------------------
	Current best state @ step [3]
	Current best state #nodes: 2
	Current best state energy: -0.375804
		> Current best state dispersal: 0.000000
		> Current best state impurity: 0.768622
	Probability of moving: 2.564023619863656e-12
Step [129]	propose "split" on `concept:name`
	Current temperature:	0.014
	Current #nodes: 2
	Current energy: -0.375804
		> Current dispersal: 0.000000
		> Current impurity: 0.768622
	----------------------------------------
	Neighbor #nodes: 4
	Neighbor energy: -0.353372
		> Neighbor dispersal: 0.252525
		> Neighbor impurity: 0.768622
	----------------------------------------
	Current best state @ step [3]
	Current best state #nodes: 2
	Current best state energy: -0.375804
		> Current best state dispersal: 0.000000
		> Current best state impurity: 0.768622
	Probability of moving: 0.20328972544919793
			>>> MOVE TO NEIGHBOR
Step [129]	propose "merge" on `concept:name`
	Current temperature:	0.014
	Current #nodes: 4
	Current energy: -0.353372
		> Current dispersal: 0.252525
		> Current impurity: 0.768622
	----------------------------------------
	Neighbor #nodes: 2
	Neighbor energy: -0.375804
		> Neighbor dispersal: 0.000000
		> Neighbor impurity: 0.768622
	----------------------------------------
	Current best state @ step [3]
	Current best state #nodes: 2
	Current best state energy: -0.375804
		> Current best state dispersal: 0.000000
		> Current best state impurity: 0.768622
	Probability of moving: 1.0
			>>> MOVE TO NEIGHBOR
Step [130]	propose "merge" on `case:customer_type`
	Current temperature:	0.013
	Current #nodes: 2
	Current energy: -0.375804
		> Current dispersal: 0.000000
		> Current impurity: 0.768622
	----------------------------------------
	Neighbor #nodes: 1
	Neighbor energy: 0.000000
		> Neighbor dispersal: 0.000000
		> Neighbor impurity: 1.000000
	----------------------------------------
	Current best state @ step [3]
	Current best state #nodes: 2
	Current best state energy: -0.375804
		> Current best state dispersal: 0.000000
		> Current best state impurity: 0.768622
	Probability of moving: 6.293109461802447e-13
Step [130]	propose "split" on `concept:name`
	Current temperature:	0.013
	Current #nodes: 2
	Current energy: -0.375804
		> Current dispersal: 0.000000
		> Current impurity: 0.768622
	----------------------------------------
	Neighbor #nodes: 4
	Neighbor energy: -0.353372
		> Neighbor dispersal: 0.252525
		> Neighbor impurity: 0.768622
	----------------------------------------
	Current best state @ step [3]
	Current best state #nodes: 2
	Current best state energy: -0.375804
		> Current best state dispersal: 0.000000
		> Current best state impurity: 0.768622
	Probability of moving: 0.1869392310442724
Step [130]	propose "split" on `concept:name`
	Current temperature:	0.013
	Current #nodes: 2
	Current energy: -0.375804
		> Current dispersal: 0.000000
		> Current impurity: 0.768622
	----------------------------------------
	Neighbor #nodes: 4
	Neighbor energy: -0.353372
		> Neighbor dispersal: 0.252525
		> Neighbor impurity: 0.768622
	----------------------------------------
	Current best state @ step [3]
	Current best state #nodes: 2
	Current best state energy: -0.375804
		> Current best state dispersal: 0.000000
		> Current best state impurity: 0.768622
	Probability of moving: 0.1869392310442724
Step [130]	propose "merge" on `case:customer_type`
	Current temperature:	0.013
	Current #nodes: 2
	Current energy: -0.375804
		> Current dispersal: 0.000000
		> Current impurity: 0.768622
	----------------------------------------
	Neighbor #nodes: 1
	Neighbor energy: 0.000000
		> Neighbor dispersal: 0.000000
		> Neighbor impurity: 1.000000
	----------------------------------------
	Current best state @ step [3]
	Current best state #nodes: 2
	Current best state energy: -0.375804
		> Current best state dispersal: 0.000000
		> Current best state impurity: 0.768622
	Probability of moving: 6.293109461802447e-13
Step [131]	propose "split" on `concept:name`
	Current temperature:	0.013
	Current #nodes: 2
	Current energy: -0.375804
		> Current dispersal: 0.000000
		> Current impurity: 0.768622
	----------------------------------------
	Neighbor #nodes: 4
	Neighbor energy: -0.353372
		> Neighbor dispersal: 0.252525
		> Neighbor impurity: 0.768622
	----------------------------------------
	Current best state @ step [3]
	Current best state #nodes: 2
	Current best state energy: -0.375804
		> Current best state dispersal: 0.000000
		> Current best state impurity: 0.768622
	Probability of moving: 0.17114684468732258
Step [131]	propose "split" on `concept:name`
	Current temperature:	0.013
	Current #nodes: 2
	Current energy: -0.375804
		> Current dispersal: 0.000000
		> Current impurity: 0.768622
	----------------------------------------
	Neighbor #nodes: 4
	Neighbor energy: -0.353372
		> Neighbor dispersal: 0.252525
		> Neighbor impurity: 0.768622
	----------------------------------------
	Current best state @ step [3]
	Current best state #nodes: 2
	Current best state energy: -0.375804
		> Current best state dispersal: 0.000000
		> Current best state impurity: 0.768622
	Probability of moving: 0.17114684468732258
Step [131]	propose "split" on `concept:name`
	Current temperature:	0.013
	Current #nodes: 2
	Current energy: -0.375804
		> Current dispersal: 0.000000
		> Current impurity: 0.768622
	----------------------------------------
	Neighbor #nodes: 4
	Neighbor energy: -0.353372
		> Neighbor dispersal: 0.252525
		> Neighbor impurity: 0.768622
	----------------------------------------
	Current best state @ step [3]
	Current best state #nodes: 2
	Current best state energy: -0.375804
		> Current best state dispersal: 0.000000
		> Current best state impurity: 0.768622
	Probability of moving: 0.17114684468732258
Step [131]	propose "merge" on `case:customer_type`
	Current temperature:	0.013
	Current #nodes: 2
	Current energy: -0.375804
		> Current dispersal: 0.000000
		> Current impurity: 0.768622
	----------------------------------------
	Neighbor #nodes: 1
	Neighbor energy: 0.000000
		> Neighbor dispersal: 0.000000
		> Neighbor impurity: 1.000000
	----------------------------------------
	Current best state @ step [3]
	Current best state #nodes: 2
	Current best state energy: -0.375804
		> Current best state dispersal: 0.000000
		> Current best state impurity: 0.768622
	Probability of moving: 1.434499168815081e-13
Step [132]	propose "split" on `concept:name`
	Current temperature:	0.012
	Current #nodes: 2
	Current energy: -0.375804
		> Current dispersal: 0.000000
		> Current impurity: 0.768622
	----------------------------------------
	Neighbor #nodes: 4
	Neighbor energy: -0.353372
		> Neighbor dispersal: 0.252525
		> Neighbor impurity: 0.768622
	----------------------------------------
	Current best state @ step [3]
	Current best state #nodes: 2
	Current best state energy: -0.375804
		> Current best state dispersal: 0.000000
		> Current best state impurity: 0.768622
	Probability of moving: 0.15596239342968227
Step [132]	propose "split" on `concept:name`
	Current temperature:	0.012
	Current #nodes: 2
	Current energy: -0.375804
		> Current dispersal: 0.000000
		> Current impurity: 0.768622
	----------------------------------------
	Neighbor #nodes: 4
	Neighbor energy: -0.353372
		> Neighbor dispersal: 0.252525
		> Neighbor impurity: 0.768622
	----------------------------------------
	Current best state @ step [3]
	Current best state #nodes: 2
	Current best state energy: -0.375804
		> Current best state dispersal: 0.000000
		> Current best state impurity: 0.768622
	Probability of moving: 0.15596239342968227
Step [132]	propose "merge" on `case:customer_type`
	Current temperature:	0.012
	Current #nodes: 2
	Current energy: -0.375804
		> Current dispersal: 0.000000
		> Current impurity: 0.768622
	----------------------------------------
	Neighbor #nodes: 1
	Neighbor energy: 0.000000
		> Neighbor dispersal: 0.000000
		> Neighbor impurity: 1.000000
	----------------------------------------
	Current best state @ step [3]
	Current best state #nodes: 2
	Current best state energy: -0.375804
		> Current best state dispersal: 0.000000
		> Current best state impurity: 0.768622
	Probability of moving: 3.0250820518618434e-14
Step [132]	propose "split" on `concept:name`
	Current temperature:	0.012
	Current #nodes: 2
	Current energy: -0.375804
		> Current dispersal: 0.000000
		> Current impurity: 0.768622
	----------------------------------------
	Neighbor #nodes: 4
	Neighbor energy: -0.353372
		> Neighbor dispersal: 0.252525
		> Neighbor impurity: 0.768622
	----------------------------------------
	Current best state @ step [3]
	Current best state #nodes: 2
	Current best state energy: -0.375804
		> Current best state dispersal: 0.000000
		> Current best state impurity: 0.768622
	Probability of moving: 0.15596239342968227
Step [133]	propose "merge" on `case:customer_type`
	Current temperature:	0.011
	Current #nodes: 2
	Current energy: -0.375804
		> Current dispersal: 0.000000
		> Current impurity: 0.768622
	----------------------------------------
	Neighbor #nodes: 1
	Neighbor energy: 0.000000
		> Neighbor dispersal: 0.000000
		> Neighbor impurity: 1.000000
	----------------------------------------
	Current best state @ step [3]
	Current best state #nodes: 2
	Current best state energy: -0.375804
		> Current best state dispersal: 0.000000
		> Current best state impurity: 0.768622
	Probability of moving: 5.877559162503738e-15
Step [133]	propose "merge" on `case:customer_type`
	Current temperature:	0.011
	Current #nodes: 2
	Current energy: -0.375804
		> Current dispersal: 0.000000
		> Current impurity: 0.768622
	----------------------------------------
	Neighbor #nodes: 1
	Neighbor energy: 0.000000
		> Neighbor dispersal: 0.000000
		> Neighbor impurity: 1.000000
	----------------------------------------
	Current best state @ step [3]
	Current best state #nodes: 2
	Current best state energy: -0.375804
		> Current best state dispersal: 0.000000
		> Current best state impurity: 0.768622
	Probability of moving: 5.877559162503738e-15
Step [133]	propose "merge" on `case:customer_type`
	Current temperature:	0.011
	Current #nodes: 2
	Current energy: -0.375804
		> Current dispersal: 0.000000
		> Current impurity: 0.768622
	----------------------------------------
	Neighbor #nodes: 1
	Neighbor energy: 0.000000
		> Neighbor dispersal: 0.000000
		> Neighbor impurity: 1.000000
	----------------------------------------
	Current best state @ step [3]
	Current best state #nodes: 2
	Current best state energy: -0.375804
		> Current best state dispersal: 0.000000
		> Current best state impurity: 0.768622
	Probability of moving: 5.877559162503738e-15
Step [133]	propose "split" on `concept:name`
	Current temperature:	0.011
	Current #nodes: 2
	Current energy: -0.375804
		> Current dispersal: 0.000000
		> Current impurity: 0.768622
	----------------------------------------
	Neighbor #nodes: 4
	Neighbor energy: -0.353372
		> Neighbor dispersal: 0.252525
		> Neighbor impurity: 0.768622
	----------------------------------------
	Current best state @ step [3]
	Current best state #nodes: 2
	Current best state energy: -0.375804
		> Current best state dispersal: 0.000000
		> Current best state impurity: 0.768622
	Probability of moving: 0.14143186036752237
			>>> MOVE TO NEIGHBOR
Step [134]	propose "merge" on `case:customer_type`
	Current temperature:	0.011
	Current #nodes: 4
	Current energy: -0.353372
		> Current dispersal: 0.252525
		> Current impurity: 0.768622
	----------------------------------------
	Neighbor #nodes: 2
	Neighbor energy: 0.000000
		> Neighbor dispersal: 0.505051
		> Neighbor impurity: 1.000000
	----------------------------------------
	Current best state @ step [3]
	Current best state #nodes: 2
	Current best state energy: -0.375804
		> Current best state dispersal: 0.000000
		> Current best state impurity: 0.768622
	Probability of moving: 8.210472739620644e-15
Step [134]	propose "merge" on `case:customer_type`
	Current temperature:	0.011
	Current #nodes: 4
	Current energy: -0.353372
		> Current dispersal: 0.252525
		> Current impurity: 0.768622
	----------------------------------------
	Neighbor #nodes: 2
	Neighbor energy: 0.000000
		> Neighbor dispersal: 0.505051
		> Neighbor impurity: 1.000000
	----------------------------------------
	Current best state @ step [3]
	Current best state #nodes: 2
	Current best state energy: -0.375804
		> Current best state dispersal: 0.000000
		> Current best state impurity: 0.768622
	Probability of moving: 8.210472739620644e-15
Step [134]	propose "merge" on `case:customer_type`
	Current temperature:	0.011
	Current #nodes: 4
	Current energy: -0.353372
		> Current dispersal: 0.252525
		> Current impurity: 0.768622
	----------------------------------------
	Neighbor #nodes: 2
	Neighbor energy: 0.000000
		> Neighbor dispersal: 0.505051
		> Neighbor impurity: 1.000000
	----------------------------------------
	Current best state @ step [3]
	Current best state #nodes: 2
	Current best state energy: -0.375804
		> Current best state dispersal: 0.000000
		> Current best state impurity: 0.768622
	Probability of moving: 8.210472739620644e-15
Step [134]	propose "merge" on `case:customer_type`
	Current temperature:	0.011
	Current #nodes: 4
	Current energy: -0.353372
		> Current dispersal: 0.252525
		> Current impurity: 0.768622
	----------------------------------------
	Neighbor #nodes: 2
	Neighbor energy: 0.000000
		> Neighbor dispersal: 0.505051
		> Neighbor impurity: 1.000000
	----------------------------------------
	Current best state @ step [3]
	Current best state #nodes: 2
	Current best state energy: -0.375804
		> Current best state dispersal: 0.000000
		> Current best state impurity: 0.768622
	Probability of moving: 8.210472739620644e-15
Step [135]	propose "merge" on `case:customer_type`
	Current temperature:	0.010
	Current #nodes: 4
	Current energy: -0.353372
		> Current dispersal: 0.252525
		> Current impurity: 0.768622
	----------------------------------------
	Neighbor #nodes: 2
	Neighbor energy: 0.000000
		> Neighbor dispersal: 0.505051
		> Neighbor impurity: 1.000000
	----------------------------------------
	Current best state @ step [3]
	Current best state #nodes: 2
	Current best state energy: -0.375804
		> Current best state dispersal: 0.000000
		> Current best state impurity: 0.768622
	Probability of moving: 1.489426647068634e-15
Step [135]	propose "merge" on `concept:name`
	Current temperature:	0.010
	Current #nodes: 4
	Current energy: -0.353372
		> Current dispersal: 0.252525
		> Current impurity: 0.768622
	----------------------------------------
	Neighbor #nodes: 2
	Neighbor energy: -0.375804
		> Neighbor dispersal: 0.000000
		> Neighbor impurity: 0.768622
	----------------------------------------
	Current best state @ step [3]
	Current best state #nodes: 2
	Current best state energy: -0.375804
		> Current best state dispersal: 0.000000
		> Current best state impurity: 0.768622
	Probability of moving: 1.0
			>>> MOVE TO NEIGHBOR
Step [135]	propose "merge" on `case:customer_type`
	Current temperature:	0.010
	Current #nodes: 2
	Current energy: -0.375804
		> Current dispersal: 0.000000
		> Current impurity: 0.768622
	----------------------------------------
	Neighbor #nodes: 1
	Neighbor energy: 0.000000
		> Neighbor dispersal: 0.000000
		> Neighbor impurity: 1.000000
	----------------------------------------
	Current best state @ step [3]
	Current best state #nodes: 2
	Current best state energy: -0.375804
		> Current best state dispersal: 0.000000
		> Current best state impurity: 0.768622
	Probability of moving: 1.7052860536523625e-16
Step [135]	propose "split" on `concept:name`
	Current temperature:	0.010
	Current #nodes: 2
	Current energy: -0.375804
		> Current dispersal: 0.000000
		> Current impurity: 0.768622
	----------------------------------------
	Neighbor #nodes: 4
	Neighbor energy: -0.353372
		> Neighbor dispersal: 0.252525
		> Neighbor impurity: 0.768622
	----------------------------------------
	Current best state @ step [3]
	Current best state #nodes: 2
	Current best state energy: -0.375804
		> Current best state dispersal: 0.000000
		> Current best state impurity: 0.768622
	Probability of moving: 0.11449278532840565
Step [136]	propose "split" on `concept:name`
	Current temperature:	0.010
	Current #nodes: 2
	Current energy: -0.375804
		> Current dispersal: 0.000000
		> Current impurity: 0.768622
	----------------------------------------
	Neighbor #nodes: 4
	Neighbor energy: -0.353372
		> Neighbor dispersal: 0.252525
		> Neighbor impurity: 0.768622
	----------------------------------------
	Current best state @ step [3]
	Current best state #nodes: 2
	Current best state energy: -0.375804
		> Current best state dispersal: 0.000000
		> Current best state impurity: 0.768622
	Probability of moving: 0.10215041307685946
Step [136]	propose "merge" on `case:customer_type`
	Current temperature:	0.010
	Current #nodes: 2
	Current energy: -0.375804
		> Current dispersal: 0.000000
		> Current impurity: 0.768622
	----------------------------------------
	Neighbor #nodes: 1
	Neighbor energy: 0.000000
		> Neighbor dispersal: 0.000000
		> Neighbor impurity: 1.000000
	----------------------------------------
	Current best state @ step [3]
	Current best state #nodes: 2
	Current best state energy: -0.375804
		> Current best state dispersal: 0.000000
		> Current best state impurity: 0.768622
	Probability of moving: 2.5228523366883994e-17
Step [136]	propose "merge" on `case:customer_type`
	Current temperature:	0.010
	Current #nodes: 2
	Current energy: -0.375804
		> Current dispersal: 0.000000
		> Current impurity: 0.768622
	----------------------------------------
	Neighbor #nodes: 1
	Neighbor energy: 0.000000
		> Neighbor dispersal: 0.000000
		> Neighbor impurity: 1.000000
	----------------------------------------
	Current best state @ step [3]
	Current best state #nodes: 2
	Current best state energy: -0.375804
		> Current best state dispersal: 0.000000
		> Current best state impurity: 0.768622
	Probability of moving: 2.5228523366883994e-17
Step [136]	propose "merge" on `case:customer_type`
	Current temperature:	0.010
	Current #nodes: 2
	Current energy: -0.375804
		> Current dispersal: 0.000000
		> Current impurity: 0.768622
	----------------------------------------
	Neighbor #nodes: 1
	Neighbor energy: 0.000000
		> Neighbor dispersal: 0.000000
		> Neighbor impurity: 1.000000
	----------------------------------------
	Current best state @ step [3]
	Current best state #nodes: 2
	Current best state energy: -0.375804
		> Current best state dispersal: 0.000000
		> Current best state impurity: 0.768622
	Probability of moving: 2.5228523366883994e-17
Step [137]	propose "split" on `concept:name`
	Current temperature:	0.009
	Current #nodes: 2
	Current energy: -0.375804
		> Current dispersal: 0.000000
		> Current impurity: 0.768622
	----------------------------------------
	Neighbor #nodes: 4
	Neighbor energy: -0.353372
		> Neighbor dispersal: 0.252525
		> Neighbor impurity: 0.768622
	----------------------------------------
	Current best state @ step [3]
	Current best state #nodes: 2
	Current best state energy: -0.375804
		> Current best state dispersal: 0.000000
		> Current best state impurity: 0.768622
	Probability of moving: 0.09059304778833104
Step [137]	propose "split" on `concept:name`
	Current temperature:	0.009
	Current #nodes: 2
	Current energy: -0.375804
		> Current dispersal: 0.000000
		> Current impurity: 0.768622
	----------------------------------------
	Neighbor #nodes: 4
	Neighbor energy: -0.353372
		> Neighbor dispersal: 0.252525
		> Neighbor impurity: 0.768622
	----------------------------------------
	Current best state @ step [3]
	Current best state #nodes: 2
	Current best state energy: -0.375804
		> Current best state dispersal: 0.000000
		> Current best state impurity: 0.768622
	Probability of moving: 0.09059304778833104
Step [137]	propose "merge" on `case:customer_type`
	Current temperature:	0.009
	Current #nodes: 2
	Current energy: -0.375804
		> Current dispersal: 0.000000
		> Current impurity: 0.768622
	----------------------------------------
	Neighbor #nodes: 1
	Neighbor energy: 0.000000
		> Neighbor dispersal: 0.000000
		> Neighbor impurity: 1.000000
	----------------------------------------
	Current best state @ step [3]
	Current best state #nodes: 2
	Current best state energy: -0.375804
		> Current best state dispersal: 0.000000
		> Current best state impurity: 0.768622
	Probability of moving: 3.3752596798604068e-18
Step [137]	propose "split" on `concept:name`
	Current temperature:	0.009
	Current #nodes: 2
	Current energy: -0.375804
		> Current dispersal: 0.000000
		> Current impurity: 0.768622
	----------------------------------------
	Neighbor #nodes: 4
	Neighbor energy: -0.353372
		> Neighbor dispersal: 0.252525
		> Neighbor impurity: 0.768622
	----------------------------------------
	Current best state @ step [3]
	Current best state #nodes: 2
	Current best state energy: -0.375804
		> Current best state dispersal: 0.000000
		> Current best state impurity: 0.768622
	Probability of moving: 0.09059304778833104
Step [138]	propose "merge" on `case:customer_type`
	Current temperature:	0.009
	Current #nodes: 2
	Current energy: -0.375804
		> Current dispersal: 0.000000
		> Current impurity: 0.768622
	----------------------------------------
	Neighbor #nodes: 1
	Neighbor energy: 0.000000
		> Neighbor dispersal: 0.000000
		> Neighbor impurity: 1.000000
	----------------------------------------
	Current best state @ step [3]
	Current best state #nodes: 2
	Current best state energy: -0.375804
		> Current best state dispersal: 0.000000
		> Current best state impurity: 0.768622
	Probability of moving: 4.062042023509581e-19
Step [138]	propose "merge" on `case:customer_type`
	Current temperature:	0.009
	Current #nodes: 2
	Current energy: -0.375804
		> Current dispersal: 0.000000
		> Current impurity: 0.768622
	----------------------------------------
	Neighbor #nodes: 1
	Neighbor energy: 0.000000
		> Neighbor dispersal: 0.000000
		> Neighbor impurity: 1.000000
	----------------------------------------
	Current best state @ step [3]
	Current best state #nodes: 2
	Current best state energy: -0.375804
		> Current best state dispersal: 0.000000
		> Current best state impurity: 0.768622
	Probability of moving: 4.062042023509581e-19
Step [138]	propose "merge" on `case:customer_type`
	Current temperature:	0.009
	Current #nodes: 2
	Current energy: -0.375804
		> Current dispersal: 0.000000
		> Current impurity: 0.768622
	----------------------------------------
	Neighbor #nodes: 1
	Neighbor energy: 0.000000
		> Neighbor dispersal: 0.000000
		> Neighbor impurity: 1.000000
	----------------------------------------
	Current best state @ step [3]
	Current best state #nodes: 2
	Current best state energy: -0.375804
		> Current best state dispersal: 0.000000
		> Current best state impurity: 0.768622
	Probability of moving: 4.062042023509581e-19
Step [138]	propose "merge" on `case:customer_type`
	Current temperature:	0.009
	Current #nodes: 2
	Current energy: -0.375804
		> Current dispersal: 0.000000
		> Current impurity: 0.768622
	----------------------------------------
	Neighbor #nodes: 1
	Neighbor energy: 0.000000
		> Neighbor dispersal: 0.000000
		> Neighbor impurity: 1.000000
	----------------------------------------
	Current best state @ step [3]
	Current best state #nodes: 2
	Current best state energy: -0.375804
		> Current best state dispersal: 0.000000
		> Current best state impurity: 0.768622
	Probability of moving: 4.062042023509581e-19
Step [139]	propose "merge" on `case:customer_type`
	Current temperature:	0.008
	Current #nodes: 2
	Current energy: -0.375804
		> Current dispersal: 0.000000
		> Current impurity: 0.768622
	----------------------------------------
	Neighbor #nodes: 1
	Neighbor energy: 0.000000
		> Neighbor dispersal: 0.000000
		> Neighbor impurity: 1.000000
	----------------------------------------
	Current best state @ step [3]
	Current best state #nodes: 2
	Current best state energy: -0.375804
		> Current best state dispersal: 0.000000
		> Current best state impurity: 0.768622
	Probability of moving: 4.3730414277759806e-20
Step [139]	propose "merge" on `case:customer_type`
	Current temperature:	0.008
	Current #nodes: 2
	Current energy: -0.375804
		> Current dispersal: 0.000000
		> Current impurity: 0.768622
	----------------------------------------
	Neighbor #nodes: 1
	Neighbor energy: 0.000000
		> Neighbor dispersal: 0.000000
		> Neighbor impurity: 1.000000
	----------------------------------------
	Current best state @ step [3]
	Current best state #nodes: 2
	Current best state energy: -0.375804
		> Current best state dispersal: 0.000000
		> Current best state impurity: 0.768622
	Probability of moving: 4.3730414277759806e-20
Step [139]	propose "merge" on `case:customer_type`
	Current temperature:	0.008
	Current #nodes: 2
	Current energy: -0.375804
		> Current dispersal: 0.000000
		> Current impurity: 0.768622
	----------------------------------------
	Neighbor #nodes: 1
	Neighbor energy: 0.000000
		> Neighbor dispersal: 0.000000
		> Neighbor impurity: 1.000000
	----------------------------------------
	Current best state @ step [3]
	Current best state #nodes: 2
	Current best state energy: -0.375804
		> Current best state dispersal: 0.000000
		> Current best state impurity: 0.768622
	Probability of moving: 4.3730414277759806e-20
Step [139]	propose "merge" on `case:customer_type`
	Current temperature:	0.008
	Current #nodes: 2
	Current energy: -0.375804
		> Current dispersal: 0.000000
		> Current impurity: 0.768622
	----------------------------------------
	Neighbor #nodes: 1
	Neighbor energy: 0.000000
		> Neighbor dispersal: 0.000000
		> Neighbor impurity: 1.000000
	----------------------------------------
	Current best state @ step [3]
	Current best state #nodes: 2
	Current best state energy: -0.375804
		> Current best state dispersal: 0.000000
		> Current best state impurity: 0.768622
	Probability of moving: 4.3730414277759806e-20
Step [140]	propose "merge" on `case:customer_type`
	Current temperature:	0.008
	Current #nodes: 2
	Current energy: -0.375804
		> Current dispersal: 0.000000
		> Current impurity: 0.768622
	----------------------------------------
	Neighbor #nodes: 1
	Neighbor energy: 0.000000
		> Neighbor dispersal: 0.000000
		> Neighbor impurity: 1.000000
	----------------------------------------
	Current best state @ step [3]
	Current best state #nodes: 2
	Current best state energy: -0.375804
		> Current best state dispersal: 0.000000
		> Current best state impurity: 0.768622
	Probability of moving: 4.186754202053942e-21
Step [140]	propose "merge" on `case:customer_type`
	Current temperature:	0.008
	Current #nodes: 2
	Current energy: -0.375804
		> Current dispersal: 0.000000
		> Current impurity: 0.768622
	----------------------------------------
	Neighbor #nodes: 1
	Neighbor energy: 0.000000
		> Neighbor dispersal: 0.000000
		> Neighbor impurity: 1.000000
	----------------------------------------
	Current best state @ step [3]
	Current best state #nodes: 2
	Current best state energy: -0.375804
		> Current best state dispersal: 0.000000
		> Current best state impurity: 0.768622
	Probability of moving: 4.186754202053942e-21
Step [140]	propose "merge" on `case:customer_type`
	Current temperature:	0.008
	Current #nodes: 2
	Current energy: -0.375804
		> Current dispersal: 0.000000
		> Current impurity: 0.768622
	----------------------------------------
	Neighbor #nodes: 1
	Neighbor energy: 0.000000
		> Neighbor dispersal: 0.000000
		> Neighbor impurity: 1.000000
	----------------------------------------
	Current best state @ step [3]
	Current best state #nodes: 2
	Current best state energy: -0.375804
		> Current best state dispersal: 0.000000
		> Current best state impurity: 0.768622
	Probability of moving: 4.186754202053942e-21
Step [140]	propose "split" on `concept:name`
	Current temperature:	0.008
	Current #nodes: 2
	Current energy: -0.375804
		> Current dispersal: 0.000000
		> Current impurity: 0.768622
	----------------------------------------
	Neighbor #nodes: 4
	Neighbor energy: -0.353372
		> Neighbor dispersal: 0.252525
		> Neighbor impurity: 0.768622
	----------------------------------------
	Current best state @ step [3]
	Current best state #nodes: 2
	Current best state energy: -0.375804
		> Current best state dispersal: 0.000000
		> Current best state impurity: 0.768622
	Probability of moving: 0.060758464393541406
Step [141]	propose "merge" on `case:customer_type`
	Current temperature:	0.008
	Current #nodes: 2
	Current energy: -0.375804
		> Current dispersal: 0.000000
		> Current impurity: 0.768622
	----------------------------------------
	Neighbor #nodes: 1
	Neighbor energy: 0.000000
		> Neighbor dispersal: 0.000000
		> Neighbor impurity: 1.000000
	----------------------------------------
	Current best state @ step [3]
	Current best state #nodes: 2
	Current best state energy: -0.375804
		> Current best state dispersal: 0.000000
		> Current best state impurity: 0.768622
	Probability of moving: 3.542784205793657e-22
Step [141]	propose "split" on `concept:name`
	Current temperature:	0.008
	Current #nodes: 2
	Current energy: -0.375804
		> Current dispersal: 0.000000
		> Current impurity: 0.768622
	----------------------------------------
	Neighbor #nodes: 4
	Neighbor energy: -0.353372
		> Neighbor dispersal: 0.252525
		> Neighbor impurity: 0.768622
	----------------------------------------
	Current best state @ step [3]
	Current best state #nodes: 2
	Current best state energy: -0.375804
		> Current best state dispersal: 0.000000
		> Current best state impurity: 0.768622
	Probability of moving: 0.052430752839028344
Step [141]	propose "split" on `concept:name`
	Current temperature:	0.008
	Current #nodes: 2
	Current energy: -0.375804
		> Current dispersal: 0.000000
		> Current impurity: 0.768622
	----------------------------------------
	Neighbor #nodes: 4
	Neighbor energy: -0.353372
		> Neighbor dispersal: 0.252525
		> Neighbor impurity: 0.768622
	----------------------------------------
	Current best state @ step [3]
	Current best state #nodes: 2
	Current best state energy: -0.375804
		> Current best state dispersal: 0.000000
		> Current best state impurity: 0.768622
	Probability of moving: 0.052430752839028344
Step [141]	propose "split" on `concept:name`
	Current temperature:	0.008
	Current #nodes: 2
	Current energy: -0.375804
		> Current dispersal: 0.000000
		> Current impurity: 0.768622
	----------------------------------------
	Neighbor #nodes: 4
	Neighbor energy: -0.353372
		> Neighbor dispersal: 0.252525
		> Neighbor impurity: 0.768622
	----------------------------------------
	Current best state @ step [3]
	Current best state #nodes: 2
	Current best state energy: -0.375804
		> Current best state dispersal: 0.000000
		> Current best state impurity: 0.768622
	Probability of moving: 0.052430752839028344
Step [142]	propose "merge" on `case:customer_type`
	Current temperature:	0.007
	Current #nodes: 2
	Current energy: -0.375804
		> Current dispersal: 0.000000
		> Current impurity: 0.768622
	----------------------------------------
	Neighbor #nodes: 1
	Neighbor energy: 0.000000
		> Neighbor dispersal: 0.000000
		> Neighbor impurity: 1.000000
	----------------------------------------
	Current best state @ step [3]
	Current best state #nodes: 2
	Current best state energy: -0.375804
		> Current best state dispersal: 0.000000
		> Current best state impurity: 0.768622
	Probability of moving: 2.632466431974864e-23
Step [142]	propose "merge" on `case:customer_type`
	Current temperature:	0.007
	Current #nodes: 2
	Current energy: -0.375804
		> Current dispersal: 0.000000
		> Current impurity: 0.768622
	----------------------------------------
	Neighbor #nodes: 1
	Neighbor energy: 0.000000
		> Neighbor dispersal: 0.000000
		> Neighbor impurity: 1.000000
	----------------------------------------
	Current best state @ step [3]
	Current best state #nodes: 2
	Current best state energy: -0.375804
		> Current best state dispersal: 0.000000
		> Current best state impurity: 0.768622
	Probability of moving: 2.632466431974864e-23
Step [142]	propose "merge" on `case:customer_type`
	Current temperature:	0.007
	Current #nodes: 2
	Current energy: -0.375804
		> Current dispersal: 0.000000
		> Current impurity: 0.768622
	----------------------------------------
	Neighbor #nodes: 1
	Neighbor energy: 0.000000
		> Neighbor dispersal: 0.000000
		> Neighbor impurity: 1.000000
	----------------------------------------
	Current best state @ step [3]
	Current best state #nodes: 2
	Current best state energy: -0.375804
		> Current best state dispersal: 0.000000
		> Current best state impurity: 0.768622
	Probability of moving: 2.632466431974864e-23
Step [142]	propose "split" on `concept:name`
	Current temperature:	0.007
	Current #nodes: 2
	Current energy: -0.375804
		> Current dispersal: 0.000000
		> Current impurity: 0.768622
	----------------------------------------
	Neighbor #nodes: 4
	Neighbor energy: -0.353372
		> Neighbor dispersal: 0.252525
		> Neighbor impurity: 0.768622
	----------------------------------------
	Current best state @ step [3]
	Current best state #nodes: 2
	Current best state energy: -0.375804
		> Current best state dispersal: 0.000000
		> Current best state impurity: 0.768622
	Probability of moving: 0.04489478417344779
Step [143]	propose "merge" on `case:customer_type`
	Current temperature:	0.007
	Current #nodes: 2
	Current energy: -0.375804
		> Current dispersal: 0.000000
		> Current impurity: 0.768622
	----------------------------------------
	Neighbor #nodes: 1
	Neighbor energy: 0.000000
		> Neighbor dispersal: 0.000000
		> Neighbor impurity: 1.000000
	----------------------------------------
	Current best state @ step [3]
	Current best state #nodes: 2
	Current best state energy: -0.375804
		> Current best state dispersal: 0.000000
		> Current best state impurity: 0.768622
	Probability of moving: 1.705928741586855e-24
Step [143]	propose "merge" on `case:customer_type`
	Current temperature:	0.007
	Current #nodes: 2
	Current energy: -0.375804
		> Current dispersal: 0.000000
		> Current impurity: 0.768622
	----------------------------------------
	Neighbor #nodes: 1
	Neighbor energy: 0.000000
		> Neighbor dispersal: 0.000000
		> Neighbor impurity: 1.000000
	----------------------------------------
	Current best state @ step [3]
	Current best state #nodes: 2
	Current best state energy: -0.375804
		> Current best state dispersal: 0.000000
		> Current best state impurity: 0.768622
	Probability of moving: 1.705928741586855e-24
Step [143]	propose "split" on `concept:name`
	Current temperature:	0.007
	Current #nodes: 2
	Current energy: -0.375804
		> Current dispersal: 0.000000
		> Current impurity: 0.768622
	----------------------------------------
	Neighbor #nodes: 4
	Neighbor energy: -0.353372
		> Neighbor dispersal: 0.252525
		> Neighbor impurity: 0.768622
	----------------------------------------
	Current best state @ step [3]
	Current best state #nodes: 2
	Current best state energy: -0.375804
		> Current best state dispersal: 0.000000
		> Current best state impurity: 0.768622
	Probability of moving: 0.038129299757943505
Step [143]	propose "split" on `concept:name`
	Current temperature:	0.007
	Current #nodes: 2
	Current energy: -0.375804
		> Current dispersal: 0.000000
		> Current impurity: 0.768622
	----------------------------------------
	Neighbor #nodes: 4
	Neighbor energy: -0.353372
		> Neighbor dispersal: 0.252525
		> Neighbor impurity: 0.768622
	----------------------------------------
	Current best state @ step [3]
	Current best state #nodes: 2
	Current best state energy: -0.375804
		> Current best state dispersal: 0.000000
		> Current best state impurity: 0.768622
	Probability of moving: 0.038129299757943505
Step [144]	propose "merge" on `case:customer_type`
	Current temperature:	0.007
	Current #nodes: 2
	Current energy: -0.375804
		> Current dispersal: 0.000000
		> Current impurity: 0.768622
	----------------------------------------
	Neighbor #nodes: 1
	Neighbor energy: 0.000000
		> Neighbor dispersal: 0.000000
		> Neighbor impurity: 1.000000
	----------------------------------------
	Current best state @ step [3]
	Current best state #nodes: 2
	Current best state energy: -0.375804
		> Current best state dispersal: 0.000000
		> Current best state impurity: 0.768622
	Probability of moving: 9.572193280345204e-26
Step [144]	propose "merge" on `case:customer_type`
	Current temperature:	0.007
	Current #nodes: 2
	Current energy: -0.375804
		> Current dispersal: 0.000000
		> Current impurity: 0.768622
	----------------------------------------
	Neighbor #nodes: 1
	Neighbor energy: 0.000000
		> Neighbor dispersal: 0.000000
		> Neighbor impurity: 1.000000
	----------------------------------------
	Current best state @ step [3]
	Current best state #nodes: 2
	Current best state energy: -0.375804
		> Current best state dispersal: 0.000000
		> Current best state impurity: 0.768622
	Probability of moving: 9.572193280345204e-26
Step [144]	propose "merge" on `case:customer_type`
	Current temperature:	0.007
	Current #nodes: 2
	Current energy: -0.375804
		> Current dispersal: 0.000000
		> Current impurity: 0.768622
	----------------------------------------
	Neighbor #nodes: 1
	Neighbor energy: 0.000000
		> Neighbor dispersal: 0.000000
		> Neighbor impurity: 1.000000
	----------------------------------------
	Current best state @ step [3]
	Current best state #nodes: 2
	Current best state energy: -0.375804
		> Current best state dispersal: 0.000000
		> Current best state impurity: 0.768622
	Probability of moving: 9.572193280345204e-26
Step [144]	propose "merge" on `case:customer_type`
	Current temperature:	0.007
	Current #nodes: 2
	Current energy: -0.375804
		> Current dispersal: 0.000000
		> Current impurity: 0.768622
	----------------------------------------
	Neighbor #nodes: 1
	Neighbor energy: 0.000000
		> Neighbor dispersal: 0.000000
		> Neighbor impurity: 1.000000
	----------------------------------------
	Current best state @ step [3]
	Current best state #nodes: 2
	Current best state energy: -0.375804
		> Current best state dispersal: 0.000000
		> Current best state impurity: 0.768622
	Probability of moving: 9.572193280345204e-26
Step [145]	propose "split" on `concept:name`
	Current temperature:	0.006
	Current #nodes: 2
	Current energy: -0.375804
		> Current dispersal: 0.000000
		> Current impurity: 0.768622
	----------------------------------------
	Neighbor #nodes: 4
	Neighbor energy: -0.353372
		> Neighbor dispersal: 0.252525
		> Neighbor impurity: 0.768622
	----------------------------------------
	Current best state @ step [3]
	Current best state #nodes: 2
	Current best state energy: -0.375804
		> Current best state dispersal: 0.000000
		> Current best state impurity: 0.768622
	Probability of moving: 0.02679091970666212
Step [145]	propose "split" on `concept:name`
	Current temperature:	0.006
	Current #nodes: 2
	Current energy: -0.375804
		> Current dispersal: 0.000000
		> Current impurity: 0.768622
	----------------------------------------
	Neighbor #nodes: 4
	Neighbor energy: -0.353372
		> Neighbor dispersal: 0.252525
		> Neighbor impurity: 0.768622
	----------------------------------------
	Current best state @ step [3]
	Current best state #nodes: 2
	Current best state energy: -0.375804
		> Current best state dispersal: 0.000000
		> Current best state impurity: 0.768622
	Probability of moving: 0.02679091970666212
Step [145]	propose "merge" on `case:customer_type`
	Current temperature:	0.006
	Current #nodes: 2
	Current energy: -0.375804
		> Current dispersal: 0.000000
		> Current impurity: 0.768622
	----------------------------------------
	Neighbor #nodes: 1
	Neighbor energy: 0.000000
		> Neighbor dispersal: 0.000000
		> Neighbor impurity: 1.000000
	----------------------------------------
	Current best state @ step [3]
	Current best state #nodes: 2
	Current best state energy: -0.375804
		> Current best state dispersal: 0.000000
		> Current best state impurity: 0.768622
	Probability of moving: 4.615540739653651e-27
Step [145]	propose "split" on `concept:name`
	Current temperature:	0.006
	Current #nodes: 2
	Current energy: -0.375804
		> Current dispersal: 0.000000
		> Current impurity: 0.768622
	----------------------------------------
	Neighbor #nodes: 4
	Neighbor energy: -0.353372
		> Neighbor dispersal: 0.252525
		> Neighbor impurity: 0.768622
	----------------------------------------
	Current best state @ step [3]
	Current best state #nodes: 2
	Current best state energy: -0.375804
		> Current best state dispersal: 0.000000
		> Current best state impurity: 0.768622
	Probability of moving: 0.02679091970666212
Step [146]	propose "split" on `concept:name`
	Current temperature:	0.006
	Current #nodes: 2
	Current energy: -0.375804
		> Current dispersal: 0.000000
		> Current impurity: 0.768622
	----------------------------------------
	Neighbor #nodes: 4
	Neighbor energy: -0.353372
		> Neighbor dispersal: 0.252525
		> Neighbor impurity: 0.768622
	----------------------------------------
	Current best state @ step [3]
	Current best state #nodes: 2
	Current best state energy: -0.375804
		> Current best state dispersal: 0.000000
		> Current best state impurity: 0.768622
	Probability of moving: 0.022143696950412878
Step [146]	propose "merge" on `case:customer_type`
	Current temperature:	0.006
	Current #nodes: 2
	Current energy: -0.375804
		> Current dispersal: 0.000000
		> Current impurity: 0.768622
	----------------------------------------
	Neighbor #nodes: 1
	Neighbor energy: 0.000000
		> Neighbor dispersal: 0.000000
		> Neighbor impurity: 1.000000
	----------------------------------------
	Current best state @ step [3]
	Current best state #nodes: 2
	Current best state energy: -0.375804
		> Current best state dispersal: 0.000000
		> Current best state impurity: 0.768622
	Probability of moving: 1.8972695678960396e-28
Step [146]	propose "merge" on `case:customer_type`
	Current temperature:	0.006
	Current #nodes: 2
	Current energy: -0.375804
		> Current dispersal: 0.000000
		> Current impurity: 0.768622
	----------------------------------------
	Neighbor #nodes: 1
	Neighbor energy: 0.000000
		> Neighbor dispersal: 0.000000
		> Neighbor impurity: 1.000000
	----------------------------------------
	Current best state @ step [3]
	Current best state #nodes: 2
	Current best state energy: -0.375804
		> Current best state dispersal: 0.000000
		> Current best state impurity: 0.768622
	Probability of moving: 1.8972695678960396e-28
Step [146]	propose "merge" on `case:customer_type`
	Current temperature:	0.006
	Current #nodes: 2
	Current energy: -0.375804
		> Current dispersal: 0.000000
		> Current impurity: 0.768622
	----------------------------------------
	Neighbor #nodes: 1
	Neighbor energy: 0.000000
		> Neighbor dispersal: 0.000000
		> Neighbor impurity: 1.000000
	----------------------------------------
	Current best state @ step [3]
	Current best state #nodes: 2
	Current best state energy: -0.375804
		> Current best state dispersal: 0.000000
		> Current best state impurity: 0.768622
	Probability of moving: 1.8972695678960396e-28
Step [147]	propose "split" on `concept:name`
	Current temperature:	0.006
	Current #nodes: 2
	Current energy: -0.375804
		> Current dispersal: 0.000000
		> Current impurity: 0.768622
	----------------------------------------
	Neighbor #nodes: 4
	Neighbor energy: -0.353372
		> Neighbor dispersal: 0.252525
		> Neighbor impurity: 0.768622
	----------------------------------------
	Current best state @ step [3]
	Current best state #nodes: 2
	Current best state energy: -0.375804
		> Current best state dispersal: 0.000000
		> Current best state impurity: 0.768622
	Probability of moving: 0.018119993217482557
Step [147]	propose "split" on `concept:name`
	Current temperature:	0.006
	Current #nodes: 2
	Current energy: -0.375804
		> Current dispersal: 0.000000
		> Current impurity: 0.768622
	----------------------------------------
	Neighbor #nodes: 4
	Neighbor energy: -0.353372
		> Neighbor dispersal: 0.252525
		> Neighbor impurity: 0.768622
	----------------------------------------
	Current best state @ step [3]
	Current best state #nodes: 2
	Current best state energy: -0.375804
		> Current best state dispersal: 0.000000
		> Current best state impurity: 0.768622
	Probability of moving: 0.018119993217482557
Step [147]	propose "merge" on `case:customer_type`
	Current temperature:	0.006
	Current #nodes: 2
	Current energy: -0.375804
		> Current dispersal: 0.000000
		> Current impurity: 0.768622
	----------------------------------------
	Neighbor #nodes: 1
	Neighbor energy: 0.000000
		> Neighbor dispersal: 0.000000
		> Neighbor impurity: 1.000000
	----------------------------------------
	Current best state @ step [3]
	Current best state #nodes: 2
	Current best state energy: -0.375804
		> Current best state dispersal: 0.000000
		> Current best state impurity: 0.768622
	Probability of moving: 6.593001897685467e-30
Step [147]	propose "split" on `concept:name`
	Current temperature:	0.006
	Current #nodes: 2
	Current energy: -0.375804
		> Current dispersal: 0.000000
		> Current impurity: 0.768622
	----------------------------------------
	Neighbor #nodes: 4
	Neighbor energy: -0.353372
		> Neighbor dispersal: 0.252525
		> Neighbor impurity: 0.768622
	----------------------------------------
	Current best state @ step [3]
	Current best state #nodes: 2
	Current best state energy: -0.375804
		> Current best state dispersal: 0.000000
		> Current best state impurity: 0.768622
	Probability of moving: 0.018119993217482557
Step [148]	propose "merge" on `case:customer_type`
	Current temperature:	0.005
	Current #nodes: 2
	Current energy: -0.375804
		> Current dispersal: 0.000000
		> Current impurity: 0.768622
	----------------------------------------
	Neighbor #nodes: 1
	Neighbor energy: 0.000000
		> Neighbor dispersal: 0.000000
		> Neighbor impurity: 1.000000
	----------------------------------------
	Current best state @ step [3]
	Current best state #nodes: 2
	Current best state energy: -0.375804
		> Current best state dispersal: 0.000000
		> Current best state impurity: 0.768622
	Probability of moving: 1.9197535284040884e-31
Step [148]	propose "merge" on `case:customer_type`
	Current temperature:	0.005
	Current #nodes: 2
	Current energy: -0.375804
		> Current dispersal: 0.000000
		> Current impurity: 0.768622
	----------------------------------------
	Neighbor #nodes: 1
	Neighbor energy: 0.000000
		> Neighbor dispersal: 0.000000
		> Neighbor impurity: 1.000000
	----------------------------------------
	Current best state @ step [3]
	Current best state #nodes: 2
	Current best state energy: -0.375804
		> Current best state dispersal: 0.000000
		> Current best state impurity: 0.768622
	Probability of moving: 1.9197535284040884e-31
Step [148]	propose "split" on `concept:name`
	Current temperature:	0.005
	Current #nodes: 2
	Current energy: -0.375804
		> Current dispersal: 0.000000
		> Current impurity: 0.768622
	----------------------------------------
	Neighbor #nodes: 4
	Neighbor energy: -0.353372
		> Neighbor dispersal: 0.252525
		> Neighbor impurity: 0.768622
	----------------------------------------
	Current best state @ step [3]
	Current best state #nodes: 2
	Current best state energy: -0.375804
		> Current best state dispersal: 0.000000
		> Current best state impurity: 0.768622
	Probability of moving: 0.014671757413862256
Step [148]	propose "merge" on `case:customer_type`
	Current temperature:	0.005
	Current #nodes: 2
	Current energy: -0.375804
		> Current dispersal: 0.000000
		> Current impurity: 0.768622
	----------------------------------------
	Neighbor #nodes: 1
	Neighbor energy: 0.000000
		> Neighbor dispersal: 0.000000
		> Neighbor impurity: 1.000000
	----------------------------------------
	Current best state @ step [3]
	Current best state #nodes: 2
	Current best state energy: -0.375804
		> Current best state dispersal: 0.000000
		> Current best state impurity: 0.768622
	Probability of moving: 1.9197535284040884e-31
Step [149]	propose "merge" on `case:customer_type`
	Current temperature:	0.005
	Current #nodes: 2
	Current energy: -0.375804
		> Current dispersal: 0.000000
		> Current impurity: 0.768622
	----------------------------------------
	Neighbor #nodes: 1
	Neighbor energy: 0.000000
		> Neighbor dispersal: 0.000000
		> Neighbor impurity: 1.000000
	----------------------------------------
	Current best state @ step [3]
	Current best state #nodes: 2
	Current best state energy: -0.375804
		> Current best state dispersal: 0.000000
		> Current best state impurity: 0.768622
	Probability of moving: 4.640600512481202e-33
Step [149]	propose "split" on `concept:name`
	Current temperature:	0.005
	Current #nodes: 2
	Current energy: -0.375804
		> Current dispersal: 0.000000
		> Current impurity: 0.768622
	----------------------------------------
	Neighbor #nodes: 4
	Neighbor energy: -0.353372
		> Neighbor dispersal: 0.252525
		> Neighbor impurity: 0.768622
	----------------------------------------
	Current best state @ step [3]
	Current best state #nodes: 2
	Current best state energy: -0.375804
		> Current best state dispersal: 0.000000
		> Current best state impurity: 0.768622
	Probability of moving: 0.011748466897145649
Step [149]	propose "split" on `concept:name`
	Current temperature:	0.005
	Current #nodes: 2
	Current energy: -0.375804
		> Current dispersal: 0.000000
		> Current impurity: 0.768622
	----------------------------------------
	Neighbor #nodes: 4
	Neighbor energy: -0.353372
		> Neighbor dispersal: 0.252525
		> Neighbor impurity: 0.768622
	----------------------------------------
	Current best state @ step [3]
	Current best state #nodes: 2
	Current best state energy: -0.375804
		> Current best state dispersal: 0.000000
		> Current best state impurity: 0.768622
	Probability of moving: 0.011748466897145649
Step [149]	propose "merge" on `case:customer_type`
	Current temperature:	0.005
	Current #nodes: 2
	Current energy: -0.375804
		> Current dispersal: 0.000000
		> Current impurity: 0.768622
	----------------------------------------
	Neighbor #nodes: 1
	Neighbor energy: 0.000000
		> Neighbor dispersal: 0.000000
		> Neighbor impurity: 1.000000
	----------------------------------------
	Current best state @ step [3]
	Current best state #nodes: 2
	Current best state energy: -0.375804
		> Current best state dispersal: 0.000000
		> Current best state impurity: 0.768622
	Probability of moving: 4.640600512481202e-33
Step [150]	propose "split" on `concept:name`
	Current temperature:	0.005
	Current #nodes: 2
	Current energy: -0.375804
		> Current dispersal: 0.000000
		> Current impurity: 0.768622
	----------------------------------------
	Neighbor #nodes: 4
	Neighbor energy: -0.353372
		> Neighbor dispersal: 0.252525
		> Neighbor impurity: 0.768622
	----------------------------------------
	Current best state @ step [3]
	Current best state #nodes: 2
	Current best state energy: -0.375804
		> Current best state dispersal: 0.000000
		> Current best state impurity: 0.768622
	Probability of moving: 0.009298250894593591
			>>> MOVE TO NEIGHBOR
Step [150]	propose "merge" on `case:customer_type`
	Current temperature:	0.005
	Current #nodes: 4
	Current energy: -0.353372
		> Current dispersal: 0.252525
		> Current impurity: 0.768622
	----------------------------------------
	Neighbor #nodes: 2
	Neighbor energy: 0.000000
		> Neighbor dispersal: 0.505051
		> Neighbor impurity: 1.000000
	----------------------------------------
	Current best state @ step [3]
	Current best state #nodes: 2
	Current best state energy: -0.375804
		> Current best state dispersal: 0.000000
		> Current best state impurity: 0.768622
	Probability of moving: 9.917761712964148e-33
Step [150]	propose "merge" on `concept:name`
	Current temperature:	0.005
	Current #nodes: 4
	Current energy: -0.353372
		> Current dispersal: 0.252525
		> Current impurity: 0.768622
	----------------------------------------
	Neighbor #nodes: 2
	Neighbor energy: -0.375804
		> Neighbor dispersal: 0.000000
		> Neighbor impurity: 0.768622
	----------------------------------------
	Current best state @ step [3]
	Current best state #nodes: 2
	Current best state energy: -0.375804
		> Current best state dispersal: 0.000000
		> Current best state impurity: 0.768622
	Probability of moving: 1.0
			>>> MOVE TO NEIGHBOR
Step [150]	propose "split" on `concept:name`
	Current temperature:	0.005
	Current #nodes: 2
	Current energy: -0.375804
		> Current dispersal: 0.000000
		> Current impurity: 0.768622
	----------------------------------------
	Neighbor #nodes: 4
	Neighbor energy: -0.353372
		> Neighbor dispersal: 0.252525
		> Neighbor impurity: 0.768622
	----------------------------------------
	Current best state @ step [3]
	Current best state #nodes: 2
	Current best state energy: -0.375804
		> Current best state dispersal: 0.000000
		> Current best state impurity: 0.768622
	Probability of moving: 0.009298250894593591
Step [151]	propose "merge" on `case:customer_type`
	Current temperature:	0.005
	Current #nodes: 2
	Current energy: -0.375804
		> Current dispersal: 0.000000
		> Current impurity: 0.768622
	----------------------------------------
	Neighbor #nodes: 1
	Neighbor energy: 0.000000
		> Neighbor dispersal: 0.000000
		> Neighbor impurity: 1.000000
	----------------------------------------
	Current best state @ step [3]
	Current best state #nodes: 2
	Current best state energy: -0.375804
		> Current best state dispersal: 0.000000
		> Current best state impurity: 0.768622
	Probability of moving: 1.491040363174565e-36
Step [151]	propose "split" on `concept:name`
	Current temperature:	0.005
	Current #nodes: 2
	Current energy: -0.375804
		> Current dispersal: 0.000000
		> Current impurity: 0.768622
	----------------------------------------
	Neighbor #nodes: 4
	Neighbor energy: -0.353372
		> Neighbor dispersal: 0.252525
		> Neighbor impurity: 0.768622
	----------------------------------------
	Current best state @ step [3]
	Current best state #nodes: 2
	Current best state energy: -0.375804
		> Current best state dispersal: 0.000000
		> Current best state impurity: 0.768622
	Probability of moving: 0.007269005728694254
Step [151]	propose "split" on `concept:name`
	Current temperature:	0.005
	Current #nodes: 2
	Current energy: -0.375804
		> Current dispersal: 0.000000
		> Current impurity: 0.768622
	----------------------------------------
	Neighbor #nodes: 4
	Neighbor energy: -0.353372
		> Neighbor dispersal: 0.252525
		> Neighbor impurity: 0.768622
	----------------------------------------
	Current best state @ step [3]
	Current best state #nodes: 2
	Current best state energy: -0.375804
		> Current best state dispersal: 0.000000
		> Current best state impurity: 0.768622
	Probability of moving: 0.007269005728694254
Step [151]	propose "merge" on `case:customer_type`
	Current temperature:	0.005
	Current #nodes: 2
	Current energy: -0.375804
		> Current dispersal: 0.000000
		> Current impurity: 0.768622
	----------------------------------------
	Neighbor #nodes: 1
	Neighbor energy: 0.000000
		> Neighbor dispersal: 0.000000
		> Neighbor impurity: 1.000000
	----------------------------------------
	Current best state @ step [3]
	Current best state #nodes: 2
	Current best state energy: -0.375804
		> Current best state dispersal: 0.000000
		> Current best state impurity: 0.768622
	Probability of moving: 1.491040363174565e-36
Step [152]	propose "split" on `concept:name`
	Current temperature:	0.004
	Current #nodes: 2
	Current energy: -0.375804
		> Current dispersal: 0.000000
		> Current impurity: 0.768622
	----------------------------------------
	Neighbor #nodes: 4
	Neighbor energy: -0.353372
		> Neighbor dispersal: 0.252525
		> Neighbor impurity: 0.768622
	----------------------------------------
	Current best state @ step [3]
	Current best state #nodes: 2
	Current best state energy: -0.375804
		> Current best state dispersal: 0.000000
		> Current best state impurity: 0.768622
	Probability of moving: 0.005609460114233152
Step [152]	propose "merge" on `case:customer_type`
	Current temperature:	0.004
	Current #nodes: 2
	Current energy: -0.375804
		> Current dispersal: 0.000000
		> Current impurity: 0.768622
	----------------------------------------
	Neighbor #nodes: 1
	Neighbor energy: 0.000000
		> Neighbor dispersal: 0.000000
		> Neighbor impurity: 1.000000
	----------------------------------------
	Current best state @ step [3]
	Current best state #nodes: 2
	Current best state energy: -0.375804
		> Current best state dispersal: 0.000000
		> Current best state impurity: 0.768622
	Probability of moving: 1.9403656560540204e-38
Step [152]	propose "split" on `concept:name`
	Current temperature:	0.004
	Current #nodes: 2
	Current energy: -0.375804
		> Current dispersal: 0.000000
		> Current impurity: 0.768622
	----------------------------------------
	Neighbor #nodes: 4
	Neighbor energy: -0.353372
		> Neighbor dispersal: 0.252525
		> Neighbor impurity: 0.768622
	----------------------------------------
	Current best state @ step [3]
	Current best state #nodes: 2
	Current best state energy: -0.375804
		> Current best state dispersal: 0.000000
		> Current best state impurity: 0.768622
	Probability of moving: 0.005609460114233152
Step [152]	propose "split" on `concept:name`
	Current temperature:	0.004
	Current #nodes: 2
	Current energy: -0.375804
		> Current dispersal: 0.000000
		> Current impurity: 0.768622
	----------------------------------------
	Neighbor #nodes: 4
	Neighbor energy: -0.353372
		> Neighbor dispersal: 0.252525
		> Neighbor impurity: 0.768622
	----------------------------------------
	Current best state @ step [3]
	Current best state #nodes: 2
	Current best state energy: -0.375804
		> Current best state dispersal: 0.000000
		> Current best state impurity: 0.768622
	Probability of moving: 0.005609460114233152
Restart search at step [153], using best state found at step [3]
Step [153]	propose "merge" on `case:customer_type`
	Current temperature:	0.004
	Current #nodes: 2
	Current energy: -0.375804
		> Current dispersal: 0.000000
		> Current impurity: 0.768622
	----------------------------------------
	Neighbor #nodes: 1
	Neighbor energy: 0.000000
		> Neighbor dispersal: 0.000000
		> Neighbor impurity: 1.000000
	----------------------------------------
	Current best state @ step [3]
	Current best state #nodes: 2
	Current best state energy: -0.375804
		> Current best state dispersal: 0.000000
		> Current best state impurity: 0.768622
	Probability of moving: 2.0092563357284802e-40
Step [153]	propose "merge" on `case:customer_type`
	Current temperature:	0.004
	Current #nodes: 2
	Current energy: -0.375804
		> Current dispersal: 0.000000
		> Current impurity: 0.768622
	----------------------------------------
	Neighbor #nodes: 1
	Neighbor energy: 0.000000
		> Neighbor dispersal: 0.000000
		> Neighbor impurity: 1.000000
	----------------------------------------
	Current best state @ step [3]
	Current best state #nodes: 2
	Current best state energy: -0.375804
		> Current best state dispersal: 0.000000
		> Current best state impurity: 0.768622
	Probability of moving: 2.0092563357284802e-40
Step [153]	propose "split" on `concept:name`
	Current temperature:	0.004
	Current #nodes: 2
	Current energy: -0.375804
		> Current dispersal: 0.000000
		> Current impurity: 0.768622
	----------------------------------------
	Neighbor #nodes: 4
	Neighbor energy: -0.353372
		> Neighbor dispersal: 0.252525
		> Neighbor impurity: 0.768622
	----------------------------------------
	Current best state @ step [3]
	Current best state #nodes: 2
	Current best state energy: -0.375804
		> Current best state dispersal: 0.000000
		> Current best state impurity: 0.768622
	Probability of moving: 0.004270150930329665
Step [153]	propose "split" on `concept:name`
	Current temperature:	0.004
	Current #nodes: 2
	Current energy: -0.375804
		> Current dispersal: 0.000000
		> Current impurity: 0.768622
	----------------------------------------
	Neighbor #nodes: 4
	Neighbor energy: -0.353372
		> Neighbor dispersal: 0.252525
		> Neighbor impurity: 0.768622
	----------------------------------------
	Current best state @ step [3]
	Current best state #nodes: 2
	Current best state energy: -0.375804
		> Current best state dispersal: 0.000000
		> Current best state impurity: 0.768622
	Probability of moving: 0.004270150930329665
Step [154]	propose "merge" on `case:customer_type`
	Current temperature:	0.004
	Current #nodes: 2
	Current energy: -0.375804
		> Current dispersal: 0.000000
		> Current impurity: 0.768622
	----------------------------------------
	Neighbor #nodes: 1
	Neighbor energy: 0.000000
		> Neighbor dispersal: 0.000000
		> Neighbor impurity: 1.000000
	----------------------------------------
	Current best state @ step [3]
	Current best state #nodes: 2
	Current best state energy: -0.375804
		> Current best state dispersal: 0.000000
		> Current best state impurity: 0.768622
	Probability of moving: 1.635766905231791e-42
Step [154]	propose "split" on `concept:name`
	Current temperature:	0.004
	Current #nodes: 2
	Current energy: -0.375804
		> Current dispersal: 0.000000
		> Current impurity: 0.768622
	----------------------------------------
	Neighbor #nodes: 4
	Neighbor energy: -0.353372
		> Neighbor dispersal: 0.252525
		> Neighbor impurity: 0.768622
	----------------------------------------
	Current best state @ step [3]
	Current best state #nodes: 2
	Current best state energy: -0.375804
		> Current best state dispersal: 0.000000
		> Current best state impurity: 0.768622
	Probability of moving: 0.003204274481918623
Step [154]	propose "merge" on `case:customer_type`
	Current temperature:	0.004
	Current #nodes: 2
	Current energy: -0.375804
		> Current dispersal: 0.000000
		> Current impurity: 0.768622
	----------------------------------------
	Neighbor #nodes: 1
	Neighbor energy: 0.000000
		> Neighbor dispersal: 0.000000
		> Neighbor impurity: 1.000000
	----------------------------------------
	Current best state @ step [3]
	Current best state #nodes: 2
	Current best state energy: -0.375804
		> Current best state dispersal: 0.000000
		> Current best state impurity: 0.768622
	Probability of moving: 1.635766905231791e-42
Step [154]	propose "split" on `concept:name`
	Current temperature:	0.004
	Current #nodes: 2
	Current energy: -0.375804
		> Current dispersal: 0.000000
		> Current impurity: 0.768622
	----------------------------------------
	Neighbor #nodes: 4
	Neighbor energy: -0.353372
		> Neighbor dispersal: 0.252525
		> Neighbor impurity: 0.768622
	----------------------------------------
	Current best state @ step [3]
	Current best state #nodes: 2
	Current best state energy: -0.375804
		> Current best state dispersal: 0.000000
		> Current best state impurity: 0.768622
	Probability of moving: 0.003204274481918623
Step [155]	propose "split" on `concept:name`
	Current temperature:	0.004
	Current #nodes: 2
	Current energy: -0.375804
		> Current dispersal: 0.000000
		> Current impurity: 0.768622
	----------------------------------------
	Neighbor #nodes: 4
	Neighbor energy: -0.353372
		> Neighbor dispersal: 0.252525
		> Neighbor impurity: 0.768622
	----------------------------------------
	Current best state @ step [3]
	Current best state #nodes: 2
	Current best state energy: -0.375804
		> Current best state dispersal: 0.000000
		> Current best state impurity: 0.768622
	Probability of moving: 0.0023683851402310483
Step [155]	propose "merge" on `case:customer_type`
	Current temperature:	0.004
	Current #nodes: 2
	Current energy: -0.375804
		> Current dispersal: 0.000000
		> Current impurity: 0.768622
	----------------------------------------
	Neighbor #nodes: 1
	Neighbor energy: 0.000000
		> Neighbor dispersal: 0.000000
		> Neighbor impurity: 1.000000
	----------------------------------------
	Current best state @ step [3]
	Current best state #nodes: 2
	Current best state energy: -0.375804
		> Current best state dispersal: 0.000000
		> Current best state impurity: 0.768622
	Probability of moving: 1.0338168280887626e-44
Step [155]	propose "split" on `concept:name`
	Current temperature:	0.004
	Current #nodes: 2
	Current energy: -0.375804
		> Current dispersal: 0.000000
		> Current impurity: 0.768622
	----------------------------------------
	Neighbor #nodes: 4
	Neighbor energy: -0.353372
		> Neighbor dispersal: 0.252525
		> Neighbor impurity: 0.768622
	----------------------------------------
	Current best state @ step [3]
	Current best state #nodes: 2
	Current best state energy: -0.375804
		> Current best state dispersal: 0.000000
		> Current best state impurity: 0.768622
	Probability of moving: 0.0023683851402310483
Step [155]	propose "merge" on `case:customer_type`
	Current temperature:	0.004
	Current #nodes: 2
	Current energy: -0.375804
		> Current dispersal: 0.000000
		> Current impurity: 0.768622
	----------------------------------------
	Neighbor #nodes: 1
	Neighbor energy: 0.000000
		> Neighbor dispersal: 0.000000
		> Neighbor impurity: 1.000000
	----------------------------------------
	Current best state @ step [3]
	Current best state #nodes: 2
	Current best state energy: -0.375804
		> Current best state dispersal: 0.000000
		> Current best state impurity: 0.768622
	Probability of moving: 1.0338168280887626e-44
Step [156]	propose "split" on `concept:name`
	Current temperature:	0.004
	Current #nodes: 2
	Current energy: -0.375804
		> Current dispersal: 0.000000
		> Current impurity: 0.768622
	----------------------------------------
	Neighbor #nodes: 4
	Neighbor energy: -0.353372
		> Neighbor dispersal: 0.252525
		> Neighbor impurity: 0.768622
	----------------------------------------
	Current best state @ step [3]
	Current best state #nodes: 2
	Current best state energy: -0.375804
		> Current best state dispersal: 0.000000
		> Current best state impurity: 0.768622
	Probability of moving: 0.0017229219659322887
Step [156]	propose "merge" on `case:customer_type`
	Current temperature:	0.004
	Current #nodes: 2
	Current energy: -0.375804
		> Current dispersal: 0.000000
		> Current impurity: 0.768622
	----------------------------------------
	Neighbor #nodes: 1
	Neighbor energy: 0.000000
		> Neighbor dispersal: 0.000000
		> Neighbor impurity: 1.000000
	----------------------------------------
	Current best state @ step [3]
	Current best state #nodes: 2
	Current best state energy: -0.375804
		> Current best state dispersal: 0.000000
		> Current best state impurity: 0.768622
	Probability of moving: 5.00511790791714e-47
Step [156]	propose "split" on `concept:name`
	Current temperature:	0.004
	Current #nodes: 2
	Current energy: -0.375804
		> Current dispersal: 0.000000
		> Current impurity: 0.768622
	----------------------------------------
	Neighbor #nodes: 4
	Neighbor energy: -0.353372
		> Neighbor dispersal: 0.252525
		> Neighbor impurity: 0.768622
	----------------------------------------
	Current best state @ step [3]
	Current best state #nodes: 2
	Current best state energy: -0.375804
		> Current best state dispersal: 0.000000
		> Current best state impurity: 0.768622
	Probability of moving: 0.0017229219659322887
Step [156]	propose "split" on `concept:name`
	Current temperature:	0.004
	Current #nodes: 2
	Current energy: -0.375804
		> Current dispersal: 0.000000
		> Current impurity: 0.768622
	----------------------------------------
	Neighbor #nodes: 4
	Neighbor energy: -0.353372
		> Neighbor dispersal: 0.252525
		> Neighbor impurity: 0.768622
	----------------------------------------
	Current best state @ step [3]
	Current best state #nodes: 2
	Current best state energy: -0.375804
		> Current best state dispersal: 0.000000
		> Current best state impurity: 0.768622
	Probability of moving: 0.0017229219659322887
Step [157]	propose "merge" on `case:customer_type`
	Current temperature:	0.003
	Current #nodes: 2
	Current energy: -0.375804
		> Current dispersal: 0.000000
		> Current impurity: 0.768622
	----------------------------------------
	Neighbor #nodes: 1
	Neighbor energy: 0.000000
		> Neighbor dispersal: 0.000000
		> Neighbor impurity: 1.000000
	----------------------------------------
	Current best state @ step [3]
	Current best state #nodes: 2
	Current best state energy: -0.375804
		> Current best state dispersal: 0.000000
		> Current best state impurity: 0.768622
	Probability of moving: 1.83038050648752e-49
Step [157]	propose "merge" on `case:customer_type`
	Current temperature:	0.003
	Current #nodes: 2
	Current energy: -0.375804
		> Current dispersal: 0.000000
		> Current impurity: 0.768622
	----------------------------------------
	Neighbor #nodes: 1
	Neighbor energy: 0.000000
		> Neighbor dispersal: 0.000000
		> Neighbor impurity: 1.000000
	----------------------------------------
	Current best state @ step [3]
	Current best state #nodes: 2
	Current best state energy: -0.375804
		> Current best state dispersal: 0.000000
		> Current best state impurity: 0.768622
	Probability of moving: 1.83038050648752e-49
Step [157]	propose "merge" on `case:customer_type`
	Current temperature:	0.003
	Current #nodes: 2
	Current energy: -0.375804
		> Current dispersal: 0.000000
		> Current impurity: 0.768622
	----------------------------------------
	Neighbor #nodes: 1
	Neighbor energy: 0.000000
		> Neighbor dispersal: 0.000000
		> Neighbor impurity: 1.000000
	----------------------------------------
	Current best state @ step [3]
	Current best state #nodes: 2
	Current best state energy: -0.375804
		> Current best state dispersal: 0.000000
		> Current best state impurity: 0.768622
	Probability of moving: 1.83038050648752e-49
Step [157]	propose "split" on `concept:name`
	Current temperature:	0.003
	Current #nodes: 2
	Current energy: -0.375804
		> Current dispersal: 0.000000
		> Current impurity: 0.768622
	----------------------------------------
	Neighbor #nodes: 4
	Neighbor energy: -0.353372
		> Neighbor dispersal: 0.252525
		> Neighbor impurity: 0.768622
	----------------------------------------
	Current best state @ step [3]
	Current best state #nodes: 2
	Current best state energy: -0.375804
		> Current best state dispersal: 0.000000
		> Current best state impurity: 0.768622
	Probability of moving: 0.0012325538514790686
Step [158]	propose "merge" on `case:customer_type`
	Current temperature:	0.003
	Current #nodes: 2
	Current energy: -0.375804
		> Current dispersal: 0.000000
		> Current impurity: 0.768622
	----------------------------------------
	Neighbor #nodes: 1
	Neighbor energy: 0.000000
		> Neighbor dispersal: 0.000000
		> Neighbor impurity: 1.000000
	----------------------------------------
	Current best state @ step [3]
	Current best state #nodes: 2
	Current best state energy: -0.375804
		> Current best state dispersal: 0.000000
		> Current best state impurity: 0.768622
	Probability of moving: 4.982094729600222e-52
Step [158]	propose "merge" on `case:customer_type`
	Current temperature:	0.003
	Current #nodes: 2
	Current energy: -0.375804
		> Current dispersal: 0.000000
		> Current impurity: 0.768622
	----------------------------------------
	Neighbor #nodes: 1
	Neighbor energy: 0.000000
		> Neighbor dispersal: 0.000000
		> Neighbor impurity: 1.000000
	----------------------------------------
	Current best state @ step [3]
	Current best state #nodes: 2
	Current best state energy: -0.375804
		> Current best state dispersal: 0.000000
		> Current best state impurity: 0.768622
	Probability of moving: 4.982094729600222e-52
Step [158]	propose "merge" on `case:customer_type`
	Current temperature:	0.003
	Current #nodes: 2
	Current energy: -0.375804
		> Current dispersal: 0.000000
		> Current impurity: 0.768622
	----------------------------------------
	Neighbor #nodes: 1
	Neighbor energy: 0.000000
		> Neighbor dispersal: 0.000000
		> Neighbor impurity: 1.000000
	----------------------------------------
	Current best state @ step [3]
	Current best state #nodes: 2
	Current best state energy: -0.375804
		> Current best state dispersal: 0.000000
		> Current best state impurity: 0.768622
	Probability of moving: 4.982094729600222e-52
Step [158]	propose "merge" on `case:customer_type`
	Current temperature:	0.003
	Current #nodes: 2
	Current energy: -0.375804
		> Current dispersal: 0.000000
		> Current impurity: 0.768622
	----------------------------------------
	Neighbor #nodes: 1
	Neighbor energy: 0.000000
		> Neighbor dispersal: 0.000000
		> Neighbor impurity: 1.000000
	----------------------------------------
	Current best state @ step [3]
	Current best state #nodes: 2
	Current best state energy: -0.375804
		> Current best state dispersal: 0.000000
		> Current best state impurity: 0.768622
	Probability of moving: 4.982094729600222e-52
Step [159]	propose "split" on `concept:name`
	Current temperature:	0.003
	Current #nodes: 2
	Current energy: -0.375804
		> Current dispersal: 0.000000
		> Current impurity: 0.768622
	----------------------------------------
	Neighbor #nodes: 4
	Neighbor energy: -0.353372
		> Neighbor dispersal: 0.252525
		> Neighbor impurity: 0.768622
	----------------------------------------
	Current best state @ step [3]
	Current best state #nodes: 2
	Current best state energy: -0.375804
		> Current best state dispersal: 0.000000
		> Current best state impurity: 0.768622
	Probability of moving: 0.0005977453910334492
Step [159]	propose "split" on `concept:name`
	Current temperature:	0.003
	Current #nodes: 2
	Current energy: -0.375804
		> Current dispersal: 0.000000
		> Current impurity: 0.768622
	----------------------------------------
	Neighbor #nodes: 4
	Neighbor energy: -0.353372
		> Neighbor dispersal: 0.252525
		> Neighbor impurity: 0.768622
	----------------------------------------
	Current best state @ step [3]
	Current best state #nodes: 2
	Current best state energy: -0.375804
		> Current best state dispersal: 0.000000
		> Current best state impurity: 0.768622
	Probability of moving: 0.0005977453910334492
			>>> MOVE TO NEIGHBOR
Step [159]	propose "merge" on `case:customer_type`
	Current temperature:	0.003
	Current #nodes: 4
	Current energy: -0.353372
		> Current dispersal: 0.252525
		> Current impurity: 0.768622
	----------------------------------------
	Neighbor #nodes: 2
	Neighbor energy: 0.000000
		> Neighbor dispersal: 0.505051
		> Neighbor impurity: 1.000000
	----------------------------------------
	Current best state @ step [3]
	Current best state #nodes: 2
	Current best state energy: -0.375804
		> Current best state dispersal: 0.000000
		> Current best state impurity: 0.768622
	Probability of moving: 1.6624918819510635e-51
Step [159]	propose "merge" on `case:customer_type`
	Current temperature:	0.003
	Current #nodes: 4
	Current energy: -0.353372
		> Current dispersal: 0.252525
		> Current impurity: 0.768622
	----------------------------------------
	Neighbor #nodes: 2
	Neighbor energy: 0.000000
		> Neighbor dispersal: 0.505051
		> Neighbor impurity: 1.000000
	----------------------------------------
	Current best state @ step [3]
	Current best state #nodes: 2
	Current best state energy: -0.375804
		> Current best state dispersal: 0.000000
		> Current best state impurity: 0.768622
	Probability of moving: 1.6624918819510635e-51
Step [160]	propose "merge" on `case:customer_type`
	Current temperature:	0.003
	Current #nodes: 4
	Current energy: -0.353372
		> Current dispersal: 0.252525
		> Current impurity: 0.768622
	----------------------------------------
	Neighbor #nodes: 2
	Neighbor energy: 0.000000
		> Neighbor dispersal: 0.505051
		> Neighbor impurity: 1.000000
	----------------------------------------
	Current best state @ step [3]
	Current best state #nodes: 2
	Current best state energy: -0.375804
		> Current best state dispersal: 0.000000
		> Current best state impurity: 0.768622
	Probability of moving: 3.533197624585141e-54
Step [160]	propose "merge" on `case:customer_type`
	Current temperature:	0.003
	Current #nodes: 4
	Current energy: -0.353372
		> Current dispersal: 0.252525
		> Current impurity: 0.768622
	----------------------------------------
	Neighbor #nodes: 2
	Neighbor energy: 0.000000
		> Neighbor dispersal: 0.505051
		> Neighbor impurity: 1.000000
	----------------------------------------
	Current best state @ step [3]
	Current best state #nodes: 2
	Current best state energy: -0.375804
		> Current best state dispersal: 0.000000
		> Current best state impurity: 0.768622
	Probability of moving: 3.533197624585141e-54
Step [160]	propose "merge" on `concept:name`
	Current temperature:	0.003
	Current #nodes: 4
	Current energy: -0.353372
		> Current dispersal: 0.252525
		> Current impurity: 0.768622
	----------------------------------------
	Neighbor #nodes: 2
	Neighbor energy: -0.375804
		> Neighbor dispersal: 0.000000
		> Neighbor impurity: 0.768622
	----------------------------------------
	Current best state @ step [3]
	Current best state #nodes: 2
	Current best state energy: -0.375804
		> Current best state dispersal: 0.000000
		> Current best state impurity: 0.768622
	Probability of moving: 1.0
			>>> MOVE TO NEIGHBOR
Step [160]	propose "split" on `concept:name`
	Current temperature:	0.003
	Current #nodes: 2
	Current energy: -0.375804
		> Current dispersal: 0.000000
		> Current impurity: 0.768622
	----------------------------------------
	Neighbor #nodes: 4
	Neighbor energy: -0.353372
		> Neighbor dispersal: 0.252525
		> Neighbor impurity: 0.768622
	----------------------------------------
	Current best state @ step [3]
	Current best state #nodes: 2
	Current best state energy: -0.375804
		> Current best state dispersal: 0.000000
		> Current best state impurity: 0.768622
	Probability of moving: 0.00040444474405498533
Step [161]	propose "merge" on `case:customer_type`
	Current temperature:	0.003
	Current #nodes: 2
	Current energy: -0.375804
		> Current dispersal: 0.000000
		> Current impurity: 0.768622
	----------------------------------------
	Neighbor #nodes: 1
	Neighbor energy: 0.000000
		> Neighbor dispersal: 0.000000
		> Neighbor impurity: 1.000000
	----------------------------------------
	Current best state @ step [3]
	Current best state #nodes: 2
	Current best state energy: -0.375804
		> Current best state dispersal: 0.000000
		> Current best state impurity: 0.768622
	Probability of moving: 1.4560840617476562e-60
Step [161]	propose "split" on `concept:name`
	Current temperature:	0.003
	Current #nodes: 2
	Current energy: -0.375804
		> Current dispersal: 0.000000
		> Current impurity: 0.768622
	----------------------------------------
	Neighbor #nodes: 4
	Neighbor energy: -0.353372
		> Neighbor dispersal: 0.252525
		> Neighbor impurity: 0.768622
	----------------------------------------
	Current best state @ step [3]
	Current best state #nodes: 2
	Current best state energy: -0.375804
		> Current best state dispersal: 0.000000
		> Current best state impurity: 0.768622
	Probability of moving: 0.0002680851993727834
Step [161]	propose "merge" on `case:customer_type`
	Current temperature:	0.003
	Current #nodes: 2
	Current energy: -0.375804
		> Current dispersal: 0.000000
		> Current impurity: 0.768622
	----------------------------------------
	Neighbor #nodes: 1
	Neighbor energy: 0.000000
		> Neighbor dispersal: 0.000000
		> Neighbor impurity: 1.000000
	----------------------------------------
	Current best state @ step [3]
	Current best state #nodes: 2
	Current best state energy: -0.375804
		> Current best state dispersal: 0.000000
		> Current best state impurity: 0.768622
	Probability of moving: 1.4560840617476562e-60
Step [161]	propose "split" on `concept:name`
	Current temperature:	0.003
	Current #nodes: 2
	Current energy: -0.375804
		> Current dispersal: 0.000000
		> Current impurity: 0.768622
	----------------------------------------
	Neighbor #nodes: 4
	Neighbor energy: -0.353372
		> Neighbor dispersal: 0.252525
		> Neighbor impurity: 0.768622
	----------------------------------------
	Current best state @ step [3]
	Current best state #nodes: 2
	Current best state energy: -0.375804
		> Current best state dispersal: 0.000000
		> Current best state impurity: 0.768622
	Probability of moving: 0.0002680851993727834
Step [162]	propose "merge" on `case:customer_type`
	Current temperature:	0.003
	Current #nodes: 2
	Current energy: -0.375804
		> Current dispersal: 0.000000
		> Current impurity: 0.768622
	----------------------------------------
	Neighbor #nodes: 1
	Neighbor energy: 0.000000
		> Neighbor dispersal: 0.000000
		> Neighbor impurity: 1.000000
	----------------------------------------
	Current best state @ step [3]
	Current best state #nodes: 2
	Current best state energy: -0.375804
		> Current best state dispersal: 0.000000
		> Current best state impurity: 0.768622
	Probability of moving: 1.0324772040810374e-63
Step [162]	propose "split" on `concept:name`
	Current temperature:	0.003
	Current #nodes: 2
	Current energy: -0.375804
		> Current dispersal: 0.000000
		> Current impurity: 0.768622
	----------------------------------------
	Neighbor #nodes: 4
	Neighbor energy: -0.353372
		> Neighbor dispersal: 0.252525
		> Neighbor impurity: 0.768622
	----------------------------------------
	Current best state @ step [3]
	Current best state #nodes: 2
	Current best state energy: -0.375804
		> Current best state dispersal: 0.000000
		> Current best state impurity: 0.768622
	Probability of moving: 0.00017389504115765929
Step [162]	propose "split" on `concept:name`
	Current temperature:	0.003
	Current #nodes: 2
	Current energy: -0.375804
		> Current dispersal: 0.000000
		> Current impurity: 0.768622
	----------------------------------------
	Neighbor #nodes: 4
	Neighbor energy: -0.353372
		> Neighbor dispersal: 0.252525
		> Neighbor impurity: 0.768622
	----------------------------------------
	Current best state @ step [3]
	Current best state #nodes: 2
	Current best state energy: -0.375804
		> Current best state dispersal: 0.000000
		> Current best state impurity: 0.768622
	Probability of moving: 0.00017389504115765929
Step [162]	propose "split" on `concept:name`
	Current temperature:	0.003
	Current #nodes: 2
	Current energy: -0.375804
		> Current dispersal: 0.000000
		> Current impurity: 0.768622
	----------------------------------------
	Neighbor #nodes: 4
	Neighbor energy: -0.353372
		> Neighbor dispersal: 0.252525
		> Neighbor impurity: 0.768622
	----------------------------------------
	Current best state @ step [3]
	Current best state #nodes: 2
	Current best state energy: -0.375804
		> Current best state dispersal: 0.000000
		> Current best state impurity: 0.768622
	Probability of moving: 0.00017389504115765929
Step [163]	propose "merge" on `case:customer_type`
	Current temperature:	0.002
	Current #nodes: 2
	Current energy: -0.375804
		> Current dispersal: 0.000000
		> Current impurity: 0.768622
	----------------------------------------
	Neighbor #nodes: 1
	Neighbor energy: 0.000000
		> Neighbor dispersal: 0.000000
		> Neighbor impurity: 1.000000
	----------------------------------------
	Current best state @ step [3]
	Current best state #nodes: 2
	Current best state energy: -0.375804
		> Current best state dispersal: 0.000000
		> Current best state impurity: 0.768622
	Probability of moving: 4.99829113877769e-67
Step [163]	propose "split" on `concept:name`
	Current temperature:	0.002
	Current #nodes: 2
	Current energy: -0.375804
		> Current dispersal: 0.000000
		> Current impurity: 0.768622
	----------------------------------------
	Neighbor #nodes: 4
	Neighbor energy: -0.353372
		> Neighbor dispersal: 0.252525
		> Neighbor impurity: 0.768622
	----------------------------------------
	Current best state @ step [3]
	Current best state #nodes: 2
	Current best state energy: -0.375804
		> Current best state dispersal: 0.000000
		> Current best state impurity: 0.768622
	Probability of moving: 0.00011025735670137301
Step [163]	propose "split" on `concept:name`
	Current temperature:	0.002
	Current #nodes: 2
	Current energy: -0.375804
		> Current dispersal: 0.000000
		> Current impurity: 0.768622
	----------------------------------------
	Neighbor #nodes: 4
	Neighbor energy: -0.353372
		> Neighbor dispersal: 0.252525
		> Neighbor impurity: 0.768622
	----------------------------------------
	Current best state @ step [3]
	Current best state #nodes: 2
	Current best state energy: -0.375804
		> Current best state dispersal: 0.000000
		> Current best state impurity: 0.768622
	Probability of moving: 0.00011025735670137301
Step [163]	propose "merge" on `case:customer_type`
	Current temperature:	0.002
	Current #nodes: 2
	Current energy: -0.375804
		> Current dispersal: 0.000000
		> Current impurity: 0.768622
	----------------------------------------
	Neighbor #nodes: 1
	Neighbor energy: 0.000000
		> Neighbor dispersal: 0.000000
		> Neighbor impurity: 1.000000
	----------------------------------------
	Current best state @ step [3]
	Current best state #nodes: 2
	Current best state energy: -0.375804
		> Current best state dispersal: 0.000000
		> Current best state impurity: 0.768622
	Probability of moving: 4.99829113877769e-67
Step [164]	propose "split" on `concept:name`
	Current temperature:	0.002
	Current #nodes: 2
	Current energy: -0.375804
		> Current dispersal: 0.000000
		> Current impurity: 0.768622
	----------------------------------------
	Neighbor #nodes: 4
	Neighbor energy: -0.353372
		> Neighbor dispersal: 0.252525
		> Neighbor impurity: 0.768622
	----------------------------------------
	Current best state @ step [3]
	Current best state #nodes: 2
	Current best state energy: -0.375804
		> Current best state dispersal: 0.000000
		> Current best state impurity: 0.768622
	Probability of moving: 6.82516631140525e-05
Step [164]	propose "merge" on `case:customer_type`
	Current temperature:	0.002
	Current #nodes: 2
	Current energy: -0.375804
		> Current dispersal: 0.000000
		> Current impurity: 0.768622
	----------------------------------------
	Neighbor #nodes: 1
	Neighbor energy: 0.000000
		> Neighbor dispersal: 0.000000
		> Neighbor impurity: 1.000000
	----------------------------------------
	Current best state @ step [3]
	Current best state #nodes: 2
	Current best state energy: -0.375804
		> Current best state dispersal: 0.000000
		> Current best state impurity: 0.768622
	Probability of moving: 1.6191453659940825e-70
Step [164]	propose "split" on `concept:name`
	Current temperature:	0.002
	Current #nodes: 2
	Current energy: -0.375804
		> Current dispersal: 0.000000
		> Current impurity: 0.768622
	----------------------------------------
	Neighbor #nodes: 4
	Neighbor energy: -0.353372
		> Neighbor dispersal: 0.252525
		> Neighbor impurity: 0.768622
	----------------------------------------
	Current best state @ step [3]
	Current best state #nodes: 2
	Current best state energy: -0.375804
		> Current best state dispersal: 0.000000
		> Current best state impurity: 0.768622
	Probability of moving: 6.82516631140525e-05
Step [164]	propose "merge" on `case:customer_type`
	Current temperature:	0.002
	Current #nodes: 2
	Current energy: -0.375804
		> Current dispersal: 0.000000
		> Current impurity: 0.768622
	----------------------------------------
	Neighbor #nodes: 1
	Neighbor energy: 0.000000
		> Neighbor dispersal: 0.000000
		> Neighbor impurity: 1.000000
	----------------------------------------
	Current best state @ step [3]
	Current best state #nodes: 2
	Current best state energy: -0.375804
		> Current best state dispersal: 0.000000
		> Current best state impurity: 0.768622
	Probability of moving: 1.6191453659940825e-70
Step [165]	propose "merge" on `case:customer_type`
	Current temperature:	0.002
	Current #nodes: 2
	Current energy: -0.375804
		> Current dispersal: 0.000000
		> Current impurity: 0.768622
	----------------------------------------
	Neighbor #nodes: 1
	Neighbor energy: 0.000000
		> Neighbor dispersal: 0.000000
		> Neighbor impurity: 1.000000
	----------------------------------------
	Current best state @ step [3]
	Current best state #nodes: 2
	Current best state energy: -0.375804
		> Current best state dispersal: 0.000000
		> Current best state impurity: 0.768622
	Probability of moving: 3.4362943590550164e-74
Step [165]	propose "merge" on `case:customer_type`
	Current temperature:	0.002
	Current #nodes: 2
	Current energy: -0.375804
		> Current dispersal: 0.000000
		> Current impurity: 0.768622
	----------------------------------------
	Neighbor #nodes: 1
	Neighbor energy: 0.000000
		> Neighbor dispersal: 0.000000
		> Neighbor impurity: 1.000000
	----------------------------------------
	Current best state @ step [3]
	Current best state #nodes: 2
	Current best state energy: -0.375804
		> Current best state dispersal: 0.000000
		> Current best state impurity: 0.768622
	Probability of moving: 3.4362943590550164e-74
Step [165]	propose "merge" on `case:customer_type`
	Current temperature:	0.002
	Current #nodes: 2
	Current energy: -0.375804
		> Current dispersal: 0.000000
		> Current impurity: 0.768622
	----------------------------------------
	Neighbor #nodes: 1
	Neighbor energy: 0.000000
		> Neighbor dispersal: 0.000000
		> Neighbor impurity: 1.000000
	----------------------------------------
	Current best state @ step [3]
	Current best state #nodes: 2
	Current best state energy: -0.375804
		> Current best state dispersal: 0.000000
		> Current best state impurity: 0.768622
	Probability of moving: 3.4362943590550164e-74
Step [165]	propose "split" on `concept:name`
	Current temperature:	0.002
	Current #nodes: 2
	Current energy: -0.375804
		> Current dispersal: 0.000000
		> Current impurity: 0.768622
	----------------------------------------
	Neighbor #nodes: 4
	Neighbor energy: -0.353372
		> Neighbor dispersal: 0.252525
		> Neighbor impurity: 0.768622
	----------------------------------------
	Current best state @ step [3]
	Current best state #nodes: 2
	Current best state energy: -0.375804
		> Current best state dispersal: 0.000000
		> Current best state impurity: 0.768622
	Probability of moving: 4.119609400465469e-05
Step [166]	propose "split" on `concept:name`
	Current temperature:	0.002
	Current #nodes: 2
	Current energy: -0.375804
		> Current dispersal: 0.000000
		> Current impurity: 0.768622
	----------------------------------------
	Neighbor #nodes: 4
	Neighbor energy: -0.353372
		> Neighbor dispersal: 0.252525
		> Neighbor impurity: 0.768622
	----------------------------------------
	Current best state @ step [3]
	Current best state #nodes: 2
	Current best state energy: -0.375804
		> Current best state dispersal: 0.000000
		> Current best state impurity: 0.768622
	Probability of moving: 2.4213579161262832e-05
Step [166]	propose "merge" on `case:customer_type`
	Current temperature:	0.002
	Current #nodes: 2
	Current energy: -0.375804
		> Current dispersal: 0.000000
		> Current impurity: 0.768622
	----------------------------------------
	Neighbor #nodes: 1
	Neighbor energy: 0.000000
		> Neighbor dispersal: 0.000000
		> Neighbor impurity: 1.000000
	----------------------------------------
	Current best state @ step [3]
	Current best state #nodes: 2
	Current best state energy: -0.375804
		> Current best state dispersal: 0.000000
		> Current best state impurity: 0.768622
	Probability of moving: 4.672709684518478e-78
Step [166]	propose "merge" on `case:customer_type`
	Current temperature:	0.002
	Current #nodes: 2
	Current energy: -0.375804
		> Current dispersal: 0.000000
		> Current impurity: 0.768622
	----------------------------------------
	Neighbor #nodes: 1
	Neighbor energy: 0.000000
		> Neighbor dispersal: 0.000000
		> Neighbor impurity: 1.000000
	----------------------------------------
	Current best state @ step [3]
	Current best state #nodes: 2
	Current best state energy: -0.375804
		> Current best state dispersal: 0.000000
		> Current best state impurity: 0.768622
	Probability of moving: 4.672709684518478e-78
Step [166]	propose "split" on `concept:name`
	Current temperature:	0.002
	Current #nodes: 2
	Current energy: -0.375804
		> Current dispersal: 0.000000
		> Current impurity: 0.768622
	----------------------------------------
	Neighbor #nodes: 4
	Neighbor energy: -0.353372
		> Neighbor dispersal: 0.252525
		> Neighbor impurity: 0.768622
	----------------------------------------
	Current best state @ step [3]
	Current best state #nodes: 2
	Current best state energy: -0.375804
		> Current best state dispersal: 0.000000
		> Current best state impurity: 0.768622
	Probability of moving: 2.4213579161262832e-05
Step [167]	propose "split" on `concept:name`
	Current temperature:	0.002
	Current #nodes: 2
	Current energy: -0.375804
		> Current dispersal: 0.000000
		> Current impurity: 0.768622
	----------------------------------------
	Neighbor #nodes: 4
	Neighbor energy: -0.353372
		> Neighbor dispersal: 0.252525
		> Neighbor impurity: 0.768622
	----------------------------------------
	Current best state @ step [3]
	Current best state #nodes: 2
	Current best state energy: -0.375804
		> Current best state dispersal: 0.000000
		> Current best state impurity: 0.768622
	Probability of moving: 1.3839319199178476e-05
Step [167]	propose "merge" on `case:customer_type`
	Current temperature:	0.002
	Current #nodes: 2
	Current energy: -0.375804
		> Current dispersal: 0.000000
		> Current impurity: 0.768622
	----------------------------------------
	Neighbor #nodes: 1
	Neighbor energy: 0.000000
		> Neighbor dispersal: 0.000000
		> Neighbor impurity: 1.000000
	----------------------------------------
	Current best state @ step [3]
	Current best state #nodes: 2
	Current best state energy: -0.375804
		> Current best state dispersal: 0.000000
		> Current best state impurity: 0.768622
	Probability of moving: 3.976913128317011e-82
Step [167]	propose "split" on `concept:name`
	Current temperature:	0.002
	Current #nodes: 2
	Current energy: -0.375804
		> Current dispersal: 0.000000
		> Current impurity: 0.768622
	----------------------------------------
	Neighbor #nodes: 4
	Neighbor energy: -0.353372
		> Neighbor dispersal: 0.252525
		> Neighbor impurity: 0.768622
	----------------------------------------
	Current best state @ step [3]
	Current best state #nodes: 2
	Current best state energy: -0.375804
		> Current best state dispersal: 0.000000
		> Current best state impurity: 0.768622
	Probability of moving: 1.3839319199178476e-05
Step [167]	propose "split" on `concept:name`
	Current temperature:	0.002
	Current #nodes: 2
	Current energy: -0.375804
		> Current dispersal: 0.000000
		> Current impurity: 0.768622
	----------------------------------------
	Neighbor #nodes: 4
	Neighbor energy: -0.353372
		> Neighbor dispersal: 0.252525
		> Neighbor impurity: 0.768622
	----------------------------------------
	Current best state @ step [3]
	Current best state #nodes: 2
	Current best state energy: -0.375804
		> Current best state dispersal: 0.000000
		> Current best state impurity: 0.768622
	Probability of moving: 1.3839319199178476e-05
Step [168]	propose "split" on `concept:name`
	Current temperature:	0.002
	Current #nodes: 2
	Current energy: -0.375804
		> Current dispersal: 0.000000
		> Current impurity: 0.768622
	----------------------------------------
	Neighbor #nodes: 4
	Neighbor energy: -0.353372
		> Neighbor dispersal: 0.252525
		> Neighbor impurity: 0.768622
	----------------------------------------
	Current best state @ step [3]
	Current best state #nodes: 2
	Current best state energy: -0.375804
		> Current best state dispersal: 0.000000
		> Current best state impurity: 0.768622
	Probability of moving: 7.680401476179534e-06
Step [168]	propose "merge" on `case:customer_type`
	Current temperature:	0.002
	Current #nodes: 2
	Current energy: -0.375804
		> Current dispersal: 0.000000
		> Current impurity: 0.768622
	----------------------------------------
	Neighbor #nodes: 1
	Neighbor energy: 0.000000
		> Neighbor dispersal: 0.000000
		> Neighbor impurity: 1.000000
	----------------------------------------
	Current best state @ step [3]
	Current best state #nodes: 2
	Current best state energy: -0.375804
		> Current best state dispersal: 0.000000
		> Current best state impurity: 0.768622
	Probability of moving: 2.0668629905155215e-86
Step [168]	propose "merge" on `case:customer_type`
	Current temperature:	0.002
	Current #nodes: 2
	Current energy: -0.375804
		> Current dispersal: 0.000000
		> Current impurity: 0.768622
	----------------------------------------
	Neighbor #nodes: 1
	Neighbor energy: 0.000000
		> Neighbor dispersal: 0.000000
		> Neighbor impurity: 1.000000
	----------------------------------------
	Current best state @ step [3]
	Current best state #nodes: 2
	Current best state energy: -0.375804
		> Current best state dispersal: 0.000000
		> Current best state impurity: 0.768622
	Probability of moving: 2.0668629905155215e-86
Step [168]	propose "split" on `concept:name`
	Current temperature:	0.002
	Current #nodes: 2
	Current energy: -0.375804
		> Current dispersal: 0.000000
		> Current impurity: 0.768622
	----------------------------------------
	Neighbor #nodes: 4
	Neighbor energy: -0.353372
		> Neighbor dispersal: 0.252525
		> Neighbor impurity: 0.768622
	----------------------------------------
	Current best state @ step [3]
	Current best state #nodes: 2
	Current best state energy: -0.375804
		> Current best state dispersal: 0.000000
		> Current best state impurity: 0.768622
	Probability of moving: 7.680401476179534e-06
Step [169]	propose "merge" on `case:customer_type`
	Current temperature:	0.002
	Current #nodes: 2
	Current energy: -0.375804
		> Current dispersal: 0.000000
		> Current impurity: 0.768622
	----------------------------------------
	Neighbor #nodes: 1
	Neighbor energy: 0.000000
		> Neighbor dispersal: 0.000000
		> Neighbor impurity: 1.000000
	----------------------------------------
	Current best state @ step [3]
	Current best state #nodes: 2
	Current best state energy: -0.375804
		> Current best state dispersal: 0.000000
		> Current best state impurity: 0.768622
	Probability of moving: 6.391330140639924e-91
Step [169]	propose "merge" on `case:customer_type`
	Current temperature:	0.002
	Current #nodes: 2
	Current energy: -0.375804
		> Current dispersal: 0.000000
		> Current impurity: 0.768622
	----------------------------------------
	Neighbor #nodes: 1
	Neighbor energy: 0.000000
		> Neighbor dispersal: 0.000000
		> Neighbor impurity: 1.000000
	----------------------------------------
	Current best state @ step [3]
	Current best state #nodes: 2
	Current best state energy: -0.375804
		> Current best state dispersal: 0.000000
		> Current best state impurity: 0.768622
	Probability of moving: 6.391330140639924e-91
Step [169]	propose "split" on `concept:name`
	Current temperature:	0.002
	Current #nodes: 2
	Current energy: -0.375804
		> Current dispersal: 0.000000
		> Current impurity: 0.768622
	----------------------------------------
	Neighbor #nodes: 4
	Neighbor energy: -0.353372
		> Neighbor dispersal: 0.252525
		> Neighbor impurity: 0.768622
	----------------------------------------
	Current best state @ step [3]
	Current best state #nodes: 2
	Current best state energy: -0.375804
		> Current best state dispersal: 0.000000
		> Current best state impurity: 0.768622
	Probability of moving: 4.132316739702682e-06
Step [169]	propose "merge" on `case:customer_type`
	Current temperature:	0.002
	Current #nodes: 2
	Current energy: -0.375804
		> Current dispersal: 0.000000
		> Current impurity: 0.768622
	----------------------------------------
	Neighbor #nodes: 1
	Neighbor energy: 0.000000
		> Neighbor dispersal: 0.000000
		> Neighbor impurity: 1.000000
	----------------------------------------
	Current best state @ step [3]
	Current best state #nodes: 2
	Current best state energy: -0.375804
		> Current best state dispersal: 0.000000
		> Current best state impurity: 0.768622
	Probability of moving: 6.391330140639924e-91
Step [170]	propose "split" on `concept:name`
	Current temperature:	0.002
	Current #nodes: 2
	Current energy: -0.375804
		> Current dispersal: 0.000000
		> Current impurity: 0.768622
	----------------------------------------
	Neighbor #nodes: 4
	Neighbor energy: -0.353372
		> Neighbor dispersal: 0.252525
		> Neighbor impurity: 0.768622
	----------------------------------------
	Current best state @ step [3]
	Current best state #nodes: 2
	Current best state energy: -0.375804
		> Current best state dispersal: 0.000000
		> Current best state impurity: 0.768622
	Probability of moving: 2.151965829994111e-06
Step [170]	propose "merge" on `case:customer_type`
	Current temperature:	0.002
	Current #nodes: 2
	Current energy: -0.375804
		> Current dispersal: 0.000000
		> Current impurity: 0.768622
	----------------------------------------
	Neighbor #nodes: 1
	Neighbor energy: 0.000000
		> Neighbor dispersal: 0.000000
		> Neighbor impurity: 1.000000
	----------------------------------------
	Current best state @ step [3]
	Current best state #nodes: 2
	Current best state energy: -0.375804
		> Current best state dispersal: 0.000000
		> Current best state impurity: 0.768622
	Probability of moving: 1.144239950135147e-95
Step [170]	propose "split" on `concept:name`
	Current temperature:	0.002
	Current #nodes: 2
	Current energy: -0.375804
		> Current dispersal: 0.000000
		> Current impurity: 0.768622
	----------------------------------------
	Neighbor #nodes: 4
	Neighbor energy: -0.353372
		> Neighbor dispersal: 0.252525
		> Neighbor impurity: 0.768622
	----------------------------------------
	Current best state @ step [3]
	Current best state #nodes: 2
	Current best state energy: -0.375804
		> Current best state dispersal: 0.000000
		> Current best state impurity: 0.768622
	Probability of moving: 2.151965829994111e-06
Step [170]	propose "merge" on `case:customer_type`
	Current temperature:	0.002
	Current #nodes: 2
	Current energy: -0.375804
		> Current dispersal: 0.000000
		> Current impurity: 0.768622
	----------------------------------------
	Neighbor #nodes: 1
	Neighbor energy: 0.000000
		> Neighbor dispersal: 0.000000
		> Neighbor impurity: 1.000000
	----------------------------------------
	Current best state @ step [3]
	Current best state #nodes: 2
	Current best state energy: -0.375804
		> Current best state dispersal: 0.000000
		> Current best state impurity: 0.768622
	Probability of moving: 1.144239950135147e-95
Step [171]	propose "split" on `concept:name`
	Current temperature:	0.002
	Current #nodes: 2
	Current energy: -0.375804
		> Current dispersal: 0.000000
		> Current impurity: 0.768622
	----------------------------------------
	Neighbor #nodes: 4
	Neighbor energy: -0.353372
		> Neighbor dispersal: 0.252525
		> Neighbor impurity: 0.768622
	----------------------------------------
	Current best state @ step [3]
	Current best state #nodes: 2
	Current best state energy: -0.375804
		> Current best state dispersal: 0.000000
		> Current best state impurity: 0.768622
	Probability of moving: 1.0828381507930862e-06
Step [171]	propose "merge" on `case:customer_type`
	Current temperature:	0.002
	Current #nodes: 2
	Current energy: -0.375804
		> Current dispersal: 0.000000
		> Current impurity: 0.768622
	----------------------------------------
	Neighbor #nodes: 1
	Neighbor energy: 0.000000
		> Neighbor dispersal: 0.000000
		> Neighbor impurity: 1.000000
	----------------------------------------
	Current best state @ step [3]
	Current best state #nodes: 2
	Current best state energy: -0.375804
		> Current best state dispersal: 0.000000
		> Current best state impurity: 0.768622
	Probability of moving: 1.1523832958630564e-100
Step [171]	propose "split" on `concept:name`
	Current temperature:	0.002
	Current #nodes: 2
	Current energy: -0.375804
		> Current dispersal: 0.000000
		> Current impurity: 0.768622
	----------------------------------------
	Neighbor #nodes: 4
	Neighbor energy: -0.353372
		> Neighbor dispersal: 0.252525
		> Neighbor impurity: 0.768622
	----------------------------------------
	Current best state @ step [3]
	Current best state #nodes: 2
	Current best state energy: -0.375804
		> Current best state dispersal: 0.000000
		> Current best state impurity: 0.768622
	Probability of moving: 1.0828381507930862e-06
Step [171]	propose "merge" on `case:customer_type`
	Current temperature:	0.002
	Current #nodes: 2
	Current energy: -0.375804
		> Current dispersal: 0.000000
		> Current impurity: 0.768622
	----------------------------------------
	Neighbor #nodes: 1
	Neighbor energy: 0.000000
		> Neighbor dispersal: 0.000000
		> Neighbor impurity: 1.000000
	----------------------------------------
	Current best state @ step [3]
	Current best state #nodes: 2
	Current best state energy: -0.375804
		> Current best state dispersal: 0.000000
		> Current best state impurity: 0.768622
	Probability of moving: 1.1523832958630564e-100
Step [172]	propose "merge" on `case:customer_type`
	Current temperature:	0.002
	Current #nodes: 2
	Current energy: -0.375804
		> Current dispersal: 0.000000
		> Current impurity: 0.768622
	----------------------------------------
	Neighbor #nodes: 1
	Neighbor energy: 0.000000
		> Neighbor dispersal: 0.000000
		> Neighbor impurity: 1.000000
	----------------------------------------
	Current best state @ step [3]
	Current best state #nodes: 2
	Current best state energy: -0.375804
		> Current best state dispersal: 0.000000
		> Current best state impurity: 0.768622
	Probability of moving: 6.334042960817767e-106
Step [172]	propose "split" on `concept:name`
	Current temperature:	0.002
	Current #nodes: 2
	Current energy: -0.375804
		> Current dispersal: 0.000000
		> Current impurity: 0.768622
	----------------------------------------
	Neighbor #nodes: 4
	Neighbor energy: -0.353372
		> Neighbor dispersal: 0.252525
		> Neighbor impurity: 0.768622
	----------------------------------------
	Current best state @ step [3]
	Current best state #nodes: 2
	Current best state energy: -0.375804
		> Current best state dispersal: 0.000000
		> Current best state impurity: 0.768622
	Probability of moving: 5.255247919784767e-07
Step [172]	propose "split" on `concept:name`
	Current temperature:	0.002
	Current #nodes: 2
	Current energy: -0.375804
		> Current dispersal: 0.000000
		> Current impurity: 0.768622
	----------------------------------------
	Neighbor #nodes: 4
	Neighbor energy: -0.353372
		> Neighbor dispersal: 0.252525
		> Neighbor impurity: 0.768622
	----------------------------------------
	Current best state @ step [3]
	Current best state #nodes: 2
	Current best state energy: -0.375804
		> Current best state dispersal: 0.000000
		> Current best state impurity: 0.768622
	Probability of moving: 5.255247919784767e-07
Step [172]	propose "merge" on `case:customer_type`
	Current temperature:	0.002
	Current #nodes: 2
	Current energy: -0.375804
		> Current dispersal: 0.000000
		> Current impurity: 0.768622
	----------------------------------------
	Neighbor #nodes: 1
	Neighbor energy: 0.000000
		> Neighbor dispersal: 0.000000
		> Neighbor impurity: 1.000000
	----------------------------------------
	Current best state @ step [3]
	Current best state #nodes: 2
	Current best state energy: -0.375804
		> Current best state dispersal: 0.000000
		> Current best state impurity: 0.768622
	Probability of moving: 6.334042960817767e-106
Step [173]	propose "split" on `concept:name`
	Current temperature:	0.001
	Current #nodes: 2
	Current energy: -0.375804
		> Current dispersal: 0.000000
		> Current impurity: 0.768622
	----------------------------------------
	Neighbor #nodes: 4
	Neighbor energy: -0.353372
		> Neighbor dispersal: 0.252525
		> Neighbor impurity: 0.768622
	----------------------------------------
	Current best state @ step [3]
	Current best state #nodes: 2
	Current best state energy: -0.375804
		> Current best state dispersal: 0.000000
		> Current best state impurity: 0.768622
	Probability of moving: 2.4552635399657985e-07
Step [173]	propose "merge" on `case:customer_type`
	Current temperature:	0.001
	Current #nodes: 2
	Current energy: -0.375804
		> Current dispersal: 0.000000
		> Current impurity: 0.768622
	----------------------------------------
	Neighbor #nodes: 1
	Neighbor energy: 0.000000
		> Neighbor dispersal: 0.000000
		> Neighbor impurity: 1.000000
	----------------------------------------
	Current best state @ step [3]
	Current best state #nodes: 2
	Current best state energy: -0.375804
		> Current best state dispersal: 0.000000
		> Current best state impurity: 0.768622
	Probability of moving: 1.8404641965682893e-111
Step [173]	propose "split" on `concept:name`
	Current temperature:	0.001
	Current #nodes: 2
	Current energy: -0.375804
		> Current dispersal: 0.000000
		> Current impurity: 0.768622
	----------------------------------------
	Neighbor #nodes: 4
	Neighbor energy: -0.353372
		> Neighbor dispersal: 0.252525
		> Neighbor impurity: 0.768622
	----------------------------------------
	Current best state @ step [3]
	Current best state #nodes: 2
	Current best state energy: -0.375804
		> Current best state dispersal: 0.000000
		> Current best state impurity: 0.768622
	Probability of moving: 2.4552635399657985e-07
Step [173]	propose "split" on `concept:name`
	Current temperature:	0.001
	Current #nodes: 2
	Current energy: -0.375804
		> Current dispersal: 0.000000
		> Current impurity: 0.768622
	----------------------------------------
	Neighbor #nodes: 4
	Neighbor energy: -0.353372
		> Neighbor dispersal: 0.252525
		> Neighbor impurity: 0.768622
	----------------------------------------
	Current best state @ step [3]
	Current best state #nodes: 2
	Current best state energy: -0.375804
		> Current best state dispersal: 0.000000
		> Current best state impurity: 0.768622
	Probability of moving: 2.4552635399657985e-07
Step [174]	propose "merge" on `case:customer_type`
	Current temperature:	0.001
	Current #nodes: 2
	Current energy: -0.375804
		> Current dispersal: 0.000000
		> Current impurity: 0.768622
	----------------------------------------
	Neighbor #nodes: 1
	Neighbor energy: 0.000000
		> Neighbor dispersal: 0.000000
		> Neighbor impurity: 1.000000
	----------------------------------------
	Current best state @ step [3]
	Current best state #nodes: 2
	Current best state energy: -0.375804
		> Current best state dispersal: 0.000000
		> Current best state impurity: 0.768622
	Probability of moving: 2.7337931824770143e-117
Step [174]	propose "merge" on `case:customer_type`
	Current temperature:	0.001
	Current #nodes: 2
	Current energy: -0.375804
		> Current dispersal: 0.000000
		> Current impurity: 0.768622
	----------------------------------------
	Neighbor #nodes: 1
	Neighbor energy: 0.000000
		> Neighbor dispersal: 0.000000
		> Neighbor impurity: 1.000000
	----------------------------------------
	Current best state @ step [3]
	Current best state #nodes: 2
	Current best state energy: -0.375804
		> Current best state dispersal: 0.000000
		> Current best state impurity: 0.768622
	Probability of moving: 2.7337931824770143e-117
Step [174]	propose "split" on `concept:name`
	Current temperature:	0.001
	Current #nodes: 2
	Current energy: -0.375804
		> Current dispersal: 0.000000
		> Current impurity: 0.768622
	----------------------------------------
	Neighbor #nodes: 4
	Neighbor energy: -0.353372
		> Neighbor dispersal: 0.252525
		> Neighbor impurity: 0.768622
	----------------------------------------
	Current best state @ step [3]
	Current best state #nodes: 2
	Current best state energy: -0.375804
		> Current best state dispersal: 0.000000
		> Current best state impurity: 0.768622
	Probability of moving: 1.1020683794789359e-07
Step [174]	propose "split" on `concept:name`
	Current temperature:	0.001
	Current #nodes: 2
	Current energy: -0.375804
		> Current dispersal: 0.000000
		> Current impurity: 0.768622
	----------------------------------------
	Neighbor #nodes: 4
	Neighbor energy: -0.353372
		> Neighbor dispersal: 0.252525
		> Neighbor impurity: 0.768622
	----------------------------------------
	Current best state @ step [3]
	Current best state #nodes: 2
	Current best state energy: -0.375804
		> Current best state dispersal: 0.000000
		> Current best state impurity: 0.768622
	Probability of moving: 1.1020683794789359e-07
Step [175]	propose "split" on `concept:name`
	Current temperature:	0.001
	Current #nodes: 2
	Current energy: -0.375804
		> Current dispersal: 0.000000
		> Current impurity: 0.768622
	----------------------------------------
	Neighbor #nodes: 4
	Neighbor energy: -0.353372
		> Neighbor dispersal: 0.252525
		> Neighbor impurity: 0.768622
	----------------------------------------
	Current best state @ step [3]
	Current best state #nodes: 2
	Current best state energy: -0.375804
		> Current best state dispersal: 0.000000
		> Current best state impurity: 0.768622
	Probability of moving: 4.7425180378100116e-08
Step [175]	propose "merge" on `case:customer_type`
	Current temperature:	0.001
	Current #nodes: 2
	Current energy: -0.375804
		> Current dispersal: 0.000000
		> Current impurity: 0.768622
	----------------------------------------
	Neighbor #nodes: 1
	Neighbor energy: 0.000000
		> Neighbor dispersal: 0.000000
		> Neighbor impurity: 1.000000
	----------------------------------------
	Current best state @ step [3]
	Current best state #nodes: 2
	Current best state energy: -0.375804
		> Current best state dispersal: 0.000000
		> Current best state impurity: 0.768622
	Probability of moving: 2.0038194391551347e-123
Step [175]	propose "merge" on `case:customer_type`
	Current temperature:	0.001
	Current #nodes: 2
	Current energy: -0.375804
		> Current dispersal: 0.000000
		> Current impurity: 0.768622
	----------------------------------------
	Neighbor #nodes: 1
	Neighbor energy: 0.000000
		> Neighbor dispersal: 0.000000
		> Neighbor impurity: 1.000000
	----------------------------------------
	Current best state @ step [3]
	Current best state #nodes: 2
	Current best state energy: -0.375804
		> Current best state dispersal: 0.000000
		> Current best state impurity: 0.768622
	Probability of moving: 2.0038194391551347e-123
Step [175]	propose "merge" on `case:customer_type`
	Current temperature:	0.001
	Current #nodes: 2
	Current energy: -0.375804
		> Current dispersal: 0.000000
		> Current impurity: 0.768622
	----------------------------------------
	Neighbor #nodes: 1
	Neighbor energy: 0.000000
		> Neighbor dispersal: 0.000000
		> Neighbor impurity: 1.000000
	----------------------------------------
	Current best state @ step [3]
	Current best state #nodes: 2
	Current best state energy: -0.375804
		> Current best state dispersal: 0.000000
		> Current best state impurity: 0.768622
	Probability of moving: 2.0038194391551347e-123
Step [176]	propose "merge" on `case:customer_type`
	Current temperature:	0.001
	Current #nodes: 2
	Current energy: -0.375804
		> Current dispersal: 0.000000
		> Current impurity: 0.768622
	----------------------------------------
	Neighbor #nodes: 1
	Neighbor energy: 0.000000
		> Neighbor dispersal: 0.000000
		> Neighbor impurity: 1.000000
	----------------------------------------
	Current best state @ step [3]
	Current best state #nodes: 2
	Current best state energy: -0.375804
		> Current best state dispersal: 0.000000
		> Current best state impurity: 0.768622
	Probability of moving: 6.983315585569268e-130
Step [176]	propose "merge" on `case:customer_type`
	Current temperature:	0.001
	Current #nodes: 2
	Current energy: -0.375804
		> Current dispersal: 0.000000
		> Current impurity: 0.768622
	----------------------------------------
	Neighbor #nodes: 1
	Neighbor energy: 0.000000
		> Neighbor dispersal: 0.000000
		> Neighbor impurity: 1.000000
	----------------------------------------
	Current best state @ step [3]
	Current best state #nodes: 2
	Current best state energy: -0.375804
		> Current best state dispersal: 0.000000
		> Current best state impurity: 0.768622
	Probability of moving: 6.983315585569268e-130
Step [176]	propose "merge" on `case:customer_type`
	Current temperature:	0.001
	Current #nodes: 2
	Current energy: -0.375804
		> Current dispersal: 0.000000
		> Current impurity: 0.768622
	----------------------------------------
	Neighbor #nodes: 1
	Neighbor energy: 0.000000
		> Neighbor dispersal: 0.000000
		> Neighbor impurity: 1.000000
	----------------------------------------
	Current best state @ step [3]
	Current best state #nodes: 2
	Current best state energy: -0.375804
		> Current best state dispersal: 0.000000
		> Current best state impurity: 0.768622
	Probability of moving: 6.983315585569268e-130
Step [176]	propose "merge" on `case:customer_type`
	Current temperature:	0.001
	Current #nodes: 2
	Current energy: -0.375804
		> Current dispersal: 0.000000
		> Current impurity: 0.768622
	----------------------------------------
	Neighbor #nodes: 1
	Neighbor energy: 0.000000
		> Neighbor dispersal: 0.000000
		> Neighbor impurity: 1.000000
	----------------------------------------
	Current best state @ step [3]
	Current best state #nodes: 2
	Current best state energy: -0.375804
		> Current best state dispersal: 0.000000
		> Current best state impurity: 0.768622
	Probability of moving: 6.983315585569268e-130
Step [177]	propose "split" on `concept:name`
	Current temperature:	0.001
	Current #nodes: 2
	Current energy: -0.375804
		> Current dispersal: 0.000000
		> Current impurity: 0.768622
	----------------------------------------
	Neighbor #nodes: 4
	Neighbor energy: -0.353372
		> Neighbor dispersal: 0.252525
		> Neighbor impurity: 0.768622
	----------------------------------------
	Current best state @ step [3]
	Current best state #nodes: 2
	Current best state energy: -0.375804
		> Current best state dispersal: 0.000000
		> Current best state impurity: 0.768622
	Probability of moving: 7.669631634434313e-09
Step [177]	propose "split" on `concept:name`
	Current temperature:	0.001
	Current #nodes: 2
	Current energy: -0.375804
		> Current dispersal: 0.000000
		> Current impurity: 0.768622
	----------------------------------------
	Neighbor #nodes: 4
	Neighbor energy: -0.353372
		> Neighbor dispersal: 0.252525
		> Neighbor impurity: 0.768622
	----------------------------------------
	Current best state @ step [3]
	Current best state #nodes: 2
	Current best state energy: -0.375804
		> Current best state dispersal: 0.000000
		> Current best state impurity: 0.768622
	Probability of moving: 7.669631634434313e-09
Step [177]	propose "merge" on `case:customer_type`
	Current temperature:	0.001
	Current #nodes: 2
	Current energy: -0.375804
		> Current dispersal: 0.000000
		> Current impurity: 0.768622
	----------------------------------------
	Neighbor #nodes: 1
	Neighbor energy: 0.000000
		> Neighbor dispersal: 0.000000
		> Neighbor impurity: 1.000000
	----------------------------------------
	Current best state @ step [3]
	Current best state #nodes: 2
	Current best state energy: -0.375804
		> Current best state dispersal: 0.000000
		> Current best state impurity: 0.768622
	Probability of moving: 1.1127067024367484e-136
Step [177]	propose "split" on `concept:name`
	Current temperature:	0.001
	Current #nodes: 2
	Current energy: -0.375804
		> Current dispersal: 0.000000
		> Current impurity: 0.768622
	----------------------------------------
	Neighbor #nodes: 4
	Neighbor energy: -0.353372
		> Neighbor dispersal: 0.252525
		> Neighbor impurity: 0.768622
	----------------------------------------
	Current best state @ step [3]
	Current best state #nodes: 2
	Current best state energy: -0.375804
		> Current best state dispersal: 0.000000
		> Current best state impurity: 0.768622
	Probability of moving: 7.669631634434313e-09
Step [178]	propose "split" on `concept:name`
	Current temperature:	0.001
	Current #nodes: 2
	Current energy: -0.375804
		> Current dispersal: 0.000000
		> Current impurity: 0.768622
	----------------------------------------
	Neighbor #nodes: 4
	Neighbor energy: -0.353372
		> Neighbor dispersal: 0.252525
		> Neighbor impurity: 0.768622
	----------------------------------------
	Current best state @ step [3]
	Current best state #nodes: 2
	Current best state energy: -0.375804
		> Current best state dispersal: 0.000000
		> Current best state impurity: 0.768622
	Probability of moving: 2.8685166457136217e-09
Step [178]	propose "split" on `concept:name`
	Current temperature:	0.001
	Current #nodes: 2
	Current energy: -0.375804
		> Current dispersal: 0.000000
		> Current impurity: 0.768622
	----------------------------------------
	Neighbor #nodes: 4
	Neighbor energy: -0.353372
		> Neighbor dispersal: 0.252525
		> Neighbor impurity: 0.768622
	----------------------------------------
	Current best state @ step [3]
	Current best state #nodes: 2
	Current best state energy: -0.375804
		> Current best state dispersal: 0.000000
		> Current best state impurity: 0.768622
	Probability of moving: 2.8685166457136217e-09
Step [178]	propose "merge" on `case:customer_type`
	Current temperature:	0.001
	Current #nodes: 2
	Current energy: -0.375804
		> Current dispersal: 0.000000
		> Current impurity: 0.768622
	----------------------------------------
	Neighbor #nodes: 1
	Neighbor energy: 0.000000
		> Neighbor dispersal: 0.000000
		> Neighbor impurity: 1.000000
	----------------------------------------
	Current best state @ step [3]
	Current best state #nodes: 2
	Current best state energy: -0.375804
		> Current best state dispersal: 0.000000
		> Current best state impurity: 0.768622
	Probability of moving: 7.779058847739781e-144
Step [178]	propose "split" on `concept:name`
	Current temperature:	0.001
	Current #nodes: 2
	Current energy: -0.375804
		> Current dispersal: 0.000000
		> Current impurity: 0.768622
	----------------------------------------
	Neighbor #nodes: 4
	Neighbor energy: -0.353372
		> Neighbor dispersal: 0.252525
		> Neighbor impurity: 0.768622
	----------------------------------------
	Current best state @ step [3]
	Current best state #nodes: 2
	Current best state energy: -0.375804
		> Current best state dispersal: 0.000000
		> Current best state impurity: 0.768622
	Probability of moving: 2.8685166457136217e-09
Step [179]	propose "split" on `concept:name`
	Current temperature:	0.001
	Current #nodes: 2
	Current energy: -0.375804
		> Current dispersal: 0.000000
		> Current impurity: 0.768622
	----------------------------------------
	Neighbor #nodes: 4
	Neighbor energy: -0.353372
		> Neighbor dispersal: 0.252525
		> Neighbor impurity: 0.768622
	----------------------------------------
	Current best state @ step [3]
	Current best state #nodes: 2
	Current best state energy: -0.375804
		> Current best state dispersal: 0.000000
		> Current best state impurity: 0.768622
	Probability of moving: 1.0187330458188152e-09
Step [179]	propose "merge" on `case:customer_type`
	Current temperature:	0.001
	Current #nodes: 2
	Current energy: -0.375804
		> Current dispersal: 0.000000
		> Current impurity: 0.768622
	----------------------------------------
	Neighbor #nodes: 1
	Neighbor energy: 0.000000
		> Neighbor dispersal: 0.000000
		> Neighbor impurity: 1.000000
	----------------------------------------
	Current best state @ step [3]
	Current best state #nodes: 2
	Current best state energy: -0.375804
		> Current best state dispersal: 0.000000
		> Current best state impurity: 0.768622
	Probability of moving: 2.2849178277535522e-151
Step [179]	propose "merge" on `case:customer_type`
	Current temperature:	0.001
	Current #nodes: 2
	Current energy: -0.375804
		> Current dispersal: 0.000000
		> Current impurity: 0.768622
	----------------------------------------
	Neighbor #nodes: 1
	Neighbor energy: 0.000000
		> Neighbor dispersal: 0.000000
		> Neighbor impurity: 1.000000
	----------------------------------------
	Current best state @ step [3]
	Current best state #nodes: 2
	Current best state energy: -0.375804
		> Current best state dispersal: 0.000000
		> Current best state impurity: 0.768622
	Probability of moving: 2.2849178277535522e-151
Step [179]	propose "merge" on `case:customer_type`
	Current temperature:	0.001
	Current #nodes: 2
	Current energy: -0.375804
		> Current dispersal: 0.000000
		> Current impurity: 0.768622
	----------------------------------------
	Neighbor #nodes: 1
	Neighbor energy: 0.000000
		> Neighbor dispersal: 0.000000
		> Neighbor impurity: 1.000000
	----------------------------------------
	Current best state @ step [3]
	Current best state #nodes: 2
	Current best state energy: -0.375804
		> Current best state dispersal: 0.000000
		> Current best state impurity: 0.768622
	Probability of moving: 2.2849178277535522e-151
Step [180]	propose "split" on `concept:name`
	Current temperature:	0.001
	Current #nodes: 2
	Current energy: -0.375804
		> Current dispersal: 0.000000
		> Current impurity: 0.768622
	----------------------------------------
	Neighbor #nodes: 4
	Neighbor energy: -0.353372
		> Neighbor dispersal: 0.252525
		> Neighbor impurity: 0.768622
	----------------------------------------
	Current best state @ step [3]
	Current best state #nodes: 2
	Current best state energy: -0.375804
		> Current best state dispersal: 0.000000
		> Current best state impurity: 0.768622
	Probability of moving: 3.426102997507373e-10
Step [180]	propose "split" on `concept:name`
	Current temperature:	0.001
	Current #nodes: 2
	Current energy: -0.375804
		> Current dispersal: 0.000000
		> Current impurity: 0.768622
	----------------------------------------
	Neighbor #nodes: 4
	Neighbor energy: -0.353372
		> Neighbor dispersal: 0.252525
		> Neighbor impurity: 0.768622
	----------------------------------------
	Current best state @ step [3]
	Current best state #nodes: 2
	Current best state energy: -0.375804
		> Current best state dispersal: 0.000000
		> Current best state impurity: 0.768622
	Probability of moving: 3.426102997507373e-10
Step [180]	propose "split" on `concept:name`
	Current temperature:	0.001
	Current #nodes: 2
	Current energy: -0.375804
		> Current dispersal: 0.000000
		> Current impurity: 0.768622
	----------------------------------------
	Neighbor #nodes: 4
	Neighbor energy: -0.353372
		> Neighbor dispersal: 0.252525
		> Neighbor impurity: 0.768622
	----------------------------------------
	Current best state @ step [3]
	Current best state #nodes: 2
	Current best state energy: -0.375804
		> Current best state dispersal: 0.000000
		> Current best state impurity: 0.768622
	Probability of moving: 3.426102997507373e-10
Step [180]	propose "split" on `concept:name`
	Current temperature:	0.001
	Current #nodes: 2
	Current energy: -0.375804
		> Current dispersal: 0.000000
		> Current impurity: 0.768622
	----------------------------------------
	Neighbor #nodes: 4
	Neighbor energy: -0.353372
		> Neighbor dispersal: 0.252525
		> Neighbor impurity: 0.768622
	----------------------------------------
	Current best state @ step [3]
	Current best state #nodes: 2
	Current best state energy: -0.375804
		> Current best state dispersal: 0.000000
		> Current best state impurity: 0.768622
	Probability of moving: 3.426102997507373e-10
Step [181]	propose "merge" on `case:customer_type`
	Current temperature:	0.001
	Current #nodes: 2
	Current energy: -0.375804
		> Current dispersal: 0.000000
		> Current impurity: 0.768622
	----------------------------------------
	Neighbor #nodes: 1
	Neighbor energy: 0.000000
		> Neighbor dispersal: 0.000000
		> Neighbor impurity: 1.000000
	----------------------------------------
	Current best state @ step [3]
	Current best state #nodes: 2
	Current best state energy: -0.375804
		> Current best state dispersal: 0.000000
		> Current best state impurity: 0.768622
	Probability of moving: 1.2151255372257638e-167
Step [181]	propose "split" on `concept:name`
	Current temperature:	0.001
	Current #nodes: 2
	Current energy: -0.375804
		> Current dispersal: 0.000000
		> Current impurity: 0.768622
	----------------------------------------
	Neighbor #nodes: 4
	Neighbor energy: -0.353372
		> Neighbor dispersal: 0.252525
		> Neighbor impurity: 0.768622
	----------------------------------------
	Current best state @ step [3]
	Current best state #nodes: 2
	Current best state energy: -0.375804
		> Current best state dispersal: 0.000000
		> Current best state impurity: 0.768622
	Probability of moving: 1.0880078169395475e-10
Step [181]	propose "split" on `concept:name`
	Current temperature:	0.001
	Current #nodes: 2
	Current energy: -0.375804
		> Current dispersal: 0.000000
		> Current impurity: 0.768622
	----------------------------------------
	Neighbor #nodes: 4
	Neighbor energy: -0.353372
		> Neighbor dispersal: 0.252525
		> Neighbor impurity: 0.768622
	----------------------------------------
	Current best state @ step [3]
	Current best state #nodes: 2
	Current best state energy: -0.375804
		> Current best state dispersal: 0.000000
		> Current best state impurity: 0.768622
	Probability of moving: 1.0880078169395475e-10
Step [181]	propose "split" on `concept:name`
	Current temperature:	0.001
	Current #nodes: 2
	Current energy: -0.375804
		> Current dispersal: 0.000000
		> Current impurity: 0.768622
	----------------------------------------
	Neighbor #nodes: 4
	Neighbor energy: -0.353372
		> Neighbor dispersal: 0.252525
		> Neighbor impurity: 0.768622
	----------------------------------------
	Current best state @ step [3]
	Current best state #nodes: 2
	Current best state energy: -0.375804
		> Current best state dispersal: 0.000000
		> Current best state impurity: 0.768622
	Probability of moving: 1.0880078169395475e-10
Step [182]	propose "merge" on `case:customer_type`
	Current temperature:	0.001
	Current #nodes: 2
	Current energy: -0.375804
		> Current dispersal: 0.000000
		> Current impurity: 0.768622
	----------------------------------------
	Neighbor #nodes: 1
	Neighbor energy: 0.000000
		> Neighbor dispersal: 0.000000
		> Neighbor impurity: 1.000000
	----------------------------------------
	Current best state @ step [3]
	Current best state #nodes: 2
	Current best state energy: -0.375804
		> Current best state dispersal: 0.000000
		> Current best state impurity: 0.768622
	Probability of moving: 1.993431003905562e-176
Step [182]	propose "merge" on `case:customer_type`
	Current temperature:	0.001
	Current #nodes: 2
	Current energy: -0.375804
		> Current dispersal: 0.000000
		> Current impurity: 0.768622
	----------------------------------------
	Neighbor #nodes: 1
	Neighbor energy: 0.000000
		> Neighbor dispersal: 0.000000
		> Neighbor impurity: 1.000000
	----------------------------------------
	Current best state @ step [3]
	Current best state #nodes: 2
	Current best state energy: -0.375804
		> Current best state dispersal: 0.000000
		> Current best state impurity: 0.768622
	Probability of moving: 1.993431003905562e-176
Step [182]	propose "split" on `concept:name`
	Current temperature:	0.001
	Current #nodes: 2
	Current energy: -0.375804
		> Current dispersal: 0.000000
		> Current impurity: 0.768622
	----------------------------------------
	Neighbor #nodes: 4
	Neighbor energy: -0.353372
		> Neighbor dispersal: 0.252525
		> Neighbor impurity: 0.768622
	----------------------------------------
	Current best state @ step [3]
	Current best state #nodes: 2
	Current best state energy: -0.375804
		> Current best state dispersal: 0.000000
		> Current best state impurity: 0.768622
	Probability of moving: 3.2527016273824144e-11
Step [182]	propose "split" on `concept:name`
	Current temperature:	0.001
	Current #nodes: 2
	Current energy: -0.375804
		> Current dispersal: 0.000000
		> Current impurity: 0.768622
	----------------------------------------
	Neighbor #nodes: 4
	Neighbor energy: -0.353372
		> Neighbor dispersal: 0.252525
		> Neighbor impurity: 0.768622
	----------------------------------------
	Current best state @ step [3]
	Current best state #nodes: 2
	Current best state energy: -0.375804
		> Current best state dispersal: 0.000000
		> Current best state impurity: 0.768622
	Probability of moving: 3.2527016273824144e-11
Step [183]	propose "merge" on `case:customer_type`
	Current temperature:	0.001
	Current #nodes: 2
	Current energy: -0.375804
		> Current dispersal: 0.000000
		> Current impurity: 0.768622
	----------------------------------------
	Neighbor #nodes: 1
	Neighbor energy: 0.000000
		> Neighbor dispersal: 0.000000
		> Neighbor impurity: 1.000000
	----------------------------------------
	Current best state @ step [3]
	Current best state #nodes: 2
	Current best state energy: -0.375804
		> Current best state dispersal: 0.000000
		> Current best state impurity: 0.768622
	Probability of moving: 1.1277473064842972e-185
Step [183]	propose "split" on `concept:name`
	Current temperature:	0.001
	Current #nodes: 2
	Current energy: -0.375804
		> Current dispersal: 0.000000
		> Current impurity: 0.768622
	----------------------------------------
	Neighbor #nodes: 4
	Neighbor energy: -0.353372
		> Neighbor dispersal: 0.252525
		> Neighbor impurity: 0.768622
	----------------------------------------
	Current best state @ step [3]
	Current best state #nodes: 2
	Current best state energy: -0.375804
		> Current best state dispersal: 0.000000
		> Current best state impurity: 0.768622
	Probability of moving: 9.1255086483463e-12
Step [183]	propose "merge" on `case:customer_type`
	Current temperature:	0.001
	Current #nodes: 2
	Current energy: -0.375804
		> Current dispersal: 0.000000
		> Current impurity: 0.768622
	----------------------------------------
	Neighbor #nodes: 1
	Neighbor energy: 0.000000
		> Neighbor dispersal: 0.000000
		> Neighbor impurity: 1.000000
	----------------------------------------
	Current best state @ step [3]
	Current best state #nodes: 2
	Current best state energy: -0.375804
		> Current best state dispersal: 0.000000
		> Current best state impurity: 0.768622
	Probability of moving: 1.1277473064842972e-185
Step [183]	propose "split" on `concept:name`
	Current temperature:	0.001
	Current #nodes: 2
	Current energy: -0.375804
		> Current dispersal: 0.000000
		> Current impurity: 0.768622
	----------------------------------------
	Neighbor #nodes: 4
	Neighbor energy: -0.353372
		> Neighbor dispersal: 0.252525
		> Neighbor impurity: 0.768622
	----------------------------------------
	Current best state @ step [3]
	Current best state #nodes: 2
	Current best state energy: -0.375804
		> Current best state dispersal: 0.000000
		> Current best state impurity: 0.768622
	Probability of moving: 9.1255086483463e-12
Step [184]	propose "merge" on `case:customer_type`
	Current temperature:	0.001
	Current #nodes: 2
	Current energy: -0.375804
		> Current dispersal: 0.000000
		> Current impurity: 0.768622
	----------------------------------------
	Neighbor #nodes: 1
	Neighbor energy: 0.000000
		> Neighbor dispersal: 0.000000
		> Neighbor impurity: 1.000000
	----------------------------------------
	Current best state @ step [3]
	Current best state #nodes: 2
	Current best state energy: -0.375804
		> Current best state dispersal: 0.000000
		> Current best state impurity: 0.768622
	Probability of moving: 2.0802603077641583e-195
Step [184]	propose "split" on `concept:name`
	Current temperature:	0.001
	Current #nodes: 2
	Current energy: -0.375804
		> Current dispersal: 0.000000
		> Current impurity: 0.768622
	----------------------------------------
	Neighbor #nodes: 4
	Neighbor energy: -0.353372
		> Neighbor dispersal: 0.252525
		> Neighbor impurity: 0.768622
	----------------------------------------
	Current best state @ step [3]
	Current best state #nodes: 2
	Current best state energy: -0.375804
		> Current best state dispersal: 0.000000
		> Current best state impurity: 0.768622
	Probability of moving: 2.3945173050953944e-12
Step [184]	propose "merge" on `case:customer_type`
	Current temperature:	0.001
	Current #nodes: 2
	Current energy: -0.375804
		> Current dispersal: 0.000000
		> Current impurity: 0.768622
	----------------------------------------
	Neighbor #nodes: 1
	Neighbor energy: 0.000000
		> Neighbor dispersal: 0.000000
		> Neighbor impurity: 1.000000
	----------------------------------------
	Current best state @ step [3]
	Current best state #nodes: 2
	Current best state energy: -0.375804
		> Current best state dispersal: 0.000000
		> Current best state impurity: 0.768622
	Probability of moving: 2.0802603077641583e-195
Step [184]	propose "split" on `concept:name`
	Current temperature:	0.001
	Current #nodes: 2
	Current energy: -0.375804
		> Current dispersal: 0.000000
		> Current impurity: 0.768622
	----------------------------------------
	Neighbor #nodes: 4
	Neighbor energy: -0.353372
		> Neighbor dispersal: 0.252525
		> Neighbor impurity: 0.768622
	----------------------------------------
	Current best state @ step [3]
	Current best state #nodes: 2
	Current best state energy: -0.375804
		> Current best state dispersal: 0.000000
		> Current best state impurity: 0.768622
	Probability of moving: 2.3945173050953944e-12
Step [185]	propose "merge" on `case:customer_type`
	Current temperature:	0.001
	Current #nodes: 2
	Current energy: -0.375804
		> Current dispersal: 0.000000
		> Current impurity: 0.768622
	----------------------------------------
	Neighbor #nodes: 1
	Neighbor energy: 0.000000
		> Neighbor dispersal: 0.000000
		> Neighbor impurity: 1.000000
	----------------------------------------
	Current best state @ step [3]
	Current best state #nodes: 2
	Current best state energy: -0.375804
		> Current best state dispersal: 0.000000
		> Current best state impurity: 0.768622
	Probability of moving: 1.179513249864241e-205
Step [185]	propose "split" on `concept:name`
	Current temperature:	0.001
	Current #nodes: 2
	Current energy: -0.375804
		> Current dispersal: 0.000000
		> Current impurity: 0.768622
	----------------------------------------
	Neighbor #nodes: 4
	Neighbor energy: -0.353372
		> Neighbor dispersal: 0.252525
		> Neighbor impurity: 0.768622
	----------------------------------------
	Current best state @ step [3]
	Current best state #nodes: 2
	Current best state energy: -0.375804
		> Current best state dispersal: 0.000000
		> Current best state impurity: 0.768622
	Probability of moving: 5.855956927827348e-13
Step [185]	propose "split" on `concept:name`
	Current temperature:	0.001
	Current #nodes: 2
	Current energy: -0.375804
		> Current dispersal: 0.000000
		> Current impurity: 0.768622
	----------------------------------------
	Neighbor #nodes: 4
	Neighbor energy: -0.353372
		> Neighbor dispersal: 0.252525
		> Neighbor impurity: 0.768622
	----------------------------------------
	Current best state @ step [3]
	Current best state #nodes: 2
	Current best state energy: -0.375804
		> Current best state dispersal: 0.000000
		> Current best state impurity: 0.768622
	Probability of moving: 5.855956927827348e-13
Step [185]	propose "merge" on `case:customer_type`
	Current temperature:	0.001
	Current #nodes: 2
	Current energy: -0.375804
		> Current dispersal: 0.000000
		> Current impurity: 0.768622
	----------------------------------------
	Neighbor #nodes: 1
	Neighbor energy: 0.000000
		> Neighbor dispersal: 0.000000
		> Neighbor impurity: 1.000000
	----------------------------------------
	Current best state @ step [3]
	Current best state #nodes: 2
	Current best state energy: -0.375804
		> Current best state dispersal: 0.000000
		> Current best state impurity: 0.768622
	Probability of moving: 1.179513249864241e-205
Step [186]	propose "merge" on `case:customer_type`
	Current temperature:	0.001
	Current #nodes: 2
	Current energy: -0.375804
		> Current dispersal: 0.000000
		> Current impurity: 0.768622
	----------------------------------------
	Neighbor #nodes: 1
	Neighbor energy: 0.000000
		> Neighbor dispersal: 0.000000
		> Neighbor impurity: 1.000000
	----------------------------------------
	Current best state @ step [3]
	Current best state #nodes: 2
	Current best state energy: -0.375804
		> Current best state dispersal: 0.000000
		> Current best state impurity: 0.768622
	Probability of moving: 1.9319815400498405e-216
Step [186]	propose "split" on `concept:name`
	Current temperature:	0.001
	Current #nodes: 2
	Current energy: -0.375804
		> Current dispersal: 0.000000
		> Current impurity: 0.768622
	----------------------------------------
	Neighbor #nodes: 4
	Neighbor energy: -0.353372
		> Neighbor dispersal: 0.252525
		> Neighbor impurity: 0.768622
	----------------------------------------
	Current best state @ step [3]
	Current best state #nodes: 2
	Current best state energy: -0.375804
		> Current best state dispersal: 0.000000
		> Current best state impurity: 0.768622
	Probability of moving: 1.329802776804732e-13
Step [186]	propose "merge" on `case:customer_type`
	Current temperature:	0.001
	Current #nodes: 2
	Current energy: -0.375804
		> Current dispersal: 0.000000
		> Current impurity: 0.768622
	----------------------------------------
	Neighbor #nodes: 1
	Neighbor energy: 0.000000
		> Neighbor dispersal: 0.000000
		> Neighbor impurity: 1.000000
	----------------------------------------
	Current best state @ step [3]
	Current best state #nodes: 2
	Current best state energy: -0.375804
		> Current best state dispersal: 0.000000
		> Current best state impurity: 0.768622
	Probability of moving: 1.9319815400498405e-216
Step [186]	propose "split" on `concept:name`
	Current temperature:	0.001
	Current #nodes: 2
	Current energy: -0.375804
		> Current dispersal: 0.000000
		> Current impurity: 0.768622
	----------------------------------------
	Neighbor #nodes: 4
	Neighbor energy: -0.353372
		> Neighbor dispersal: 0.252525
		> Neighbor impurity: 0.768622
	----------------------------------------
	Current best state @ step [3]
	Current best state #nodes: 2
	Current best state energy: -0.375804
		> Current best state dispersal: 0.000000
		> Current best state impurity: 0.768622
	Probability of moving: 1.329802776804732e-13
Step [187]	propose "merge" on `case:customer_type`
	Current temperature:	0.001
	Current #nodes: 2
	Current energy: -0.375804
		> Current dispersal: 0.000000
		> Current impurity: 0.768622
	----------------------------------------
	Neighbor #nodes: 1
	Neighbor energy: 0.000000
		> Neighbor dispersal: 0.000000
		> Neighbor impurity: 1.000000
	----------------------------------------
	Current best state @ step [3]
	Current best state #nodes: 2
	Current best state energy: -0.375804
		> Current best state dispersal: 0.000000
		> Current best state impurity: 0.768622
	Probability of moving: 8.563172798212519e-228
Step [187]	propose "split" on `concept:name`
	Current temperature:	0.001
	Current #nodes: 2
	Current energy: -0.375804
		> Current dispersal: 0.000000
		> Current impurity: 0.768622
	----------------------------------------
	Neighbor #nodes: 4
	Neighbor energy: -0.353372
		> Neighbor dispersal: 0.252525
		> Neighbor impurity: 0.768622
	----------------------------------------
	Current best state @ step [3]
	Current best state #nodes: 2
	Current best state energy: -0.375804
		> Current best state dispersal: 0.000000
		> Current best state impurity: 0.768622
	Probability of moving: 2.7931343565406438e-14
Step [187]	propose "merge" on `case:customer_type`
	Current temperature:	0.001
	Current #nodes: 2
	Current energy: -0.375804
		> Current dispersal: 0.000000
		> Current impurity: 0.768622
	----------------------------------------
	Neighbor #nodes: 1
	Neighbor energy: 0.000000
		> Neighbor dispersal: 0.000000
		> Neighbor impurity: 1.000000
	----------------------------------------
	Current best state @ step [3]
	Current best state #nodes: 2
	Current best state energy: -0.375804
		> Current best state dispersal: 0.000000
		> Current best state impurity: 0.768622
	Probability of moving: 8.563172798212519e-228
Step [187]	propose "merge" on `case:customer_type`
	Current temperature:	0.001
	Current #nodes: 2
	Current energy: -0.375804
		> Current dispersal: 0.000000
		> Current impurity: 0.768622
	----------------------------------------
	Neighbor #nodes: 1
	Neighbor energy: 0.000000
		> Neighbor dispersal: 0.000000
		> Neighbor impurity: 1.000000
	----------------------------------------
	Current best state @ step [3]
	Current best state #nodes: 2
	Current best state energy: -0.375804
		> Current best state dispersal: 0.000000
		> Current best state impurity: 0.768622
	Probability of moving: 8.563172798212519e-228
Step [188]	propose "merge" on `case:customer_type`
	Current temperature:	0.001
	Current #nodes: 2
	Current energy: -0.375804
		> Current dispersal: 0.000000
		> Current impurity: 0.768622
	----------------------------------------
	Neighbor #nodes: 1
	Neighbor energy: 0.000000
		> Neighbor dispersal: 0.000000
		> Neighbor impurity: 1.000000
	----------------------------------------
	Current best state @ step [3]
	Current best state #nodes: 2
	Current best state energy: -0.375804
		> Current best state dispersal: 0.000000
		> Current best state impurity: 0.768622
	Probability of moving: 9.587839273479385e-240
Step [188]	propose "split" on `concept:name`
	Current temperature:	0.001
	Current #nodes: 2
	Current energy: -0.375804
		> Current dispersal: 0.000000
		> Current impurity: 0.768622
	----------------------------------------
	Neighbor #nodes: 4
	Neighbor energy: -0.353372
		> Neighbor dispersal: 0.252525
		> Neighbor impurity: 0.768622
	----------------------------------------
	Current best state @ step [3]
	Current best state #nodes: 2
	Current best state energy: -0.375804
		> Current best state dispersal: 0.000000
		> Current best state impurity: 0.768622
	Probability of moving: 5.4041604994890656e-15
Step [188]	propose "merge" on `case:customer_type`
	Current temperature:	0.001
	Current #nodes: 2
	Current energy: -0.375804
		> Current dispersal: 0.000000
		> Current impurity: 0.768622
	----------------------------------------
	Neighbor #nodes: 1
	Neighbor energy: 0.000000
		> Neighbor dispersal: 0.000000
		> Neighbor impurity: 1.000000
	----------------------------------------
	Current best state @ step [3]
	Current best state #nodes: 2
	Current best state energy: -0.375804
		> Current best state dispersal: 0.000000
		> Current best state impurity: 0.768622
	Probability of moving: 9.587839273479385e-240
Step [188]	propose "merge" on `case:customer_type`
	Current temperature:	0.001
	Current #nodes: 2
	Current energy: -0.375804
		> Current dispersal: 0.000000
		> Current impurity: 0.768622
	----------------------------------------
	Neighbor #nodes: 1
	Neighbor energy: 0.000000
		> Neighbor dispersal: 0.000000
		> Neighbor impurity: 1.000000
	----------------------------------------
	Current best state @ step [3]
	Current best state #nodes: 2
	Current best state energy: -0.375804
		> Current best state dispersal: 0.000000
		> Current best state impurity: 0.768622
	Probability of moving: 9.587839273479385e-240
Step [189]	propose "split" on `concept:name`
	Current temperature:	0.001
	Current #nodes: 2
	Current energy: -0.375804
		> Current dispersal: 0.000000
		> Current impurity: 0.768622
	----------------------------------------
	Neighbor #nodes: 4
	Neighbor energy: -0.353372
		> Neighbor dispersal: 0.252525
		> Neighbor impurity: 0.768622
	----------------------------------------
	Current best state @ step [3]
	Current best state #nodes: 2
	Current best state energy: -0.375804
		> Current best state dispersal: 0.000000
		> Current best state impurity: 0.768622
	Probability of moving: 9.590013061918544e-16
Step [189]	propose "merge" on `case:customer_type`
	Current temperature:	0.001
	Current #nodes: 2
	Current energy: -0.375804
		> Current dispersal: 0.000000
		> Current impurity: 0.768622
	----------------------------------------
	Neighbor #nodes: 1
	Neighbor energy: 0.000000
		> Neighbor dispersal: 0.000000
		> Neighbor impurity: 1.000000
	----------------------------------------
	Current best state @ step [3]
	Current best state #nodes: 2
	Current best state energy: -0.375804
		> Current best state dispersal: 0.000000
		> Current best state impurity: 0.768622
	Probability of moving: 2.5223846254849747e-252
Step [189]	propose "split" on `concept:name`
	Current temperature:	0.001
	Current #nodes: 2
	Current energy: -0.375804
		> Current dispersal: 0.000000
		> Current impurity: 0.768622
	----------------------------------------
	Neighbor #nodes: 4
	Neighbor energy: -0.353372
		> Neighbor dispersal: 0.252525
		> Neighbor impurity: 0.768622
	----------------------------------------
	Current best state @ step [3]
	Current best state #nodes: 2
	Current best state energy: -0.375804
		> Current best state dispersal: 0.000000
		> Current best state impurity: 0.768622
	Probability of moving: 9.590013061918544e-16
Step [189]	propose "merge" on `case:customer_type`
	Current temperature:	0.001
	Current #nodes: 2
	Current energy: -0.375804
		> Current dispersal: 0.000000
		> Current impurity: 0.768622
	----------------------------------------
	Neighbor #nodes: 1
	Neighbor energy: 0.000000
		> Neighbor dispersal: 0.000000
		> Neighbor impurity: 1.000000
	----------------------------------------
	Current best state @ step [3]
	Current best state #nodes: 2
	Current best state energy: -0.375804
		> Current best state dispersal: 0.000000
		> Current best state impurity: 0.768622
	Probability of moving: 2.5223846254849747e-252
Step [190]	propose "merge" on `case:customer_type`
	Current temperature:	0.001
	Current #nodes: 2
	Current energy: -0.375804
		> Current dispersal: 0.000000
		> Current impurity: 0.768622
	----------------------------------------
	Neighbor #nodes: 1
	Neighbor energy: 0.000000
		> Neighbor dispersal: 0.000000
		> Neighbor impurity: 1.000000
	----------------------------------------
	Current best state @ step [3]
	Current best state #nodes: 2
	Current best state energy: -0.375804
		> Current best state dispersal: 0.000000
		> Current best state impurity: 0.768622
	Probability of moving: 1.4447788639350535e-265
Step [190]	propose "split" on `concept:name`
	Current temperature:	0.001
	Current #nodes: 2
	Current energy: -0.375804
		> Current dispersal: 0.000000
		> Current impurity: 0.768622
	----------------------------------------
	Neighbor #nodes: 4
	Neighbor energy: -0.353372
		> Neighbor dispersal: 0.252525
		> Neighbor impurity: 0.768622
	----------------------------------------
	Current best state @ step [3]
	Current best state #nodes: 2
	Current best state energy: -0.375804
		> Current best state dispersal: 0.000000
		> Current best state impurity: 0.768622
	Probability of moving: 1.553776791597572e-16
Step [190]	propose "merge" on `case:customer_type`
	Current temperature:	0.001
	Current #nodes: 2
	Current energy: -0.375804
		> Current dispersal: 0.000000
		> Current impurity: 0.768622
	----------------------------------------
	Neighbor #nodes: 1
	Neighbor energy: 0.000000
		> Neighbor dispersal: 0.000000
		> Neighbor impurity: 1.000000
	----------------------------------------
	Current best state @ step [3]
	Current best state #nodes: 2
	Current best state energy: -0.375804
		> Current best state dispersal: 0.000000
		> Current best state impurity: 0.768622
	Probability of moving: 1.4447788639350535e-265
Step [190]	propose "merge" on `case:customer_type`
	Current temperature:	0.001
	Current #nodes: 2
	Current energy: -0.375804
		> Current dispersal: 0.000000
		> Current impurity: 0.768622
	----------------------------------------
	Neighbor #nodes: 1
	Neighbor energy: 0.000000
		> Neighbor dispersal: 0.000000
		> Neighbor impurity: 1.000000
	----------------------------------------
	Current best state @ step [3]
	Current best state #nodes: 2
	Current best state energy: -0.375804
		> Current best state dispersal: 0.000000
		> Current best state impurity: 0.768622
	Probability of moving: 1.4447788639350535e-265
Step [191]	propose "merge" on `case:customer_type`
	Current temperature:	0.001
	Current #nodes: 2
	Current energy: -0.375804
		> Current dispersal: 0.000000
		> Current impurity: 0.768622
	----------------------------------------
	Neighbor #nodes: 1
	Neighbor energy: 0.000000
		> Neighbor dispersal: 0.000000
		> Neighbor impurity: 1.000000
	----------------------------------------
	Current best state @ step [3]
	Current best state #nodes: 2
	Current best state energy: -0.375804
		> Current best state dispersal: 0.000000
		> Current best state impurity: 0.768622
	Probability of moving: 1.662813560079917e-279
Step [191]	propose "split" on `concept:name`
	Current temperature:	0.001
	Current #nodes: 2
	Current energy: -0.375804
		> Current dispersal: 0.000000
		> Current impurity: 0.768622
	----------------------------------------
	Neighbor #nodes: 4
	Neighbor energy: -0.353372
		> Neighbor dispersal: 0.252525
		> Neighbor impurity: 0.768622
	----------------------------------------
	Current best state @ step [3]
	Current best state #nodes: 2
	Current best state energy: -0.375804
		> Current best state dispersal: 0.000000
		> Current best state impurity: 0.768622
	Probability of moving: 2.2874755083943752e-17
Step [191]	propose "merge" on `case:customer_type`
	Current temperature:	0.001
	Current #nodes: 2
	Current energy: -0.375804
		> Current dispersal: 0.000000
		> Current impurity: 0.768622
	----------------------------------------
	Neighbor #nodes: 1
	Neighbor energy: 0.000000
		> Neighbor dispersal: 0.000000
		> Neighbor impurity: 1.000000
	----------------------------------------
	Current best state @ step [3]
	Current best state #nodes: 2
	Current best state energy: -0.375804
		> Current best state dispersal: 0.000000
		> Current best state impurity: 0.768622
	Probability of moving: 1.662813560079917e-279
Step [191]	propose "split" on `concept:name`
	Current temperature:	0.001
	Current #nodes: 2
	Current energy: -0.375804
		> Current dispersal: 0.000000
		> Current impurity: 0.768622
	----------------------------------------
	Neighbor #nodes: 4
	Neighbor energy: -0.353372
		> Neighbor dispersal: 0.252525
		> Neighbor impurity: 0.768622
	----------------------------------------
	Current best state @ step [3]
	Current best state #nodes: 2
	Current best state energy: -0.375804
		> Current best state dispersal: 0.000000
		> Current best state impurity: 0.768622
	Probability of moving: 2.2874755083943752e-17
Step [192]	propose "merge" on `case:customer_type`
	Current temperature:	0.001
	Current #nodes: 2
	Current energy: -0.375804
		> Current dispersal: 0.000000
		> Current impurity: 0.768622
	----------------------------------------
	Neighbor #nodes: 1
	Neighbor energy: 0.000000
		> Neighbor dispersal: 0.000000
		> Neighbor impurity: 1.000000
	----------------------------------------
	Current best state @ step [3]
	Current best state #nodes: 2
	Current best state energy: -0.375804
		> Current best state dispersal: 0.000000
		> Current best state impurity: 0.768622
	Probability of moving: 3.5339172533858875e-294
Step [192]	propose "merge" on `case:customer_type`
	Current temperature:	0.001
	Current #nodes: 2
	Current energy: -0.375804
		> Current dispersal: 0.000000
		> Current impurity: 0.768622
	----------------------------------------
	Neighbor #nodes: 1
	Neighbor energy: 0.000000
		> Neighbor dispersal: 0.000000
		> Neighbor impurity: 1.000000
	----------------------------------------
	Current best state @ step [3]
	Current best state #nodes: 2
	Current best state energy: -0.375804
		> Current best state dispersal: 0.000000
		> Current best state impurity: 0.768622
	Probability of moving: 3.5339172533858875e-294
Step [192]	propose "merge" on `case:customer_type`
	Current temperature:	0.001
	Current #nodes: 2
	Current energy: -0.375804
		> Current dispersal: 0.000000
		> Current impurity: 0.768622
	----------------------------------------
	Neighbor #nodes: 1
	Neighbor energy: 0.000000
		> Neighbor dispersal: 0.000000
		> Neighbor impurity: 1.000000
	----------------------------------------
	Current best state @ step [3]
	Current best state #nodes: 2
	Current best state energy: -0.375804
		> Current best state dispersal: 0.000000
		> Current best state impurity: 0.768622
	Probability of moving: 3.5339172533858875e-294
Step [192]	propose "split" on `concept:name`
	Current temperature:	0.001
	Current #nodes: 2
	Current energy: -0.375804
		> Current dispersal: 0.000000
		> Current impurity: 0.768622
	----------------------------------------
	Neighbor #nodes: 4
	Neighbor energy: -0.353372
		> Neighbor dispersal: 0.252525
		> Neighbor impurity: 0.768622
	----------------------------------------
	Current best state @ step [3]
	Current best state #nodes: 2
	Current best state energy: -0.375804
		> Current best state dispersal: 0.000000
		> Current best state impurity: 0.768622
	Probability of moving: 3.04462008652926e-18
Step [193]	propose "split" on `concept:name`
	Current temperature:	0.001
	Current #nodes: 2
	Current energy: -0.375804
		> Current dispersal: 0.000000
		> Current impurity: 0.768622
	----------------------------------------
	Neighbor #nodes: 4
	Neighbor energy: -0.353372
		> Neighbor dispersal: 0.252525
		> Neighbor impurity: 0.768622
	----------------------------------------
	Current best state @ step [3]
	Current best state #nodes: 2
	Current best state energy: -0.375804
		> Current best state dispersal: 0.000000
		> Current best state impurity: 0.768622
	Probability of moving: 3.6442972906863127e-19
Step [193]	propose "split" on `concept:name`
	Current temperature:	0.001
	Current #nodes: 2
	Current energy: -0.375804
		> Current dispersal: 0.000000
		> Current impurity: 0.768622
	----------------------------------------
	Neighbor #nodes: 4
	Neighbor energy: -0.353372
		> Neighbor dispersal: 0.252525
		> Neighbor impurity: 0.768622
	----------------------------------------
	Current best state @ step [3]
	Current best state #nodes: 2
	Current best state energy: -0.375804
		> Current best state dispersal: 0.000000
		> Current best state impurity: 0.768622
	Probability of moving: 3.6442972906863127e-19
Step [193]	propose "merge" on `case:customer_type`
	Current temperature:	0.001
	Current #nodes: 2
	Current energy: -0.375804
		> Current dispersal: 0.000000
		> Current impurity: 0.768622
	----------------------------------------
	Neighbor #nodes: 1
	Neighbor energy: 0.000000
		> Neighbor dispersal: 0.000000
		> Neighbor impurity: 1.000000
	----------------------------------------
	Current best state @ step [3]
	Current best state #nodes: 2
	Current best state energy: -0.375804
		> Current best state dispersal: 0.000000
		> Current best state impurity: 0.768622
	Probability of moving: 1.268901072676534e-309
Step [193]	propose "merge" on `case:customer_type`
	Current temperature:	0.001
	Current #nodes: 2
	Current energy: -0.375804
		> Current dispersal: 0.000000
		> Current impurity: 0.768622
	----------------------------------------
	Neighbor #nodes: 1
	Neighbor energy: 0.000000
		> Neighbor dispersal: 0.000000
		> Neighbor impurity: 1.000000
	----------------------------------------
	Current best state @ step [3]
	Current best state #nodes: 2
	Current best state energy: -0.375804
		> Current best state dispersal: 0.000000
		> Current best state impurity: 0.768622
	Probability of moving: 1.268901072676534e-309
Step [194]	propose "merge" on `case:customer_type`
	Current temperature:	0.001
	Current #nodes: 2
	Current energy: -0.375804
		> Current dispersal: 0.000000
		> Current impurity: 0.768622
	----------------------------------------
	Neighbor #nodes: 1
	Neighbor energy: 0.000000
		> Neighbor dispersal: 0.000000
		> Neighbor impurity: 1.000000
	----------------------------------------
	Current best state @ step [3]
	Current best state #nodes: 2
	Current best state energy: -0.375804
		> Current best state dispersal: 0.000000
		> Current best state impurity: 0.768622
	Probability of moving: 0.0
Step [194]	propose "merge" on `case:customer_type`
	Current temperature:	0.001
	Current #nodes: 2
	Current energy: -0.375804
		> Current dispersal: 0.000000
		> Current impurity: 0.768622
	----------------------------------------
	Neighbor #nodes: 1
	Neighbor energy: 0.000000
		> Neighbor dispersal: 0.000000
		> Neighbor impurity: 1.000000
	----------------------------------------
	Current best state @ step [3]
	Current best state #nodes: 2
	Current best state energy: -0.375804
		> Current best state dispersal: 0.000000
		> Current best state impurity: 0.768622
	Probability of moving: 0.0
Step [194]	propose "merge" on `case:customer_type`
	Current temperature:	0.001
	Current #nodes: 2
	Current energy: -0.375804
		> Current dispersal: 0.000000
		> Current impurity: 0.768622
	----------------------------------------
	Neighbor #nodes: 1
	Neighbor energy: 0.000000
		> Neighbor dispersal: 0.000000
		> Neighbor impurity: 1.000000
	----------------------------------------
	Current best state @ step [3]
	Current best state #nodes: 2
	Current best state energy: -0.375804
		> Current best state dispersal: 0.000000
		> Current best state impurity: 0.768622
	Probability of moving: 0.0
Step [194]	propose "merge" on `case:customer_type`
	Current temperature:	0.001
	Current #nodes: 2
	Current energy: -0.375804
		> Current dispersal: 0.000000
		> Current impurity: 0.768622
	----------------------------------------
	Neighbor #nodes: 1
	Neighbor energy: 0.000000
		> Neighbor dispersal: 0.000000
		> Neighbor impurity: 1.000000
	----------------------------------------
	Current best state @ step [3]
	Current best state #nodes: 2
	Current best state energy: -0.375804
		> Current best state dispersal: 0.000000
		> Current best state impurity: 0.768622
	Probability of moving: 0.0
Step [195]	propose "merge" on `case:customer_type`
	Current temperature:	0.000
	Current #nodes: 2
	Current energy: -0.375804
		> Current dispersal: 0.000000
		> Current impurity: 0.768622
	----------------------------------------
	Neighbor #nodes: 1
	Neighbor energy: 0.000000
		> Neighbor dispersal: 0.000000
		> Neighbor impurity: 1.000000
	----------------------------------------
	Current best state @ step [3]
	Current best state #nodes: 2
	Current best state energy: -0.375804
		> Current best state dispersal: 0.000000
		> Current best state impurity: 0.768622
	Probability of moving: 0.0
Step [195]	propose "merge" on `case:customer_type`
	Current temperature:	0.000
	Current #nodes: 2
	Current energy: -0.375804
		> Current dispersal: 0.000000
		> Current impurity: 0.768622
	----------------------------------------
	Neighbor #nodes: 1
	Neighbor energy: 0.000000
		> Neighbor dispersal: 0.000000
		> Neighbor impurity: 1.000000
	----------------------------------------
	Current best state @ step [3]
	Current best state #nodes: 2
	Current best state energy: -0.375804
		> Current best state dispersal: 0.000000
		> Current best state impurity: 0.768622
	Probability of moving: 0.0
Step [195]	propose "split" on `concept:name`
	Current temperature:	0.000
	Current #nodes: 2
	Current energy: -0.375804
		> Current dispersal: 0.000000
		> Current impurity: 0.768622
	----------------------------------------
	Neighbor #nodes: 4
	Neighbor energy: -0.353372
		> Neighbor dispersal: 0.252525
		> Neighbor impurity: 0.768622
	----------------------------------------
	Current best state @ step [3]
	Current best state #nodes: 2
	Current best state energy: -0.375804
		> Current best state dispersal: 0.000000
		> Current best state impurity: 0.768622
	Probability of moving: 3.712403539148133e-21
Step [195]	propose "merge" on `case:customer_type`
	Current temperature:	0.000
	Current #nodes: 2
	Current energy: -0.375804
		> Current dispersal: 0.000000
		> Current impurity: 0.768622
	----------------------------------------
	Neighbor #nodes: 1
	Neighbor energy: 0.000000
		> Neighbor dispersal: 0.000000
		> Neighbor impurity: 1.000000
	----------------------------------------
	Current best state @ step [3]
	Current best state #nodes: 2
	Current best state energy: -0.375804
		> Current best state dispersal: 0.000000
		> Current best state impurity: 0.768622
	Probability of moving: 0.0
Step [196]	propose "merge" on `case:customer_type`
	Current temperature:	0.000
	Current #nodes: 2
	Current energy: -0.375804
		> Current dispersal: 0.000000
		> Current impurity: 0.768622
	----------------------------------------
	Neighbor #nodes: 1
	Neighbor energy: 0.000000
		> Neighbor dispersal: 0.000000
		> Neighbor impurity: 1.000000
	----------------------------------------
	Current best state @ step [3]
	Current best state #nodes: 2
	Current best state energy: -0.375804
		> Current best state dispersal: 0.000000
		> Current best state impurity: 0.768622
	Probability of moving: 0.0
Step [196]	propose "split" on `concept:name`
	Current temperature:	0.000
	Current #nodes: 2
	Current energy: -0.375804
		> Current dispersal: 0.000000
		> Current impurity: 0.768622
	----------------------------------------
	Neighbor #nodes: 4
	Neighbor energy: -0.353372
		> Neighbor dispersal: 0.252525
		> Neighbor impurity: 0.768622
	----------------------------------------
	Current best state @ step [3]
	Current best state #nodes: 2
	Current best state energy: -0.375804
		> Current best state dispersal: 0.000000
		> Current best state impurity: 0.768622
	Probability of moving: 3.121575702310808e-22
Step [196]	propose "merge" on `case:customer_type`
	Current temperature:	0.000
	Current #nodes: 2
	Current energy: -0.375804
		> Current dispersal: 0.000000
		> Current impurity: 0.768622
	----------------------------------------
	Neighbor #nodes: 1
	Neighbor energy: 0.000000
		> Neighbor dispersal: 0.000000
		> Neighbor impurity: 1.000000
	----------------------------------------
	Current best state @ step [3]
	Current best state #nodes: 2
	Current best state energy: -0.375804
		> Current best state dispersal: 0.000000
		> Current best state impurity: 0.768622
	Probability of moving: 0.0
Step [196]	propose "split" on `concept:name`
	Current temperature:	0.000
	Current #nodes: 2
	Current energy: -0.375804
		> Current dispersal: 0.000000
		> Current impurity: 0.768622
	----------------------------------------
	Neighbor #nodes: 4
	Neighbor energy: -0.353372
		> Neighbor dispersal: 0.252525
		> Neighbor impurity: 0.768622
	----------------------------------------
	Current best state @ step [3]
	Current best state #nodes: 2
	Current best state energy: -0.375804
		> Current best state dispersal: 0.000000
		> Current best state impurity: 0.768622
	Probability of moving: 3.121575702310808e-22
Step [197]	propose "merge" on `case:customer_type`
	Current temperature:	0.000
	Current #nodes: 2
	Current energy: -0.375804
		> Current dispersal: 0.000000
		> Current impurity: 0.768622
	----------------------------------------
	Neighbor #nodes: 1
	Neighbor energy: 0.000000
		> Neighbor dispersal: 0.000000
		> Neighbor impurity: 1.000000
	----------------------------------------
	Current best state @ step [3]
	Current best state #nodes: 2
	Current best state energy: -0.375804
		> Current best state dispersal: 0.000000
		> Current best state impurity: 0.768622
	Probability of moving: 0.0
Step [197]	propose "merge" on `case:customer_type`
	Current temperature:	0.000
	Current #nodes: 2
	Current energy: -0.375804
		> Current dispersal: 0.000000
		> Current impurity: 0.768622
	----------------------------------------
	Neighbor #nodes: 1
	Neighbor energy: 0.000000
		> Neighbor dispersal: 0.000000
		> Neighbor impurity: 1.000000
	----------------------------------------
	Current best state @ step [3]
	Current best state #nodes: 2
	Current best state energy: -0.375804
		> Current best state dispersal: 0.000000
		> Current best state impurity: 0.768622
	Probability of moving: 0.0
Step [197]	propose "merge" on `case:customer_type`
	Current temperature:	0.000
	Current #nodes: 2
	Current energy: -0.375804
		> Current dispersal: 0.000000
		> Current impurity: 0.768622
	----------------------------------------
	Neighbor #nodes: 1
	Neighbor energy: 0.000000
		> Neighbor dispersal: 0.000000
		> Neighbor impurity: 1.000000
	----------------------------------------
	Current best state @ step [3]
	Current best state #nodes: 2
	Current best state energy: -0.375804
		> Current best state dispersal: 0.000000
		> Current best state impurity: 0.768622
	Probability of moving: 0.0
Step [197]	propose "split" on `concept:name`
	Current temperature:	0.000
	Current #nodes: 2
	Current energy: -0.375804
		> Current dispersal: 0.000000
		> Current impurity: 0.768622
	----------------------------------------
	Neighbor #nodes: 4
	Neighbor energy: -0.353372
		> Neighbor dispersal: 0.252525
		> Neighbor impurity: 0.768622
	----------------------------------------
	Current best state @ step [3]
	Current best state #nodes: 2
	Current best state energy: -0.375804
		> Current best state dispersal: 0.000000
		> Current best state impurity: 0.768622
	Probability of moving: 2.3040866744386736e-23
Step [198]	propose "split" on `concept:name`
	Current temperature:	0.000
	Current #nodes: 2
	Current energy: -0.375804
		> Current dispersal: 0.000000
		> Current impurity: 0.768622
	----------------------------------------
	Neighbor #nodes: 4
	Neighbor energy: -0.353372
		> Neighbor dispersal: 0.252525
		> Neighbor impurity: 0.768622
	----------------------------------------
	Current best state @ step [3]
	Current best state #nodes: 2
	Current best state energy: -0.375804
		> Current best state dispersal: 0.000000
		> Current best state impurity: 0.768622
	Probability of moving: 1.4826934919000768e-24
Step [198]	propose "merge" on `case:customer_type`
	Current temperature:	0.000
	Current #nodes: 2
	Current energy: -0.375804
		> Current dispersal: 0.000000
		> Current impurity: 0.768622
	----------------------------------------
	Neighbor #nodes: 1
	Neighbor energy: 0.000000
		> Neighbor dispersal: 0.000000
		> Neighbor impurity: 1.000000
	----------------------------------------
	Current best state @ step [3]
	Current best state #nodes: 2
	Current best state energy: -0.375804
		> Current best state dispersal: 0.000000
		> Current best state impurity: 0.768622
	Probability of moving: 0.0
Step [198]	propose "merge" on `case:customer_type`
	Current temperature:	0.000
	Current #nodes: 2
	Current energy: -0.375804
		> Current dispersal: 0.000000
		> Current impurity: 0.768622
	----------------------------------------
	Neighbor #nodes: 1
	Neighbor energy: 0.000000
		> Neighbor dispersal: 0.000000
		> Neighbor impurity: 1.000000
	----------------------------------------
	Current best state @ step [3]
	Current best state #nodes: 2
	Current best state energy: -0.375804
		> Current best state dispersal: 0.000000
		> Current best state impurity: 0.768622
	Probability of moving: 0.0
Step [198]	propose "merge" on `case:customer_type`
	Current temperature:	0.000
	Current #nodes: 2
	Current energy: -0.375804
		> Current dispersal: 0.000000
		> Current impurity: 0.768622
	----------------------------------------
	Neighbor #nodes: 1
	Neighbor energy: 0.000000
		> Neighbor dispersal: 0.000000
		> Neighbor impurity: 1.000000
	----------------------------------------
	Current best state @ step [3]
	Current best state #nodes: 2
	Current best state energy: -0.375804
		> Current best state dispersal: 0.000000
		> Current best state impurity: 0.768622
	Probability of moving: 0.0
Step [199]	propose "merge" on `case:customer_type`
	Current temperature:	0.000
	Current #nodes: 2
	Current energy: -0.375804
		> Current dispersal: 0.000000
		> Current impurity: 0.768622
	----------------------------------------
	Neighbor #nodes: 1
	Neighbor energy: 0.000000
		> Neighbor dispersal: 0.000000
		> Neighbor impurity: 1.000000
	----------------------------------------
	Current best state @ step [3]
	Current best state #nodes: 2
	Current best state energy: -0.375804
		> Current best state dispersal: 0.000000
		> Current best state impurity: 0.768622
	Probability of moving: 0.0
Step [199]	propose "split" on `concept:name`
	Current temperature:	0.000
	Current #nodes: 2
	Current energy: -0.375804
		> Current dispersal: 0.000000
		> Current impurity: 0.768622
	----------------------------------------
	Neighbor #nodes: 4
	Neighbor energy: -0.353372
		> Neighbor dispersal: 0.252525
		> Neighbor impurity: 0.768622
	----------------------------------------
	Current best state @ step [3]
	Current best state #nodes: 2
	Current best state energy: -0.375804
		> Current best state dispersal: 0.000000
		> Current best state impurity: 0.768622
	Probability of moving: 8.258405257647313e-26
Step [199]	propose "split" on `concept:name`
	Current temperature:	0.000
	Current #nodes: 2
	Current energy: -0.375804
		> Current dispersal: 0.000000
		> Current impurity: 0.768622
	----------------------------------------
	Neighbor #nodes: 4
	Neighbor energy: -0.353372
		> Neighbor dispersal: 0.252525
		> Neighbor impurity: 0.768622
	----------------------------------------
	Current best state @ step [3]
	Current best state #nodes: 2
	Current best state energy: -0.375804
		> Current best state dispersal: 0.000000
		> Current best state impurity: 0.768622
	Probability of moving: 8.258405257647313e-26
Step [199]	propose "split" on `concept:name`
	Current temperature:	0.000
	Current #nodes: 2
	Current energy: -0.375804
		> Current dispersal: 0.000000
		> Current impurity: 0.768622
	----------------------------------------
	Neighbor #nodes: 4
	Neighbor energy: -0.353372
		> Neighbor dispersal: 0.252525
		> Neighbor impurity: 0.768622
	----------------------------------------
	Current best state @ step [3]
	Current best state #nodes: 2
	Current best state energy: -0.375804
		> Current best state dispersal: 0.000000
		> Current best state impurity: 0.768622
	Probability of moving: 8.258405257647313e-26
Step [200]	propose "merge" on `case:customer_type`
	Current temperature:	0.000
	Current #nodes: 2
	Current energy: -0.375804
		> Current dispersal: 0.000000
		> Current impurity: 0.768622
	----------------------------------------
	Neighbor #nodes: 1
	Neighbor energy: 0.000000
		> Neighbor dispersal: 0.000000
		> Neighbor impurity: 1.000000
	----------------------------------------
	Current best state @ step [3]
	Current best state #nodes: 2
	Current best state energy: -0.375804
		> Current best state dispersal: 0.000000
		> Current best state impurity: 0.768622
	Probability of moving: 0.0
Step [200]	propose "split" on `concept:name`
	Current temperature:	0.000
	Current #nodes: 2
	Current energy: -0.375804
		> Current dispersal: 0.000000
		> Current impurity: 0.768622
	----------------------------------------
	Neighbor #nodes: 4
	Neighbor energy: -0.353372
		> Neighbor dispersal: 0.252525
		> Neighbor impurity: 0.768622
	----------------------------------------
	Current best state @ step [3]
	Current best state #nodes: 2
	Current best state energy: -0.375804
		> Current best state dispersal: 0.000000
		> Current best state impurity: 0.768622
	Probability of moving: 3.951234747968114e-27
Step [200]	propose "split" on `concept:name`
	Current temperature:	0.000
	Current #nodes: 2
	Current energy: -0.375804
		> Current dispersal: 0.000000
		> Current impurity: 0.768622
	----------------------------------------
	Neighbor #nodes: 4
	Neighbor energy: -0.353372
		> Neighbor dispersal: 0.252525
		> Neighbor impurity: 0.768622
	----------------------------------------
	Current best state @ step [3]
	Current best state #nodes: 2
	Current best state energy: -0.375804
		> Current best state dispersal: 0.000000
		> Current best state impurity: 0.768622
	Probability of moving: 3.951234747968114e-27
Step [200]	propose "merge" on `case:customer_type`
	Current temperature:	0.000
	Current #nodes: 2
	Current energy: -0.375804
		> Current dispersal: 0.000000
		> Current impurity: 0.768622
	----------------------------------------
	Neighbor #nodes: 1
	Neighbor energy: 0.000000
		> Neighbor dispersal: 0.000000
		> Neighbor impurity: 1.000000
	----------------------------------------
	Current best state @ step [3]
	Current best state #nodes: 2
	Current best state energy: -0.375804
		> Current best state dispersal: 0.000000
		> Current best state impurity: 0.768622
	Probability of moving: 0.0
Step [201]	propose "split" on `concept:name`
	Current temperature:	0.000
	Current #nodes: 2
	Current energy: -0.375804
		> Current dispersal: 0.000000
		> Current impurity: 0.768622
	----------------------------------------
	Neighbor #nodes: 4
	Neighbor energy: -0.353372
		> Neighbor dispersal: 0.252525
		> Neighbor impurity: 0.768622
	----------------------------------------
	Current best state @ step [3]
	Current best state #nodes: 2
	Current best state energy: -0.375804
		> Current best state dispersal: 0.000000
		> Current best state impurity: 0.768622
	Probability of moving: 1.6109690323077805e-28
Step [201]	propose "split" on `concept:name`
	Current temperature:	0.000
	Current #nodes: 2
	Current energy: -0.375804
		> Current dispersal: 0.000000
		> Current impurity: 0.768622
	----------------------------------------
	Neighbor #nodes: 4
	Neighbor energy: -0.353372
		> Neighbor dispersal: 0.252525
		> Neighbor impurity: 0.768622
	----------------------------------------
	Current best state @ step [3]
	Current best state #nodes: 2
	Current best state energy: -0.375804
		> Current best state dispersal: 0.000000
		> Current best state impurity: 0.768622
	Probability of moving: 1.6109690323077805e-28
Step [201]	propose "merge" on `case:customer_type`
	Current temperature:	0.000
	Current #nodes: 2
	Current energy: -0.375804
		> Current dispersal: 0.000000
		> Current impurity: 0.768622
	----------------------------------------
	Neighbor #nodes: 1
	Neighbor energy: 0.000000
		> Neighbor dispersal: 0.000000
		> Neighbor impurity: 1.000000
	----------------------------------------
	Current best state @ step [3]
	Current best state #nodes: 2
	Current best state energy: -0.375804
		> Current best state dispersal: 0.000000
		> Current best state impurity: 0.768622
	Probability of moving: 0.0
Step [201]	propose "merge" on `case:customer_type`
	Current temperature:	0.000
	Current #nodes: 2
	Current energy: -0.375804
		> Current dispersal: 0.000000
		> Current impurity: 0.768622
	----------------------------------------
	Neighbor #nodes: 1
	Neighbor energy: 0.000000
		> Neighbor dispersal: 0.000000
		> Neighbor impurity: 1.000000
	----------------------------------------
	Current best state @ step [3]
	Current best state #nodes: 2
	Current best state energy: -0.375804
		> Current best state dispersal: 0.000000
		> Current best state impurity: 0.768622
	Probability of moving: 0.0
Step [202]	propose "split" on `concept:name`
	Current temperature:	0.000
	Current #nodes: 2
	Current energy: -0.375804
		> Current dispersal: 0.000000
		> Current impurity: 0.768622
	----------------------------------------
	Neighbor #nodes: 4
	Neighbor energy: -0.353372
		> Neighbor dispersal: 0.252525
		> Neighbor impurity: 0.768622
	----------------------------------------
	Current best state @ step [3]
	Current best state #nodes: 2
	Current best state energy: -0.375804
		> Current best state dispersal: 0.000000
		> Current best state impurity: 0.768622
	Probability of moving: 5.55011915969014e-30
Step [202]	propose "split" on `concept:name`
	Current temperature:	0.000
	Current #nodes: 2
	Current energy: -0.375804
		> Current dispersal: 0.000000
		> Current impurity: 0.768622
	----------------------------------------
	Neighbor #nodes: 4
	Neighbor energy: -0.353372
		> Neighbor dispersal: 0.252525
		> Neighbor impurity: 0.768622
	----------------------------------------
	Current best state @ step [3]
	Current best state #nodes: 2
	Current best state energy: -0.375804
		> Current best state dispersal: 0.000000
		> Current best state impurity: 0.768622
	Probability of moving: 5.55011915969014e-30
Step [202]	propose "merge" on `case:customer_type`
	Current temperature:	0.000
	Current #nodes: 2
	Current energy: -0.375804
		> Current dispersal: 0.000000
		> Current impurity: 0.768622
	----------------------------------------
	Neighbor #nodes: 1
	Neighbor energy: 0.000000
		> Neighbor dispersal: 0.000000
		> Neighbor impurity: 1.000000
	----------------------------------------
	Current best state @ step [3]
	Current best state #nodes: 2
	Current best state energy: -0.375804
		> Current best state dispersal: 0.000000
		> Current best state impurity: 0.768622
	Probability of moving: 0.0
Step [202]	propose "merge" on `case:customer_type`
	Current temperature:	0.000
	Current #nodes: 2
	Current energy: -0.375804
		> Current dispersal: 0.000000
		> Current impurity: 0.768622
	----------------------------------------
	Neighbor #nodes: 1
	Neighbor energy: 0.000000
		> Neighbor dispersal: 0.000000
		> Neighbor impurity: 1.000000
	----------------------------------------
	Current best state @ step [3]
	Current best state #nodes: 2
	Current best state energy: -0.375804
		> Current best state dispersal: 0.000000
		> Current best state impurity: 0.768622
	Probability of moving: 0.0
Restart search at step [203], using best state found at step [3]
Step [203]	propose "merge" on `case:customer_type`
	Current temperature:	0.000
	Current #nodes: 2
	Current energy: -0.375804
		> Current dispersal: 0.000000
		> Current impurity: 0.768622
	----------------------------------------
	Neighbor #nodes: 1
	Neighbor energy: 0.000000
		> Neighbor dispersal: 0.000000
		> Neighbor impurity: 1.000000
	----------------------------------------
	Current best state @ step [3]
	Current best state #nodes: 2
	Current best state energy: -0.375804
		> Current best state dispersal: 0.000000
		> Current best state impurity: 0.768622
	Probability of moving: 0.0
Step [203]	propose "merge" on `case:customer_type`
	Current temperature:	0.000
	Current #nodes: 2
	Current energy: -0.375804
		> Current dispersal: 0.000000
		> Current impurity: 0.768622
	----------------------------------------
	Neighbor #nodes: 1
	Neighbor energy: 0.000000
		> Neighbor dispersal: 0.000000
		> Neighbor impurity: 1.000000
	----------------------------------------
	Current best state @ step [3]
	Current best state #nodes: 2
	Current best state energy: -0.375804
		> Current best state dispersal: 0.000000
		> Current best state impurity: 0.768622
	Probability of moving: 0.0
Step [203]	propose "merge" on `case:customer_type`
	Current temperature:	0.000
	Current #nodes: 2
	Current energy: -0.375804
		> Current dispersal: 0.000000
		> Current impurity: 0.768622
	----------------------------------------
	Neighbor #nodes: 1
	Neighbor energy: 0.000000
		> Neighbor dispersal: 0.000000
		> Neighbor impurity: 1.000000
	----------------------------------------
	Current best state @ step [3]
	Current best state #nodes: 2
	Current best state energy: -0.375804
		> Current best state dispersal: 0.000000
		> Current best state impurity: 0.768622
	Probability of moving: 0.0
Step [203]	propose "split" on `concept:name`
	Current temperature:	0.000
	Current #nodes: 2
	Current energy: -0.375804
		> Current dispersal: 0.000000
		> Current impurity: 0.768622
	----------------------------------------
	Neighbor #nodes: 4
	Neighbor energy: -0.353372
		> Neighbor dispersal: 0.252525
		> Neighbor impurity: 0.768622
	----------------------------------------
	Current best state @ step [3]
	Current best state #nodes: 2
	Current best state energy: -0.375804
		> Current best state dispersal: 0.000000
		> Current best state impurity: 0.768622
	Probability of moving: 1.6015066437637942e-31
Step [204]	propose "split" on `concept:name`
	Current temperature:	0.000
	Current #nodes: 2
	Current energy: -0.375804
		> Current dispersal: 0.000000
		> Current impurity: 0.768622
	----------------------------------------
	Neighbor #nodes: 4
	Neighbor energy: -0.353372
		> Neighbor dispersal: 0.252525
		> Neighbor impurity: 0.768622
	----------------------------------------
	Current best state @ step [3]
	Current best state #nodes: 2
	Current best state energy: -0.375804
		> Current best state dispersal: 0.000000
		> Current best state impurity: 0.768622
	Probability of moving: 3.834550556229595e-33
Step [204]	propose "merge" on `case:customer_type`
	Current temperature:	0.000
	Current #nodes: 2
	Current energy: -0.375804
		> Current dispersal: 0.000000
		> Current impurity: 0.768622
	----------------------------------------
	Neighbor #nodes: 1
	Neighbor energy: 0.000000
		> Neighbor dispersal: 0.000000
		> Neighbor impurity: 1.000000
	----------------------------------------
	Current best state @ step [3]
	Current best state #nodes: 2
	Current best state energy: -0.375804
		> Current best state dispersal: 0.000000
		> Current best state impurity: 0.768622
	Probability of moving: 0.0
Step [204]	propose "split" on `concept:name`
	Current temperature:	0.000
	Current #nodes: 2
	Current energy: -0.375804
		> Current dispersal: 0.000000
		> Current impurity: 0.768622
	----------------------------------------
	Neighbor #nodes: 4
	Neighbor energy: -0.353372
		> Neighbor dispersal: 0.252525
		> Neighbor impurity: 0.768622
	----------------------------------------
	Current best state @ step [3]
	Current best state #nodes: 2
	Current best state energy: -0.375804
		> Current best state dispersal: 0.000000
		> Current best state impurity: 0.768622
	Probability of moving: 3.834550556229595e-33
Step [204]	propose "merge" on `case:customer_type`
	Current temperature:	0.000
	Current #nodes: 2
	Current energy: -0.375804
		> Current dispersal: 0.000000
		> Current impurity: 0.768622
	----------------------------------------
	Neighbor #nodes: 1
	Neighbor energy: 0.000000
		> Neighbor dispersal: 0.000000
		> Neighbor impurity: 1.000000
	----------------------------------------
	Current best state @ step [3]
	Current best state #nodes: 2
	Current best state energy: -0.375804
		> Current best state dispersal: 0.000000
		> Current best state impurity: 0.768622
	Probability of moving: 0.0

Search ended with final system temperature:	0.0002855061573883502
Select best state @ step [3] with:
	 #Nodes:	2
	 Energy:	-0.375804
		> dispersal:	0.000000
		> impurity:	0.768622
Search history is written to file "SASearchMiner_20251202-010743.734514__search.csv".
Unique states history is written to file "SASearchMiner_20251202-010743.734514__states.csv".
--------------------------------------------------------------------------------
Count of Types in the current SASearchMiner:
Number of C Types:		2
Number of A Types:		1
Number of T Types:		1
--------------------------------------------------------------------------------
Resource Log derived: 2000 events mapped onto 2 execution contexts.

# execution contexts: 2
Dispersal:	0.000000
Impurity:	0.768622
{'CT.0': (`case:customer_type` ∈ {'General'}), 'CT.1': (`case:customer_type` ∈ {'VIP'}), 'AT.0': ⊥ (null), 'TT.0': ⊥ (null)}
Output miner to SASearchMiner-sepsis_20251202-010743.778280_T0-10.miner
Collated_result,2,2,1,1,0.000000,0.768622
